,symbol,returns,sharpe,sortino,calmar,returns_ann,profitFactor,sqn
0,SPY,-0.5900399999998627,0.0,0.0,0.0,-6.024652565555632,0.0,
1,IVV,7.959140000000275,3.2909512338076654,inf,,123.47238877454427,,2.44996414148672
2,VOO,0.0,,,,0.0,,
3,VTI,1.2362400000002527,0.929032987457647,1.5845437009776082,3.095421449284078,13.770081856016759,2.257576306603757,0.37651444548002727
4,QQQ,0.0,,,,0.0,,
5,VEA,0.19583999999996743,0.22960166290358205,0.36272463005777406,0.8375997622643797,2.075555243305316,,
6,VUG,-1.5245799999998124,0.0,0.0,0.0,-14.897496033837488,0.5130049428184291,-0.33558734057957673
7,VTV,3.6069299999999056,1.6535977244711337,8.363321265027972,12.064538092855967,45.07161798974344,,
8,IEFA,10.60847999999963,3.218109684451634,inf,,363.39244795358496,,3.763578640582836
9,AGG,0.878850000000035,3.0180086214170765,inf,24.636201800738178,9.622900423366332,,
10,BND,0.0,,,,0.0,,
11,IWF,4.588639999999912,2.757003081763229,28.533678951099507,48.426914356654855,97.84587987653282,,1.179829478252817
12,IJH,-1.0259399999999876,0.0,0.0,0.0,-10.262379302715786,0.9238793120284424,-0.0930534427528786
13,VIG,1.2693099999999977,0.9810897110385851,2.2640568640549166,7.494172454490726,14.160913328281355,1.703984572190169,0.2514236930250408
14,IJR,6.461000000000072,2.233175567493163,inf,,92.97483707615848,,
15,IEMG,6.962280000000202,2.96584505658942,85.79043276567143,283.97179783720253,102.73178455303453,,1.5565607233105767
16,VWO,3.1132700000001785,1.851441555770649,10.256415474887797,33.94938861917744,37.975786109409725,3.8259385665531895,0.5818685087478569
17,VXUS,-2.1036799999999203,0.0,0.0,0.0,-20.00794578967251,0.34926024343664447,-0.6844179685992163
18,VGT,-6.116939999999959,0.0,0.0,0.0,-48.45744030280885,0.0,-1.0108873486628691
19,GLD,-1.2429400000000896,0.0,0.0,0.0,-12.306863997313455,0.0,
20,IWM,-2.4417100000000063,0.0,0.0,0.0,-22.861021459457852,0.0,
21,VO,0.2831399999999267,0.2045314612799288,0.47234007541684264,0.8832068191573221,4.393792465084401,1.1020431830599087,0.050157242829796424
22,XLK,-8.254010000000008,0.0,0.0,0.0,-59.52708739358048,0.3763436727937643,-0.7549670929770088
23,RSP,3.0634499999999534,1.1901618750274179,4.622316270474483,8.789941142034975,37.277417268073876,2.642921520476685,0.606632891447487
24,TLT,0.0,,,,0.0,,
25,SCHD,2.9926199999999956,1.3141508252074574,3.89429251675592,11.048876846619578,36.29003871101231,2.4693573411725653,0.40246431424443735
26,VB,2.213780000000057,0.7970523251452868,1.946106987816772,3.7921061089948944,25.8488404360643,1.5071318369882414,0.2055577318478427
27,ITOT,0.273600000000064,0.2955101531837541,0.4043089242154396,1.0263982392041722,4.242859791235931,1.2484105518283486,0.10334511830298113
28,BNDX,0.0,,,,0.0,,
29,IWD,0.0,,,,0.0,,
30,VYM,3.5459599999999774,1.5679731977914468,7.278555756941847,11.340496276603936,44.17772504662136,,
31,EFA,6.898989999999962,3.031191280029405,inf,,101.47576820449716,,2.787932546401844
32,VCIT,0.11933000000005996,0.8569747467012517,1.6008030639026845,5.298760122604795,1.2600910907647922,,
33,IVW,-1.4466100000000444,0.0,0.0,0.0,-14.18732122026859,0.6854375728450532,-0.2405797378788418
34,QUAL,-0.2893999999999069,0.0,0.0,0.0,-4.311946343542883,0.0,
35,SCHX,1.1284800000000685,1.0208027195327314,1.7452720694930468,3.4219982016891044,12.504925550068702,1.581547552153923,0.2967928509472946
36,SPLG,5.931200000000157,2.8006835803433856,14.10763055794981,46.697155890407295,83.12636145345084,,1.958708344864971
37,XLF,-2.877019999999844,0.0,0.0,0.0,-26.3994613968344,0.8430545490008184,-0.21933476030241777
38,XLV,3.077199999999939,1.7465138892091876,9.97626288799473,8.837590959497085,37.46984233891162,13.18382305248011,0.8546258442943698
39,SCHF,0.0,,,,0.0,,
40,VEU,0.2326800000000512,0.17164599906247832,0.33217003015172636,1.5611225898228152,3.5977727242030966,1.0938636236571126,0.038801566645581057
41,VT,6.136890000000057,2.883525843196935,inf,206.68278276126725,86.89460187269657,,5.456097827543336
42,MUB,0.0,,,,0.0,,
43,VNQ,8.52742999999998,3.454600955953086,66.8912674625522,30.483448049639534,136.1374923410221,,6.669171799735435
44,IXUS,9.72702999999962,3.387984103163312,51.574495929401806,118.98673214000148,310.30143442029345,3.381519816101315,1.4143618110890541
45,VV,-5.295880000000063,0.0,0.0,0.0,-56.28706748955838,0.0,-4.280718592098215
46,IWB,-0.46200999999998027,0.0,0.0,0.0,-6.800407433436096,0.812330130545753,-0.15362533233237405
47,IWR,-2.3128000000000317,0.0,0.0,0.0,-29.94360736982784,0.0,
48,VCSH,0.0,,,,0.0,,
49,XLE,0.13177999999999884,0.0799995098801586,0.1697502591867754,0.21585677697961864,1.3923836959689684,1.066997063835656,0.020569311257959612
50,JEPI,0.0,,,,0.0,,
51,IEF,-0.700420000000071,0.0,0.0,0.0,-7.114521702643439,0.0,
52,IVE,-1.1294799999999958,0.0,0.0,0.0,-15.865420557362665,0.0,
53,DIA,0.6201799999999348,0.4845804880012041,0.9337052754846261,1.0528157457305198,6.707131158695612,1.1363979616426,0.07666516219356466
54,BIL,0.0,,,,0.0,,
55,VTEB,0.0,0.0,0.0,0.0,0.0,,
56,MBB,0.3078300000000163,3.724432331066138,inf,,4.785362304435425,,
57,BSV,0.12513000000006289,1.3734314846508817,3.157754340055034,3.4885283511698932,1.321701937915809,1.992111959287883,0.3310054757558924
58,IUSB,0.0,,,0.0,0.0,,
59,SCHG,0.828239999999947,0.21295742600217943,0.45931823139609945,1.6945237421062238,9.046808080543766,1.2015323405160776,0.09790083688205763
60,QQQM,-3.296540000000023,0.0,0.0,0.0,-29.669915608925855,0.0,
61,VBR,1.5147000000000552,0.8623276207897612,1.9750533202159517,6.537552313064968,17.09917165108188,,
62,LQD,0.0,,,,0.0,,
63,VGIT,0.8175000000000727,3.0284514668132516,inf,,8.92490782188946,,
64,SCHB,1.9864000000001543,2.8371906055327405,inf,,22.94015340186235,,
65,IAU,-1.2582000000000406,0.0,0.0,0.0,-12.449038770345854,0.0,
66,DFAC,0.9288600000000298,0.6998318932622148,1.6899955367678328,5.144057293058961,15.097808155127247,1.3562944633467904,0.1366199627584732
67,DGRO,3.770390000000072,1.63483061390398,8.400341346392503,14.768413292603576,47.49293366727407,,
68,SPYG,2.1368200000000215,3.9206292830108342,inf,,24.857457494989667,,3.5458829776644483
69,GOVT,0.0,,,,0.0,,
70,JPST,0.0,,,,0.0,,
71,SGOV,0.0,,,,0.0,,
72,COWZ,-1.0417199999999138,0.0,0.0,0.0,-14.722472209020786,0.0,
73,USMV,4.203940000000104,2.016719230893245,17.37317588297767,30.127351477478236,87.06303006988558,,
74,SPYV,-1.950300000000032,0.0,0.0,0.0,-18.682161409508367,0.0,
75,SHY,0.0,,,,0.0,,
76,SMH,-1.0004799999999814,0.0,0.0,0.0,-10.019700645132746,0.7675906901546266,-0.14566250465896208
77,MDY,11.217580000000044,2.569109714607921,inf,,205.36631630294985,,3.705326647773076
78,MGK,0.0,,,,0.0,,
79,VXF,12.06264,2.6725573781610104,44.84898426103199,175.0170193115559,465.2194338463357,,3.1905186455420225
80,VONG,-2.6585200000001494,0.0,0.0,0.0,-24.64216321643835,0.21917004480475313,-0.6504692836940169
81,IBIT,23.915319999999962,2.4645271221974134,inf,3012.811638772232,850.1945362267003,,11.756275009093557
82,SDY,-5.045659999999988,0.0,0.0,0.0,-54.49722538087962,0.0,-2.498667881585059
83,IGSB,-0.0016199999999953435,0.0,0.0,0.0,-0.01700869113957504,0.9933523266861541,-0.004962354398843863
84,SPDW,4.425959999999905,3.2744796270795455,inf,,57.575612164828385,,2.0188844490667255
85,VGSH,0.1679899999999616,3.1419121016624283,inf,,1.778037248950337,,
86,DVY,-1.550639999999854,0.0,0.0,0.0,-21.154033972719034,0.0,
87,BIV,-0.8910299999999115,0.0,0.0,0.0,-8.969671813873681,0.0,-1.0000000000000002
88,VGK,-4.6705799999999,0.0,0.0,0.0,-39.482220803975444,0.23448805794805241,-1.0295847668354041
89,XLI,4.273359999999913,1.3713950227052474,5.048837421478065,12.529807015406233,55.17450346131228,2.5732546121266813,0.6644648968086045
90,SHV,0.0,,,,0.0,,
91,IUSG,1.4119200000000565,0.71351415099554,1.6023081092788523,6.383054387194068,23.76664545150806,,
92,IUSV,3.8707200000000013,1.8903275713365966,12.833897169592797,21.671596836958905,78.16943453959912,,
93,EFV,-0.20736000000008786,0.0,0.0,0.0,-3.1075651434449902,0.8976127320954571,-0.061742952084924065
94,XLP,2.0686600000000763,1.918480713399065,5.276650227310479,11.13639294397364,23.98534039487061,2.266157077437019,0.38041523382188797
95,SCHA,8.790790000000037,2.9026946604354973,inf,,142.22411053412017,,4.749955422513631
96,ACWI,6.462579999999958,2.492506569904509,13.345839007331097,44.17557732701126,93.00491079559059,19.63632967912117,1.4786963351344484
97,VHT,5.092019999999786,2.9536428709514855,35.51280288786051,141.47101357237568,112.83340484317041,,1.6976908561101638
98,XLY,0.8059499999998807,3.0304226710189637,inf,,8.793951568949199,,
99,USHY,-0.5335399999998918,0.0,0.0,0.0,-5.462318298736624,0.0,
100,VMBS,2.313639999999985,4.618860689333887,inf,199.1564537018799,41.603022483413966,,11.659141302150427
101,TIP,0.0,,,,0.0,,
102,MOAT,7.345889999999927,3.1682590334494147,inf,,110.49748978365716,,194.79952267324018
103,IYW,4.23606999999992,0.9525550556570409,2.8572981338092163,7.9860228067470524,54.59281416739499,1.8310360097045288,0.34644448406223
104,XLC,2.6485200000001057,1.2068388102278589,4.05102198690157,12.27094338991747,31.584055165121327,2.0781480674086628,0.3790299656231952
105,XLU,0.5181200000000826,1.9173309839890875,6.50274068306728,1.9226069499904355,5.576133323957166,,
106,VOE,3.971840000000099,1.7485052092729596,10.825245659476222,19.085164810073046,80.82565931327746,,
107,VBK,-6.924269999999917,0.0,0.0,0.0,-66.42203588766161,0.12493964805393083,-1.3942232754130233
108,EEM,-0.7280099999998637,0.0,0.0,0.0,-7.385146952318622,0.619480594933832,-0.24381511833908273
109,USFR,0.0,,,,0.0,,
110,FNDX,6.997600000000063,1.9704040535905913,22.289882369072604,51.85021693215205,179.7242620433034,,1.791023383430916
111,EMXC,-1.181320000000007,0.0,0.0,0.0,-11.730633862830398,0.0,
112,HYG,-0.8735299999999115,0.0,0.0,0.0,-8.800758152467125,0.0,-1.0
113,JEPQ,0.0,,,,0.0,,
114,EMB,-0.12122000000005938,0.0,0.0,0.0,-1.827762503784769,0.8449620685970073,-0.08777824443514486
115,PFF,0.0,,,,0.0,,
116,IEI,-0.41234999999997674,0.0,0.0,0.0,-4.245854443079211,0.0,
117,GDX,-4.460399999999995,0.0,0.0,0.0,-38.06646115518766,0.0,
118,EFG,7.050520000000033,3.3463111068520335,inf,,181.83572837444632,,9.526184942982605
119,VGLT,-2.1018399999999238,0.0,0.0,0.0,-19.99215781654744,0.0,
120,IGIB,0.1860899999999674,3.7609510293713693,inf,15.439724778106388,2.8678416174914068,,
121,EWJ,2.729159999999974,2.7236568213809003,inf,,32.67351588136928,,
122,IWV,-0.5052899999997462,0.0,0.0,0.0,-7.414809973510261,0.7919941693964658,-0.16589911132269827
123,IWP,-2.26825,0.0,0.0,0.0,-29.456138339860104,0.1632281013783659,-0.7204109828333791
124,IDEV,2.0918900000001592,1.120372637021288,2.9961629842085586,12.604797808855915,37.00670882404189,1.497449264430222,0.3015513313221557
125,DGRW,-1.5035999999998748,0.0,0.0,0.0,-14.706928541479913,0.0,
126,SOXX,0.0,,,,0.0,,
127,SLV,6.263640000000057,3.2983401594331183,inf,,89.25145518082284,,6.514039685510836
128,VOT,-6.131580000000001,0.0,0.0,0.0,-61.79963476463284,0.2342809023435815,-1.3163282630798363
129,FNDF,-2.5274200000000855,0.0,0.0,0.0,-32.24821067720496,0.3494231410786062,-0.7373546927847113
130,VCLT,-2.2231800000000805,0.0,0.0,0.0,-21.027290235723072,0.0,
131,IWS,0.0,,,,0.0,,
132,AVUV,4.297219999999972,1.16806533041269,3.846387474118261,10.910018107348696,55.5477354166823,2.5288162612875804,0.49097681337045346
133,OEF,-1.7084800000001126,0.0,0.0,0.0,-23.054786140957717,0.7474848815792247,-0.2777261684400697
134,GBTC,0.0,,,,0.0,,
135,ESGU,6.784760000000096,2.043241679359112,15.012616626686096,37.233622664486624,171.38045805270767,6.108202147319488,0.9409402306742433
136,GSLC,-5.300610000000161,0.0,0.0,0.0,-56.320259208480174,0.0,-2.6365405428596405
137,VOOG,-1.6574799999999958,0.0,0.0,0.0,-16.095743349162937,0.42176942550635277,-0.41846467686309163
138,SCHM,-6.773240000000136,0.0,0.0,0.0,-65.5837811113268,0.0,-2.5647662900244943
139,IWN,11.585779999999826,2.156332761302401,29.107141495513197,84.2712901655083,216.14983705120488,,1.6576558763107887
140,NOBL,5.419539999999877,3.068462252192987,inf,,123.1474791885904,,1.5367867654981646
141,USIG,-1.1403000000000465,0.0,0.0,0.0,-16.005340294878412,0.0,-1.0000000000000002
142,JAAA,0.0,,,0.0,0.0,,
143,FBND,0.0,,,,0.0,,
144,BBJP,-1.0193400000000403,0.0,0.0,0.0,-10.199526598738428,0.0,
145,SCHV,5.652859999999971,2.2175124264170347,18.027139174584548,33.27681738246911,130.77785324509193,,2.754348694660773
146,MINT,0.0,,,,0.0,,
147,RDVY,-2.1052399999999905,0.0,0.0,0.0,-27.645328750310604,0.45218632412092125,-0.3933969174652013
148,VTIP,0.0,0.0,0.0,0.0,0.0,,
149,SPTL,0.0,0.0,0.0,0.0,0.0,,
150,HDV,-3.9670700000000365,0.0,0.0,0.0,-45.96934521816195,0.0,-5.0808018578718706
151,IWO,4.362300000000192,2.0422353842418546,9.211037967759266,26.498429799246544,91.43347608214513,2.3007046986623587,0.5682887127594853
152,SCHP,-0.37111999999992257,0.0,0.0,0.0,-5.497713757661648,0.0,
153,DYNF,-0.644350000000035,0.0,0.0,0.0,-9.36339027279811,0.6981096247678952,-0.25278064720373483
154,SPSM,13.445189999999856,1.9480995708165758,36.91062054974647,122.17650545519156,276.05720300184277,,4.764705882352765
155,FTEC,4.877679999999862,1.5356799498624927,5.258961535354638,17.407497710501424,64.88162288850336,3.621313632472216,0.6912460910225235
156,AAPL,0.7717999999999446,0.4738479814190883,0.8668790272342127,1.001022112517486,8.407584723034333,,
157,MSFT,-3.8878999999999797,0.0,0.0,0.0,-34.056848629001145,0.0,
158,NVDA,31.202100000000122,0.6963102195078401,inf,244.74604609062163,1631.3236302635626,,
159,GOOGL,23.603069999999992,1.5991680338898329,inf,13348.92355261624,825.352507025549,,3.2607726197037903
160,GOOG,9.1617000000001,3.420167983105712,inf,,151.03718099051267,,1.5767598434547605
161,AMZN,0.0,,,,0.0,,
162,META,-7.478789999999906,0.0,0.0,0.0,-55.78865872114716,0.0,
163,LLY,-1.566719999999943,0.0,0.0,0.0,-15.279102509918873,0.0,
164,AVGO,-8.773919999999984,0.0,0.0,0.0,-61.87150683260045,0.0,
165,TSLA,11.278320000000036,0.87799846429984,4.917594087455041,16.277549710729406,207.12196930041955,9.906621816420655,1.286267105734002
166,WMT,7.44694000000006,1.6999209900790708,7.01428809675225,15.598781052499607,112.58741074830945,2.1307157579614464,0.6723191966595979
167,JPM,8.122800000000032,2.7201660181460925,inf,948.362283822538,127.05521469989706,,
168,V,1.501349999999962,1.126841726147671,2.967989060158668,5.850110114364277,16.937578041987834,3.155933945933313,0.5807107221071542
169,UNH,-3.1322400000000195,0.0,0.0,0.0,-28.40508142826873,0.0,
170,XOM,-0.2737200000000157,0.0,0.0,0.0,-2.836980653242116,0.0,
171,ORCL,-5.846439999999973,0.0,0.0,0.0,-46.87660419310096,0.6533609011990066,-0.29046296330620375
172,MA,17.28971000000005,2.58526432585937,43.726802914624045,144.73850331604208,433.616292544389,,2.21305038793472
173,PG,-5.916919999999955,0.0,0.0,0.0,-47.29266862932714,0.3752988418979297,-0.8089065537295258
174,COST,-3.911239999999991,0.0,0.0,0.0,-34.22479896641614,0.6073430035565365,-0.4303555229166224
175,JNJ,11.87972999999998,2.661168784755137,58.04578510256898,68.04139126907525,225.004819333223,,3.0313960319583786
176,HD,-8.387819999999948,0.0,0.0,0.0,-60.14261643643761,0.4427138003722753,-0.8157703958608356
177,ABBV,-20.855080000000264,0.0,0.0,0.0,-91.42089532671022,0.0,-5.485904480217029
178,ASML,5.759400000000023,1.501485398718649,10.146059063336029,33.584101866553,80.03182002697815,,
179,BAC,3.5646800000000076,3.2425490250481115,inf,,44.45165096984969,,
180,KO,1.0968799999999757,4.188295506318788,inf,6.808877267954756,12.136347108721512,,
181,NFLX,10.488269999999916,1.7276992598736611,15.164423662520415,49.21438756838356,184.98356975401964,3.9079365363895566,0.9237585160386201
182,MRK,-6.940439999999944,0.0,0.0,0.0,-53.01162291897239,0.4268496068465435,-0.6297073183369271
183,CVX,0.0,0.0,0.0,0.0,0.0,,
184,CRM,-6.24897000000003,0.0,0.0,0.0,-49.21347449632274,0.5538096475342489,-0.4002799845958949
185,AMD,0.0,,,,0.0,,
186,AZN,-0.3407100000000064,0.0,0.0,0.0,-3.5201137988401077,0.0,
187,PEP,-7.072710000000108,0.0,0.0,0.0,-53.70816910779467,0.0,-11.156149345953262
188,TMO,-6.7291999999997785,0.0,0.0,0.0,-65.33569093495561,0.33506251224376205,-0.6701119004266491
189,ADBE,-8.361659999999945,0.0,0.0,0.0,-60.022950168146394,0.0,-10.636349759585066
190,TMUS,-1.1169399999999878,0.0,0.0,0.0,-11.12493661158821,0.0,
191,LIN,0.0,,,,0.0,,
192,MCD,5.205229999999996,1.6429704149296351,5.49491640482339,7.952313634772969,70.36954621528848,2.084577538266292,0.7712645549495956
193,ACN,16.676210000000196,1.2163098527900431,34.87849720599838,83.2749577917575,405.02664438767226,7.375897148168339,1.0525336722181842
194,CSCO,0.0,,,,0.0,,
195,GE,37.4483400000002,1.2428189216916836,168.53740143978447,515.4799362464279,2721.4005117347383,8.164195880321254,1.6671645430352344
196,DHR,12.335799999999887,2.515784447711419,61.464320642688705,90.03220016656839,486.53962692492456,,2.0546973466475036
197,ABT,4.663319999999993,1.2025745155513878,3.3674006748222447,10.467822717428566,61.37725395912108,1.6895651624054662,0.36983754158775956
198,IBM,8.174690000000206,2.63446399070053,12.959842153354879,42.39495966550906,128.20198755655463,4.129692046683018,1.3916904889114319
199,BX,-8.922429999999878,0.0,0.0,0.0,-62.51823216841812,0.40962917504915547,-0.6610416181074864
200,QCOM,10.191599999999875,2.1432362768943336,inf,,177.05062609644,,
201,AXP,1.8593900000001158,0.5681294889618939,1.176407283198725,2.9067630716076414,21.342027035535427,1.2821223511745794,0.14960761616526777
202,WFC,7.172169999999925,1.8925009318688,8.521369847025769,16.081732184492353,106.94801029236301,3.000565005076237,0.5200969613908616
203,TXN,0.0,,,,0.0,,
204,NOW,-18.206060000000072,0.0,0.0,0.0,-87.87806781270612,0.1424753503581996,-1.495951369110711
205,PM,-6.803430000000066,0.0,0.0,0.0,-52.28012982231767,0.1320388033403953,-1.4025088623835438
206,VZ,6.595369999999821,2.2247102018865608,9.523448514826507,37.763840942294394,95.54764256784314,3.6140945835314997,0.9422361532692842
207,INTU,4.204340000000127,0.9565082002169871,2.2554822967253525,7.465790090376734,54.099410042496785,5.22813162337905,0.6648586419889833
208,CAT,10.216360000000073,1.8465579676226775,inf,148.02344436360679,177.70498221302074,,
209,AMGN,6.982050000000119,1.9718521358443541,11.332208325739185,15.323459937718654,103.12557799642614,,1.3196062755504847
210,ISRG,0.5310899999999529,0.6494453516733919,1.3493811947113192,1.8593954795709997,5.719258773748015,1.6203708335058074,0.23263729187745702
211,DIS,0.0,,,,0.0,,
212,NEE,-7.553199999999939,0.0,0.0,0.0,-56.160582992101915,0.0,-2.7930492057841354
213,PFE,2.370730000000127,1.6679421068725264,4.254641877305494,6.95676780183604,27.892743095392937,,7.844125335008862
214,SPGI,-5.5361799999998915,0.0,0.0,0.0,-45.009484460784456,0.230776074789022,-0.6468845157053602
215,MS,3.3377800000000275,2.6349256801634064,inf,,41.16298638581186,,
216,AMAT,0.0,,,,0.0,,
217,GS,3.6061699999999983,0.7159732954584354,1.605653334334,5.314814826724769,45.060444691059274,1.6208608942571363,0.2844514150862774
218,UBER,0.0,,,,0.0,,
219,RTX,-1.3676599999999162,0.0,0.0,0.0,-13.462760984426126,0.5913825902521341,-0.2654815378463338
220,CMCSA,-3.5413299999998276,0.0,0.0,0.0,-31.51691292228398,0.39414609482104057,-0.6676187174210275
221,T,-3.5284900000000197,0.0,0.0,0.0,-31.42113376754112,0.0,-1.0
222,ARM,-11.193480000000026,0.0,0.0,0.0,-71.24780892229022,0.0,-2.244495777087929
223,UNP,-3.440210000000079,0.0,0.0,0.0,-30.759326739855496,0.7973915590961155,-0.2441678345361286
224,PGR,7.431480000000054,2.8187472293652385,48.36269060435458,42.37506712161038,112.26645476311501,,11.9392712550603
225,LOW,-16.910669999999996,0.0,0.0,0.0,-85.70364912476775,0.0,-8.927049258846635
226,SYK,-1.6746900000000169,0.0,0.0,0.0,-16.24978985475377,0.936249052480254,-0.11908736618240764
227,PDD,22.76424000000002,0.8016592532783386,35.06798659561444,46.994545985511415,761.4989163370867,3.470870098039241,0.4317984203218549
228,BLK,3.796479999999996,1.292555992610079,5.129105917022049,12.219140561621007,76.24254944829126,1.6474758686718822,0.397204278012587
229,LMT,-2.6389199999999837,0.0,0.0,0.0,-24.482688713306267,0.6681911248702787,-0.31363357553836824
230,BKNG,5.012550000000076,1.849065775238734,5.774548872937225,20.776926611859675,110.39882902495775,3.0511965551337528,0.754437668076722
231,TJX,-6.092159999999945,0.0,0.0,0.0,-48.31441466085346,0.0,-1.0212955805215702
232,HON,6.796120000000084,2.194808102215402,inf,692.6402361687449,99.44928510910749,,
233,ETN,10.68384999999989,0.9528275676343585,5.139387602470686,12.79189948248485,190.32517721882468,1.6373943943020488,0.4231401987508095
234,COP,0.0,,,,0.0,,
235,REGN,-9.809240000000136,0.0,0.0,0.0,-79.19874882679407,0.31972976243259243,-0.8346532085853212
236,ELV,2.552619999999602,0.836889702765452,2.3896928264087705,6.396582696223131,46.717519909917485,1.5909112071752944,0.24031004469664596
237,VRTX,3.4003200000000358,2.933469854261544,inf,,66.28521422090199,,
238,BSX,-10.683219999999958,0.0,0.0,0.0,-69.4650575225521,0.10945842667081952,-1.6720829684736715
239,PLD,3.5180800000000603,2.6093501806724064,inf,,43.77063385428856,,
240,NKE,-6.381680000000167,0.0,0.0,0.0,-49.9632774525421,0.3381321074279981,-0.5061129968594514
241,C,-6.907560000000055,0.0,0.0,0.0,-52.837008724756984,0.0,-1.480174512291285
242,ANET,-27.585890000000056,0.0,0.0,0.0,-96.62601169763192,0.34522036097194475,-1.1603910173489431
243,SCHW,10.38445999999989,2.744950346009621,inf,39.16008849310137,182.1846221795127,,6.390200977194771
244,KKR,13.815230000000012,1.6409738905267763,18.126951818348854,71.18093079266194,289.13831474959426,3.0692837857412334,1.0226824784561122
245,CB,1.6944200000000273,2.8834784788442795,inf,,19.29432909973572,,
246,ADI,15.721550000000061,1.4162734257448089,inf,157.21133846432414,363.2863894118272,,
247,MDT,0.10237000000005356,0.07404072573269371,0.1300895459241052,0.16053449706020356,1.08012689805157,1.126003568242638,0.054830986443594396
248,ADP,-6.924429999999905,0.0,0.0,0.0,-52.92667260050352,0.3709188128713952,-0.8637231780462136
249,UPS,-9.879890000000188,0.0,0.0,0.0,-66.45498518122761,0.13846524249102177,-1.7387088514464495
250,DE,-7.152270000000106,0.0,0.0,0.0,-54.122626314481984,0.6720687903851549,-0.3416076749454436
251,MMC,6.406209999999962,3.185783296861059,30.15398923708059,120.69772816446495,157.11223275167532,,3.156769777892111
252,SBUX,-4.040010000000009,0.0,0.0,0.0,-35.14446631799403,0.0,
253,PANW,14.677149999999703,0.886301011399857,8.16831121681745,16.40961727899722,321.2184223325462,1.760717559765542,0.6872865416840609
254,AMT,-5.57510000000018,0.0,0.0,0.0,-45.246913942494,0.09978520035334004,-1.30667060557377
255,MELI,4.666459999999948,2.5983897398907554,10.481471784479051,21.222402149194608,100.09655306716434,,1.7133438359683222
256,GILD,-5.039100000000064,0.0,0.0,0.0,-41.89404662177994,0.20146668352510397,-0.6821670795597764
257,HCA,-2.8898999999999653,0.0,0.0,0.0,-26.501882771346764,0.0,
258,KLAC,18.116950000000084,0.6424869463824847,22.67823659092223,56.049572287733625,474.4845501400762,8.07100931914557,0.7385608765079027
259,FI,12.539689999999974,1.5428981543638507,36.22761438568999,106.34462143841183,245.70845597727256,6.468913281888672,0.904271203347057
260,LRCX,6.8035599999999254,0.878208155736236,3.145461329725981,6.803733668837865,99.5952280055835,2.3664260915802906,0.6669524790155451
261,MDLZ,-8.52233999999985,0.0,0.0,0.0,-60.75286207332034,0.030588408158156055,-3.315285338587794
262,CI,7.697510000000024,2.513846318780872,inf,2553.6576804011156,208.8833144823922,,1.3535440035309074
263,BMY,-11.53981000000007,0.0,0.0,0.0,-72.40358849660934,0.0,-2.1148997482172773
264,MU,0.0,,,,0.0,,
265,SO,9.592959999999934,2.303896712600099,inf,1450.6711694829544,161.64828841534248,,1.4820142995742338
266,SHW,7.253820000000051,2.598757698183899,42.504709766059214,112.40530920703723,190.08650855631436,7.258023848032138,1.232670663432836
267,BA,9.489729999999792,1.197610516143984,11.577954991397398,21.62692850210774,159.0720373728868,3.604841019330083,0.5198652803928409
268,ICE,2.375400000000154,0.5671073084443439,1.8291280399612935,4.894433151044848,42.90856567956769,1.3916000318939268,0.20484388528882266
269,INTC,-8.258560000000012,0.0,0.0,0.0,-59.5481579381284,0.0,
270,MCO,26.446470000000115,1.2880392081270453,inf,1704.219878277582,3446.755162834571,,2.076628194041435
271,DUK,-4.706760000000024,0.0,0.0,0.0,-39.72295129724939,0.18922056984629437,-1.174125916504712
272,ZTS,2.183240000000107,0.5967780355021425,1.3969488589702992,4.0660711490467,25.454581250107644,1.3269753577986674,0.18019984992875368
273,TT,-18.966779999999943,0.0,0.0,0.0,-95.91757768478051,0.0,-4.928796191572992
274,MO,-3.7612000000000556,0.0,0.0,0.0,-33.138349800679975,0.0,
275,GD,-8.139299999999974,0.0,0.0,0.0,-58.99258621848913,0.13866366666892027,-1.6523460274512944
276,CL,-5.058620000000054,0.0,0.0,0.0,-42.0193379218583,0.3871738429897096,-0.7696551978327157
277,ABNB,0.9791700000000129,0.2766905565984105,0.7424074361299771,2.0746089688448053,10.77298662476991,1.2031421493695948,0.08140160954261308
278,EQIX,3.920279999999839,2.9991441987309324,inf,3322.1860572637115,79.46669049011514,,1.1294382022471563
279,CTAS,2.0297899999999935,0.9600400920214807,2.1417738541394273,4.706410798317779,23.49046449444261,1.4997040336329186,0.297827183270271
280,WM,-8.806150000000008,0.0,0.0,0.0,-62.01271230668508,0.29538816160283327,-0.8799221268739688
281,PH,-0.37214000000015945,0.0,0.0,0.0,-3.8391222453539875,0.9114593442879978,-0.07420281025996699
282,CMG,-16.237950000000144,0.0,0.0,0.0,-84.4404645467808,0.5054267139645873,-0.6632440587060116
283,PYPL,-11.078560000000158,0.0,0.0,0.0,-70.8547278942319,0.20960385737336887,-0.8993555073369454
284,SNPS,-0.6779600000000646,0.0,0.0,0.0,-6.893687618363953,0.0,
285,APH,-3.785340000000069,0.0,0.0,0.0,-33.3142377438761,0.0,
286,TDG,-4.4102500000000004,0.0,0.0,0.0,-49.63962992305171,0.0,
287,CME,-0.7096199999999372,0.0,0.0,0.0,-7.204842220573349,0.7681755528294918,-0.14503885443789785
288,CDNS,9.242379999999656,1.1824244660125967,7.769180284520177,24.382919402660892,152.9921871288418,2.6504512480667843,0.5354572318976895
289,ITW,-12.995400000000052,0.0,0.0,0.0,-87.96245707801278,0.0,-1.4980748783336248
290,WELL,0.4529399999999296,0.2200655891176675,0.42863835282804336,0.7174675314660143,4.859515210749055,1.1371707799111348,0.06501605911355361
291,NOC,11.40991999999991,1.6261300081545085,23.13433812209396,92.15939031321719,417.1704953025366,4.576460372958133,0.947700944261378
292,AON,10.04052999999994,1.2025271328650429,28.572082532545693,93.48315614148218,328.496134922196,4.099756940107369,0.6755869968422102
293,PNC,-9.022859999999884,0.0,0.0,0.0,-62.94993789936698,0.34125653283034196,-0.9814568513718219
294,FDX,22.157279999999695,2.308955516135653,inf,885.4711148688405,717.8115068460108,,3.3429459328264985
295,MMM,10.715360000000103,2.143995975089296,18.371271787242414,60.81007997976471,191.1941886659721,10.367279142763067,1.4947892043108786
296,CVS,-6.004229999999938,0.0,0.0,0.0,-47.80399620448379,0.22106613986751147,-0.8944460060350312
297,MSI,1.74377999999997,1.8311237031211194,4.457101337549202,10.206711283870238,19.90370970663293,5.819444284892277,0.7014795684390538
298,CARR,-5.2650800000001325,0.0,0.0,0.0,-43.32963974912792,0.0,-3.274466391363116
299,USB,4.9108399999999675,2.422061436940939,inf,,65.42983085204972,,
300,TGT,-5.842819999999905,0.0,0.0,0.0,-46.85515424389647,0.15968801263184115,-0.7410815075252071
301,ECL,-5.382510000000053,0.0,0.0,0.0,-44.06290077275461,0.0,
302,EOG,0.0,,,,0.0,,
303,MAR,-0.4851699999999692,0.0,0.0,0.0,-4.978483531219158,0.9612481801228057,-0.047310257267865787
304,CRWD,21.343270000000093,2.3809049353613267,inf,395.8385627469802,662.3682303718756,,8.52372504325665
305,BDX,2.595929999999935,1.788368915478389,5.418660943113196,17.936112924025334,30.877922331080153,,3.9565469204856574
306,CSX,-7.334050000000003,0.0,0.0,0.0,-55.05701481786931,0.0,-2.2862963436341825
307,GEV,7.29237000000004,0.7649871995739967,2.6794781067806306,8.869243232823369,109.39813308019515,1.8840732469313601,0.3482813614024458
308,MCK,6.953500000000043,2.1312625515761003,7.797918729342133,17.750216990807438,102.55711963684053,,2.0340771190609344
309,WDAY,-12.043679999999963,0.0,0.0,0.0,-74.01013451369391,0.0,-3.4735169423479593
310,CEG,22.587009999999967,1.047651976009757,78.54292625016731,78.2566907150149,748.529117521357,5.6674579456619245,1.042063336165434
311,MRVL,-3.2958700000001118,0.0,0.0,0.0,-29.66479905542412,0.7433119172249392,-0.1819980485240563
312,FCX,-3.443850000000137,0.0,0.0,0.0,-30.786728463926593,0.0,
313,ORLY,-1.5433800000000484,0.0,0.0,0.0,-21.065560645543624,0.7098444097594346,-0.18613598209289786
314,DHI,-12.852290000000052,0.0,0.0,0.0,-76.41218107544664,0.0,-2.6304587644163857
315,APD,-6.549250000000087,0.0,0.0,0.0,-64.30451534268681,0.0,-2.089774884730147
316,RSG,14.396909999999888,1.851547261232654,inf,,673.364177304657,,1.6931386119633962
317,PSA,-9.447900000000038,0.0,0.0,0.0,-77.89459764668563,0.0,
318,AJG,13.553560000000026,1.9837642095448924,539.0737567360072,185.325096792018,591.053182171547,,1.616296343185232
319,NEM,0.0,,,,0.0,,
320,NXPI,8.62411000000003,1.2041816252937019,14.000735685324647,33.12616004094989,138.35563676736538,3.1986093559250826,0.4766479211860786
321,SLB,6.635359999999856,3.569346276740741,62.162395043396785,145.51547954852296,96.31930790149849,,10.752138968109932
322,EMR,17.598329999999958,1.5850074817991349,47.015830636809085,69.84326288514879,448.54482392064546,,1.5595673916684594
323,AFL,-4.676269999999916,0.0,0.0,0.0,-39.520137847820536,0.41804009401359205,-0.6122618825719397
324,ROP,-4.003099999999802,0.0,0.0,0.0,-46.27681946817571,0.0,-1.4519241231727618
325,COF,4.768279999999766,2.081667391433109,10.634011298741909,10.02718627811521,63.08463569467138,5.076676070976855,0.6544692906122742
326,ADSK,-12.577430000000197,0.0,0.0,0.0,-75.61922651234273,0.0,-8.384426919453789
327,FTNT,-15.621509999999878,0.0,0.0,0.0,-83.19519929622807,0.0,-2.416578103463509
328,TFC,-3.0863299999998857,0.0,0.0,0.0,-28.04799162649385,0.0,
329,NSC,-4.771800000000003,0.0,0.0,0.0,-52.459932680855204,0.5796880575479265,-0.4246673436357503
330,MET,0.0,,,,0.0,,
331,DASH,-27.95007999999996,0.0,0.0,0.0,-96.7999867186648,0.0,-15.559633027523605
332,MPC,27.481909999999942,1.3589975198514683,inf,659.1259955149078,1179.9997876249527,,1.8889069537452978
333,HLT,-5.479920000000129,0.0,0.0,0.0,-57.56130134308055,0.0,-3.8407163842307446
334,PSX,8.509320000000093,1.7687451482958574,43.848365234027135,51.8758175222829,135.7240747353084,,
335,OKE,0.9883699999998499,0.34758967045911815,0.6379002724860802,1.9935695337318395,10.879001583621474,1.2452339089582465,0.10782793455783178
336,WMB,-0.8804399999999588,0.0,0.0,0.0,-8.86748876876159,0.9665625346573699,-0.06381475192565647
337,GM,0.0,,,,0.0,,
338,SPG,0.0,,,,0.0,,
339,TRV,-4.612659999999975,0.0,0.0,0.0,-39.09502770925781,0.0,
340,AEP,0.19315999999995984,0.19852468593936312,0.31166887335997095,1.0316438260624001,2.04689096732964,,
341,TTD,-19.55083000000003,0.0,0.0,0.0,-89.81463816304999,0.2662187725582535,-1.1680725950435538
342,FANG,-16.085020000000107,0.0,0.0,0.0,-84.13957934193648,0.0,-6.044772978376661
343,BK,7.013790000000155,2.044722385015824,8.065928948527104,25.82527923255752,103.75924637420599,2.8478616664894223,0.6857186182820109
344,CHTR,-21.39727000000018,0.0,0.0,0.0,-92.01830523479182,0.2564347640036646,-1.0478739842780935
345,O,4.389119999999937,3.235570633896203,inf,10.340370054251034,56.99288964332643,,
346,URI,1.6012799999999698,3.827327794072576,25.34419376928013,7.371453673069228,27.328322989750475,,6.667554963360622
347,LEN,-8.419599999999903,0.0,0.0,0.0,-60.287554768934626,0.0,
348,SRE,0.5998399999999674,0.3645841759759534,0.6212133023812645,1.072231393140214,6.48085873282791,5.927737226279407,0.7110141766629144
349,PCAR,0.0,,,,0.0,,
350,DLR,0.0,,,,0.0,,
351,AZO,1.4220299999999406,3.410678992379848,inf,,23.95442790123916,,
352,ROST,-0.19800000000001458,0.0,0.0,0.0,-2.059556291116471,0.0,
353,KDP,-3.705799999999828,0.0,0.0,0.0,-32.7331084264721,0.0,-2.2560574698649214
354,MNST,5.027970000000191,1.6216318373802885,6.375978391721733,10.285183390369331,67.37947454392142,26.333734546570476,1.5530106464544777
355,ALL,0.5229099999999743,0.908759814318149,1.6859074200624296,3.0959417188248444,5.6289710979544605,1.3843975308308816,0.2146009963129601
356,GWW,-0.17129999999995923,0.0,0.0,0.0,-2.573721695953357,1.0409933599937125,-0.014233690287557749
357,CCI,16.163470000000014,1.7148087446988318,42.29082867631726,65.96053766831494,382.20371834262903,48.04211205005145,1.3912725977295166
358,CPRT,-9.232569999999905,0.0,0.0,0.0,-63.836920259729865,0.157876382155369,-1.5250630023193603
359,JCI,0.0,,,,0.0,,
360,D,-0.6367400000000489,0.0,0.0,0.0,-6.4871627897328255,0.9304590791756484,-0.09046532137656636
361,KMI,-5.1295199999999745,0.0,0.0,0.0,-42.47236396365077,0.0,
362,PAYX,0.23071000000023925,0.09889011193476044,0.15379769659088796,0.47074128012354993,3.5668107755271627,1.1017975877680484,0.04342220354076728
363,AIG,2.713809999999925,1.0400177284856371,3.132007761453697,5.805190424260757,50.264108525662095,1.760905981066951,0.29559606577446723
364,FICO,-4.617600000000049,0.0,0.0,0.0,-51.27562918589368,0.10500368496845254,-0.8108563722184723
365,KMB,-8.87707000000008,0.0,0.0,0.0,-62.32176109830749,0.0,-6.408280093845745
366,OXY,0.0,0.0,0.0,0.0,0.0,,
367,FIS,-1.737020000000004,0.0,0.0,0.0,-16.80556571880124,0.25455387368670185,-0.6017070686776596
368,AMP,3.0785599999999684,2.018305381847443,7.588146077877744,13.610943790750277,58.58735202600116,2.2380480554867126,0.3577291699590063
369,TEL,6.401359999999928,2.362770335841135,inf,,156.93406114193357,,
370,STZ,-11.051040000000082,0.0,0.0,0.0,-83.1531981250379,0.0,
371,COR,6.982669999999867,3.4477478135389523,inf,54.18944237364969,179.13124514087752,,7.465301758700205
372,IQV,11.049589999999924,1.530126352246114,18.773686773395877,64.99450738857512,392.3082250954109,2.8504380768930817,0.8224696462014236
373,VLO,-15.97589000000019,0.0,0.0,0.0,-83.92166138353082,0.41900173053503564,-0.8797755154336959
374,MPWR,19.39903999999992,1.1935663518117199,inf,,543.4410540402948,,
375,RCL,-11.435719999999753,0.0,0.0,0.0,-72.06071671324801,0.4067917683930717,-0.7675029260811659
376,KVUE,-2.6052600000000967,0.0,0.0,0.0,-24.208103053719142,0.0,
377,ODFL,0.13428999999997904,0.029995548639137302,0.06113402311331235,0.19625457676797392,1.4190736686023442,1.0979663488889126,0.009200560433271582
378,LHX,-5.2993599999998695,0.0,0.0,0.0,-56.311489902331104,0.5314340041482674,-0.4603861654333193
379,MSCI,8.060500000000044,3.350223598237865,377.8726582973525,97.12520451263744,125.68526941736681,,9.658151405494776
380,PRU,-6.920699999999953,0.0,0.0,0.0,-66.40244355746182,0.0,
381,F,-3.5515600000000846,0.0,0.0,0.0,-31.593136305427095,0.0,
382,NDAQ,16.917929999999906,1.749945940907739,30.951887049480018,57.61799614631123,416.12124441659387,118.98132243142811,2.5058523534317265
383,PWR,7.382949999999953,2.5825392096254576,27.635190770921085,91.4742419848558,111.26179798567387,,3.873510632158036
384,IDXX,-26.755699999999983,0.0,0.0,0.0,-99.12211955814283,0.07031580067518636,-1.9981900796278054
385,TEAM,-10.789990000000078,0.0,0.0,0.0,-69.84615663532448,0.06293794171966899,-1.6464027449810623
386,CMI,-16.23668999999999,0.0,0.0,0.0,-93.24264076355549,0.1390571273980551,-2.290958728923427
387,KHC,-26.67491999999988,0.0,0.0,0.0,-96.15273831334781,0.0,-2.105454791683696
388,MCHP,-9.744340000000186,0.0,0.0,0.0,-65.92140456477908,0.4920766106372994,-0.5468358031376802
389,ACGL,0.5315400000000227,3.077744364797558,inf,2.2280975611524707,5.724227725332565,,
390,PCG,4.378319999999992,2.4915870609795165,inf,,56.822428896886976,,
391,GIS,-2.105130000000005,0.0,0.0,0.0,-20.02038541299058,0.6285612535612751,-0.2432936575353397
392,PEG,-3.678899999999965,0.0,0.0,0.0,-32.535539264363514,0.0,
393,GEHC,2.220719999999972,2.8007304237286728,inf,,25.93858922713914,,
394,HES,-1.4513899999999702,0.0,0.0,0.0,-14.231012728394099,0.0,-1.1126792956204865
395,FAST,-23.1797800000001,0.0,0.0,0.0,-93.72674070090034,0.11446075128676539,-1.7892456100444325
396,A,-3.732670000000042,0.0,0.0,0.0,-43.92852116596762,0.6867155555675417,-0.3473354659262421
397,CTVA,0.6001899999999442,0.3686321662352871,0.5905927637745862,1.0852189779968922,6.484748635857662,1.1765326067019601,0.08506389718886603
398,EW,0.0,,,,0.0,,
399,AME,-1.3203599999998696,0.0,0.0,0.0,-18.30212617957424,0.9060379640324442,-0.11310332870235466
400,CNC,-0.4837900000000227,0.0,0.0,0.0,-4.964646875209732,1.0107402961949947,-0.031040653317242768
401,HWM,11.118639999999912,1.7289613389663816,318.579483672194,703.6873441269324,202.52594920614038,,
402,KR,-0.2581999999997934,0.0,0.0,0.0,-2.678091788374859,1.0095659181281322,-0.02767343720660426
403,IT,1.5926100000000296,0.8424630316440694,2.1967434082325554,4.23199090130787,27.163178799670717,1.5055630009982648,0.17674359244688959
404,HSY,1.2937600000000966,2.6132032304249155,29.244853595227138,6.453488565254496,14.450651595317488,,
405,IR,26.872600000000123,1.502752370662991,279.0006235283173,493.2015414749149,3632.9533783671964,114.98104842165257,2.331145861209128
406,EXC,0.0,,,,0.0,,
407,DDOG,0.0,,,,0.0,,
408,OTIS,7.068750000000058,2.164203438132137,inf,,104.8607179985535,,
409,EXR,-12.037660000000148,0.0,0.0,0.0,-73.99145076715952,0.0,-8.636204496865185
410,GLW,0.0,,,,0.0,,
411,VRSK,9.658910000000091,1.2436388538167165,11.331680966195488,38.101564341667036,306.4445973757082,2.5282168747030527,0.5937633409184441
412,HUM,6.467339999999967,2.2324419250956113,inf,,93.0955382663165,,
413,CBRE,-7.038119999999937,0.0,0.0,0.0,-67.04128097267723,0.0,-1.5261642279102545
414,CCEP,-4.252759999999922,0.0,0.0,0.0,-36.638453192617895,0.1460281656135741,-1.2589772457916657
415,EFX,8.202279999999867,1.2719812961746304,12.291833428095785,37.917074490078086,231.6490582067084,2.552949830921205,0.7138946705373663
416,CTSH,7.019320000000283,1.8032033976425723,20.79702530539373,31.40386109130305,103.86983198341117,6.4886226405304,0.7954959011424205
417,EA,1.4801499999999215,1.1790454710104048,2.088657468410341,6.239092765670049,16.68137952489921,2.272320933430672,0.3837339230483855
418,DOW,0.6577300000000541,0.20422668849538703,0.3546686789270984,1.173975921843987,7.125999532015337,1.1800118586549238,0.048124742540350984
419,YUM,-9.645120000000025,0.0,0.0,0.0,-78.61558103310344,0.0,-1.9909340863490743
420,SYY,0.38118000000000757,3.1040770400567865,inf,,4.075645750973345,,
421,DFS,-12.35189999999992,0.0,0.0,0.0,-74.95065848922245,0.0,-5.139173198861711
422,BKR,7.426360000000219,3.7176247784582106,119.31246167229271,24.09687809582856,112.16025812811692,,8.510747226412194
423,XEL,2.254770000000106,0.7209741351351944,2.216922539467196,3.155066692936409,26.379766940866457,1.5138178088149852,0.21876856193100433
424,RMD,-23.64162000000008,0.0,0.0,0.0,-94.11162564837198,0.0,-3.291780352202323
425,NUE,-1.5496499999999942,0.0,0.0,0.0,-15.124708949967092,0.11498410551236464,-0.7941425167191873
426,ED,8.46050999999982,2.377482955820564,11.653752885814553,38.90706844436774,134.6130921371354,6.868229234161347,1.2004087464054487
427,DD,9.622800000000032,1.9018079902401435,inf,,162.39729410326657,,
428,LULU,-3.214080000000002,0.0,0.0,0.0,-29.037661739642417,0.0,-2.9349112426037505
429,VICI,-9.514530000000159,0.0,0.0,0.0,-64.99920662549115,0.0,-2.091790498427007
430,HIG,17.93179999999999,1.6381986384627485,77.02338596069583,188.67758842013922,1128.5335429694996,,1.7507332126346131
431,HPQ,-7.818680000000036,0.0,0.0,0.0,-57.464583572920304,0.30503249465275656,-0.9233397787490145
432,MLM,19.03188000000006,0.9134252715622297,50.70488378604213,165.47033985610065,1314.857105157734,3.4686777065339287,0.867081635537618
433,VMC,-3.6037899999999645,0.0,0.0,0.0,-42.77595612132197,0.7611862063827511,-0.25424499596771444
434,IRM,7.608639999999868,2.7862953488879514,inf,,115.97078050243348,,2.2011409792054093
435,TRGP,2.465489999999903,1.0069465812728229,3.034741698697669,12.089386056088282,44.83315442811049,1.7289941866292138,0.23802784130896898
436,XYL,3.462739999999874,1.1498397888509369,3.353838000111044,4.658385725346076,42.96566348767013,1.9856863724701974,0.4467827130821173
437,GRMN,-8.843649999999833,0.0,0.0,0.0,-62.17641098500274,0.45387123249354194,-0.6647679527641569
438,AVB,-8.161020000000061,0.0,0.0,0.0,-59.094279916587936,0.0,
439,EIX,9.17144999999991,2.7914847804989487,85.64358668744376,70.55568371654408,151.27271082847327,,4.7593212423133915
440,CSGP,-3.2229199999998968,0.0,0.0,0.0,-39.23917609175005,0.88349054410239,-0.197821666279447
441,VST,-4.301000000000044,0.0,0.0,0.0,-36.97284605759514,0.0,
442,ON,-5.2413499999998026,0.0,0.0,0.0,-43.180411958350604,0.6349234942490276,-0.3553628384530548
443,EL,-6.788360000000074,0.0,0.0,0.0,-52.19904576462881,0.42729967349927256,-0.4202600670102241
444,LYB,13.150999999999941,2.4807166126959017,inf,71.79430695633056,265.9427632869748,,2.130507669529873
445,WAB,-13.363710000000124,0.0,0.0,0.0,-77.8257782301469,0.22928845246967494,-1.3901645311122575
446,LVS,-17.465480000000227,0.0,0.0,0.0,-86.67478841363416,0.0,-1.1064381336583782
447,EBAY,-10.777739999999977,0.0,0.0,0.0,-69.80265177666998,0.2372712442544695,-1.3262176690673482
448,MTD,-27.313019999999987,0.0,0.0,0.0,-99.21839707809332,0.0,-3.7093543575336883
449,CDW,11.955139999999751,2.631116584891631,66.55311827359407,219.9974626973069,457.0293365865939,,2.6053442468715264
450,ROK,-10.143090000000186,0.0,0.0,0.0,-67.46951487618355,0.5565318870109882,-0.5437005171555886
451,DAL,1.60525000000016,0.672387789768504,1.7882224370176374,6.6464589576146045,18.20056760215374,2.4124323051568317,0.40240402090674915
452,PPG,-8.39390000000011,0.0,0.0,0.0,-73.64072305661122,0.2221754850462618,-1.302891492119898
453,PHM,-10.157110000000074,0.0,0.0,0.0,-67.52276915774587,0.4657906174778824,-0.6583361611703022
454,MTB,3.280079999999958,0.5661812715597847,1.5952451180106277,6.097669464807816,40.337565847523706,1.5992129487168474,0.28723500587372025
455,ADM,-12.873540000000036,0.0,0.0,0.0,-76.472503262694,0.0,-2.8920774823689985
456,NVR,3.4920000000000146,1.6253325916671768,10.686638120284455,23.37016770409481,68.54166375430799,4.118324386957974,0.5941887927689912
457,WEC,1.8850799999999144,0.8514533055436182,1.6323093232906036,4.36842166460156,21.663751378513354,,1.1285876788599591
458,TSCO,1.7791600000000327,0.6942320156059832,1.5680195623959994,5.190244644105226,20.342229638534228,1.5129203556688147,0.18498617147373156
459,FITB,-20.60279999999996,0.0,0.0,0.0,-91.12937003163114,0.021271971288852908,-2.3902238363093806
460,AXON,0.17332999999997264,0.08821041949721206,0.12818917184318318,0.34757662812745554,1.8350229171511856,1.4175257731960134,0.16979320748803284
461,BIIB,-5.836910000000178,0.0,0.0,0.0,-46.82011828772454,0.0,-1.2309040335557009
462,WTW,8.735450000000172,3.679462241312245,inf,121.73972594620338,257.3918677735364,,4.622311133116058
463,EQR,-14.41017000000013,0.0,0.0,0.0,-80.4821165803737,0.0249094521551125,-2.43776614033292
464,AWK,-5.682690000000075,0.0,0.0,0.0,-45.89844329833357,0.21187679314578176,-1.0977431289517605
465,BRO,-7.62975999999998,0.0,0.0,0.0,-70.09111230239358,0.09168054703252566,-0.8332051998881769
466,DXCM,8.42825999999998,0.6452005591842414,3.6285352656882055,6.446767969481886,133.88163932513146,1.6700286587536366,0.22218836118880433
467,GPN,-5.090980000000112,0.0,0.0,0.0,-42.22650580565281,0.3902571213060467,-0.7147757689065585
468,ANSS,5.437500000000029,1.89487481041579,20.710328344756185,11.744211680252159,74.3606780800167,,
469,K,-0.9864000000001542,0.0,0.0,0.0,-9.885238601006197,0.0,
470,ETR,-4.351319999999935,0.0,0.0,0.0,-37.31995498709818,0.0,
471,FTV,9.095150000000155,3.2355389674999024,inf,74.55983807172443,149.43486623735316,,2.764943015744484
472,VLTO,-4.856320000000051,0.0,0.0,0.0,-53.09760715496243,0.0,-1.3371366895382433
473,KEYS,3.4437899999997024,0.5959950599225599,3.1114137891642675,7.310708612133964,67.35156613636725,1.4456878801770772,0.21774142884277414
474,TTWO,-10.644550000000105,0.0,0.0,0.0,-69.325959538535,0.0,-3.595847329324491
475,CAH,0.7732799999999552,0.5075361822162872,0.9204393012656442,2.6725641953379955,12.428876891382101,1.308547870712241,0.14512138023483173
476,STT,-1.6154600000000063,0.0,0.0,0.0,-21.939861030008945,0.0,
477,VTR,0.3142699999999022,0.15357338661559006,0.23571880716589816,0.6074293607749807,3.3495355755343237,1.1059582279211715,0.035629774327068195
478,IFF,0.0016799999999930152,0.0008951322910285205,0.0014748008681294562,0.0048003382923374185,0.025553049620863355,1.0099638565985423,0.0010870127853408469
479,ZS,10.868190000000192,1.9878219983975796,20.34520688541663,67.34393090663384,195.44255672800182,,63.01495912333579
480,DOV,-5.679020000000063,0.0,0.0,0.0,-58.90068058509863,0.48495782702134344,-0.525509826146958
481,MRNA,-13.80034999999992,0.0,0.0,0.0,-78.97152513634697,0.15445647214194663,-1.1538900708867363
482,HAL,0.3777299999999231,0.2168251274614248,0.3650417823384798,0.872258161369409,4.0380936436805515,1.1213217484952802,0.04938789440646677
483,FSLR,-7.227990000000049,0.0,0.0,0.0,-54.51395838282009,0.0,
484,DVN,4.8458400000001856,0.8222308078301631,3.7813485866980576,5.898491098350634,64.35678479659582,1.5224907905764378,0.30938760714140323
485,SBAC,-8.485220000000103,0.0,0.0,0.0,-74.03753393662052,0.2261919440583015,-1.0335801955540949
486,SMCI,17.990439999999914,1.2738561638777661,inf,,468.0566090497111,,
487,DTE,5.583570000000022,1.2947044677555581,6.210177610640145,22.064452255773602,128.48676001618077,3.478427419388054,0.596012195631353
488,RJF,4.843940000000031,2.7390473309831576,22.334262425063805,88.97215893216018,105.31933993634772,5.153106874555366,0.6585180170259745
489,SW,0.6343200000000215,3.0599095431946175,inf,,6.864687895439858,,
490,FE,-0.9153500000001513,0.0,0.0,0.0,-9.203943533242487,0.4270147559590521,-0.40818465188259034
491,CHD,5.380059999999881,2.160480532111089,20.0605508391062,14.759604571862099,121.87990161426723,,1.5664937137133326
492,TYL,-2.5281699999999985,0.0,0.0,0.0,-32.2561385642585,0.8146420801906035,-0.23712389509613035
493,TROW,-4.0203000000000175,0.0,0.0,0.0,-35.00445713476056,0.26976458504308787,-0.5933584237325578
494,NTAP,0.0,,,,0.0,,
495,HPE,-8.434400000000009,0.0,0.0,0.0,-60.3548899068286,0.0,
496,WY,-13.893949999999911,0.0,0.0,0.0,-79.21004718795646,0.02206012970776378,-1.870515128076117
497,BR,-9.365449999999925,0.0,0.0,0.0,-77.58650339265758,0.41221562503092946,-1.0063546549160918
498,ROL,0.0,,,,0.0,,
499,LYV,-8.027370000000156,0.0,0.0,0.0,-71.99033214663699,0.058146852978399714,-1.519310058612409
500,ES,-7.677370000000025,0.0,0.0,0.0,-70.32470456250877,0.0,-3.6743145390935084
501,STE,5.506649999999979,2.5165530958500355,inf,,125.9682755355056,,
502,BLDR,-25.77242000000004,0.0,0.0,0.0,-95.62542700035948,0.0,-3.8993402816198652
503,CCL,20.839039999999905,1.5607907544703508,85.81640300573126,284.05776098626603,629.7536855417013,,5.788172031064139
504,PPL,0.6166199999998789,3.062971432793004,inf,,6.667496541705309,,
505,DECK,3.667379999999961,0.9980909339354115,3.8706849035866315,15.419501475533462,72.93807318363663,,
506,GFS,6.842240000000005,2.9137238358329944,inf,45.769703920283014,100.35553224687436,,
507,HUBB,9.103519999999902,0.9563317038262814,13.454656980251682,45.820161474892366,276.23960687676686,2.671380206131498,0.39404537647514526
508,WDC,6.46177999999997,0.9757829107959379,6.43206732563917,8.356343626726188,92.98968306595125,2.215018977507217,0.32349466230653257
509,GDDY,5.797439999999871,1.8664682674131674,21.60312875842353,62.180636907579,80.7129064385315,,
510,WST,-12.802190000000163,0.0,0.0,0.0,-87.54943691565997,0.18328976354489884,-1.3644435084028048
511,MKC,5.3016599999999885,1.6440072326588349,9.620726246787562,46.41066141062808,119.38264437922905,4.149916100741929,0.666138747956059
512,AEE,1.1166399999999266,0.9463007775521814,1.508268920512816,4.212942081976198,18.39794512996118,1.3930154062253977,0.21664901678787754
513,COO,-9.007530000000086,0.0,0.0,0.0,-76.20195496719919,0.0,-5.152842849542477
514,INVH,-7.5675199999998295,0.0,0.0,0.0,-56.2318331258888,0.0,-3.851312012702426
515,STX,15.322570000000034,1.1296220536262944,20.07155041438456,66.43811055390267,346.786742942946,4.038653315060969,0.732146671388822
516,WRB,0.0,,,,0.0,,
517,TER,7.1442000000001284,2.1558282421704744,inf,100.97331974184216,106.38161102690091,,
518,HBAN,-6.873699999999983,0.0,0.0,0.0,-52.65657669562087,0.44891728357918037,-0.7326251042113129
519,CPAY,-7.840050000000032,0.0,0.0,0.0,-71.11007452259167,0.12637251651469772,-2.2318396826336953
520,ZBH,0.17047999999996682,0.2276343520043401,0.3584832105953342,0.6997233626340482,2.6243544549607423,,
521,CBOE,6.6555099999999365,1.5202064348294952,9.415298259447493,32.80613956901609,166.42765636980084,2.2348345094034774,0.7125244635081919
522,PTC,0.39360999999995694,1.132107442609624,2.3148117899363716,5.532857057534814,6.156477092590085,,
523,TSN,0.08879000000015368,0.061676308696228054,0.0933388873579331,0.3089576634209785,0.936236885700481,1.061483586732614,0.013995129524720172
524,ILMN,-2.9011300000001503,0.0,0.0,0.0,-26.59107814375712,0.762697462886475,-0.24583824197463908
525,ARE,2.0888999999999216,0.714287280325142,1.7389083543439516,8.031638501554687,36.945697135712344,1.5853018480219323,0.2529986572935092
526,RF,-3.5999999999999277,0.0,0.0,0.0,-31.953019924692317,0.0,
527,CINF,7.8138199999998035,3.2671609496123386,34.832999642876935,56.16872772169254,213.99568770855848,,1.7483130919214895
528,ATO,2.7543400000000546,0.9980233757153107,3.1882070964916376,12.700740373649683,51.168387615615416,1.754226655639384,0.242004045203663
529,BBY,-6.732959999999904,0.0,0.0,0.0,-51.89989377809846,0.34830226533930436,-0.49612704700597127
530,LDOS,4.695969999999987,1.4647610575558219,4.598753531673117,11.700785613582923,61.906629556470286,,11.005791839252776
531,MDB,-10.379539999999833,0.0,0.0,0.0,-68.35717339172719,0.2742299876800753,-0.673487488427244
532,CMS,-4.747020000000194,0.0,0.0,0.0,-52.27144621685682,0.19445472113755272,-1.33254589179665
533,EQT,-5.218490000000049,0.0,0.0,0.0,-43.03631909920927,0.0,
534,WBD,-28.01961000000003,0.0,0.0,0.0,-96.83226347906623,0.4666892079634143,-0.9983253088433405
535,MOH,14.356070000000152,1.5481091150411193,68.1686644580402,251.2506268740009,669.1758946036691,8.338003998466437,1.3172170620644967
536,TDY,9.347759999999806,1.8005816396153436,15.184454047407883,43.57018156442444,289.25460347849923,2.410085337238623,0.7554379588581903
537,DRI,4.34440000000011,2.00844612670185,9.037345090972597,18.035120985550044,56.288144203487334,7.875612122117272,1.3566881184147745
538,BALL,-0.554700000000099,0.0,0.0,0.0,-5.673275541627854,0.6320037541059909,-0.22988934477187384
539,OMC,12.189050000000076,2.254630527693284,inf,74.77493041387595,474.9941225758374,,32.122941098948424
540,SYF,-7.514430000000067,0.0,0.0,0.0,-55.967153235893676,0.7043608350116051,-0.3566217843871544
541,WAT,-0.5844499999999243,0.0,0.0,0.0,-8.528786079915363,0.8999713866474236,-0.07130195453607331
542,CLX,0.44134999999996216,0.5853358980144423,1.0495916065677564,3.4742150832365124,4.7325514057783735,,
543,ESS,7.735599999999948,1.4886580931028353,20.946492279512693,83.44375134021224,210.54892289629498,,
544,PFG,-9.670440000000017,0.0,0.0,0.0,-65.62728041680437,0.0,-31.308080808080845
545,BAX,-8.971900000000039,0.0,0.0,0.0,-62.73144808854223,0.0,
546,GPC,-5.51207999999987,0.0,0.0,0.0,-57.780372996432085,0.5532029560452206,-0.6122200951515582
547,PKG,5.334370000000155,4.022010591593291,154.04656653171077,16.33031974462576,120.42133894776038,28.084081902670682,1.1208505230950983
548,MAA,2.8824100000000037,0.8369962311714135,1.902643051062945,7.579487368267497,54.05932934644233,1.4812748735165822,0.22684340359952906
549,ALGN,7.96256999999995,2.122309786462261,inf,349.1560711358487,220.6491791543085,,
550,HOLX,0.0,,,,0.0,,
551,DG,0.8786799999998328,0.2851142099105951,0.40772697898591154,0.787468650770773,9.620960717366112,1.161005308300096,0.07274007289908976
552,ULTA,-19.117220000000103,0.0,0.0,0.0,-89.22322703861968,0.3323572311915064,-0.9835442160495939
553,CFG,-5.946600000000122,0.0,0.0,0.0,-47.466994569922086,0.0,-2.4504887668799227
554,LH,-12.255919999999824,0.0,0.0,0.0,-86.30891864178768,0.0,-3.9867022314747316
555,ZBRA,-1.1336299999998591,0.0,0.0,0.0,-15.919112353347376,1.0480832050797801,-0.04679208455143907
556,APTV,5.695749999999884,2.321417536257299,14.814733883688564,8.720273488765487,78.89739235115665,,6.1268999494432475
557,NTRS,0.9544000000002852,0.3888907649526374,0.9869986357077197,2.865153876868948,15.541554820931115,1.1903007230976816,0.10095744854231778
558,J,-16.44732000000008,0.0,0.0,0.0,-93.49649441913111,0.0,-5.630177290642127
559,EXPE,20.522549999999974,1.3128721247698387,inf,,609.9328533464719,,1.241346584815729
560,STLD,15.311610000000103,2.316445357945326,56.86225973931237,45.85273777888262,346.34109718743986,,4.980901117637825
561,CNP,-11.203960000000006,0.0,0.0,0.0,-71.28341574707645,0.0,-4.149553339950616
562,MAS,-23.916749999999944,0.0,0.0,0.0,-94.33062628328959,0.0,-4.002834193867413
563,FOX,1.5739600000000358,1.1792712271631325,2.630611153260022,7.523389769747285,17.818919521991063,2.242651287661199,0.5049462208454334
564,FOXA,-4.378349999999991,0.0,0.0,0.0,-49.38342952231094,0.0,-1.8926528627261616
565,FDS,-3.4735099999999948,0.0,0.0,0.0,-41.58840436834883,0.0,-1.2875886676265442
566,JBHT,10.799949999999589,0.7049856791256003,7.133654020608308,21.289479939556113,375.7431481176976,1.7398728685239238,0.3890426886586506
567,VRSN,1.7516599999999598,1.431459567682646,4.002828390774926,11.250220991912506,30.224798321124858,2.137510240117821,0.5599693246790538
568,EXPD,-0.9265199999999458,0.0,0.0,0.0,-13.200131719250741,0.9493016420715604,-0.0911664929056038
569,HRL,3.3947899999999205,1.053576816672023,4.385366647598288,8.698151461129523,41.982847729576854,1.9343786433176513,0.3001659635834959
570,CTRA,-14.54078999999992,0.0,0.0,0.0,-80.79261794870519,0.16665349819128744,-1.2818600749975269
571,L,15.682410000000118,2.7539765356395938,328.40892548129636,298.4324298668595,816.6226997095166,,1.9558174400292112
572,AVY,0.7753299999999872,0.24011821925420201,0.539927821542863,1.216975026623021,12.463664992692113,1.1641452037173783,0.05550169029959848
573,IP,3.365760000000082,2.6309358310444177,inf,102.53535424349137,41.56483025275834,,
574,LUV,-19.66952000000005,0.0,0.0,0.0,-89.97131936879828,0.34751967732056466,-1.0008188397760838
