,Symbol,gain
0,EGLE,8.74757368509528e+241
1,LEU,3.0765417852274293e+156
2,NTES,1.61990716416513e+104
3,VTLE,6.284996633411422e+99
4,MNST,7.387454992810524e+55
5,BAND,1.3172160613714643e+48
6,ZM,5.745451652847007e+40
7,ARCT,2.3256450299132334e+38
8,AAPL,4.62059591048569e+26
9,PAGS,8.780384876259343e+22
10,SPWR,3.410552990576139e+21
11,NSSC,1.1430834210796375e+21
12,BXC,5.087927057253037e+19
13,NVRO,5.110281667272248e+16
14,DAC,3.041309664156124e+16
15,CHWY,2.9948589932434892e+16
16,UCBI,2.342573727182619e+16
17,CIEN,1.936071162571233e+16
18,KNTK,1.5832141083751126e+16
19,HOV,534982807459836.9
20,FUTU,5036323234433.921
21,PBF,4064607726491.9395
22,BNTX,242971544.74424022
23,PDD,219812426.02371222
24,MRNA,104484250.35277143
25,VIR,43065528.55804615
26,CHX,11006613.31769308
27,GSHD,3540517.955783515
28,GILD,2997178.1403662395
29,4251,619656.757434014
30,HEI,132373.13841479123
31,CPRT,100139.58664528362
32,INMD,93175.25952678027
33,ACLS,78078.03753600799
34,OVV,65246.11019869203
35,AVNW,60046.679493030366
36,HAYN,49622.59047268665
37,RMR,45919.126543452934
38,9250,18591.604539918422
39,LOVE,14515.71474295983
40,NGVT,7998.780236176521
41,ARCH,5186.863460583278
42,SII,4765.565774627475
43,DAVA,3747.1198686721204
44,DT,3258.292608206805
45,BABA,2393.1235101342572
46,ZI,2202.668787131681
47,AVNS,1887.738771476536
48,9221,732.3821883225716
49,4074,378.1129338749404
50,RMAX,327.6300657278832
51,NGVC,322.9815016620829
52,ABNB,316.25647748531577
53,7375,190.13614751018275
54,6523,159.62636418412382
55,TW,155.1014334830296
56,DCBO,116.67827111907592
57,DOCS,103.23408830629413
58,ATHM,101.6011862112482
59,USM,77.57834989302671
60,EQBK,75.06572563791184
61,CNXC,72.52577831740942
62,ONTO,57.826719401040144
63,5132,57.58984704362249
64,TASK,57.31094721240269
65,7011,50.944724616147
66,MP,49.948058192768755
67,BANL,46.89942843950382
68,CCSI,46.18326089652773
69,GXO,44.46598046742978
70,BZ,40.690377278427064
71,XPEL,40.41539048639277
72,4258,39.59363582235162
73,SHLS,36.90136613422456
74,NVEC,31.6437588360246
75,9563,30.87719951045453
76,5035,25.330353562159583
77,9565,19.453161185486277
78,5131,11.836437111222065
79,9227,11.546046294422236
80,4417,10.756527839348536
81,4072,10.559576176326008
82,KTB,10.397582050014027
83,5527,9.940675221464373
84,7110,9.343400717223615
85,9342,8.267091085350803
86,9562,8.19178648811264
87,WMG,8.056655842102067
88,7114,7.9744761800684305
89,BEPC,7.814585898323419
90,4413,7.370912425501243
91,ASO,7.138614804273111
92,ZIM,6.363452232150608
93,JRVR,6.026425079342136
94,AZEK,6.010148601929686
95,4892,5.779174087597647
96,4447,5.618947870664195
97,SLVM,5.466101649042951
98,5126,4.325508120127134
99,BNRE,4.253286424681781
100,CRC,3.9942904012500127
101,9552,3.3126215610860013
102,5129,3.228724570800191
103,5034,3.194800909975903
104,CHK,3.190849635246061
105,2998,3.1807850324782003
106,MSGS,2.8978517780714657
107,5125,2.8442232193122914
108,EMBC,2.758936017565058
109,5240,2.713344652161252
110,ZURA,2.5517962648531203
111,DOW,2.499376779574431
112,9204,2.426806927403559
113,5127,2.392723736299964
114,ALC,2.371156527769003
115,LBRDK,2.3062114353961647
116,LBRDA,2.2161799960577415
117,DV,2.1360962299234325
118,ESAB,2.113363950773359
119,7389,2.0932185802318717
120,SSTK,1.9873138847530674
121,2937,1.9349638158487648
122,9564,1.8506418944512053
123,9558,1.795402832720311
124,7388,1.7913836363752054
125,9341,1.7571358185955048
126,5461,1.729458609813137
127,5250,1.5555503174527117
128,6501,1.5516635786529092
129,5137,1.5255306544110991
130,5831,1.4799051802666177
131,7386,1.4250653843542525
132,1444,1.3863915802212246
133,OTIS,1.25141886857293
134,5139,1.2421631125344714
135,9336,1.2329666772539372
136,6971,1.2019309229472188
137,CABO,1.1768221936609307
138,SWAV,1.176635544141528
139,ATAT,1.130768739011794
140,SDRL,1.083813051712187
141,GEHC,1.0393387967654646
142,NXT,1.0323050604669681
143,KVUE,1.0
144,ATMU,1.0
145,GDHG,1.0
146,SFWL,1.0
147,SGE,1.0
148,CWD,1.0
149,CR,0.986788818968837
150,LW,0.9527178817901735
151,SEB,0.9353307764035781
152,ICG,0.885445112993492
153,ENLT,0.8840787775333198
154,RYAN,0.8828842793428157
155,ESMT,0.8702532724128098
156,EE,0.8701883304886288
157,BAM,0.8648558862248915
158,SKWD,0.8541114522575582
159,CLCO,0.8415845293563529
160,AESI,0.8361604689093748
161,C,0.8305580658922797
162,ACDC,0.7603929948046333
163,MSI,0.757571317991885
164,TPG,0.75423341042824
165,VTS,0.7084907016696598
166,MCB,0.7041144011336071
167,PYPL,0.6815048078822188
168,MUSA,0.6746986984288253
169,CRBG,0.6738630907307541
170,EDR,0.6606917678733498
171,GS,0.6489572688470732
172,BIPC,0.6435726462841741
173,CMG,0.6324609370319282
174,FSV,0.6037580558909462
175,RACE,0.5981940506700542
176,CDRE,0.5917876918572851
177,MCK,0.5902557780958481
178,IQV,0.5806895337610559
179,ALLE,0.5624794436901638
180,RH,0.549914713403599
181,BBUC,0.5401863884877248
182,WTW,0.5141121454575942
183,IX,0.513969765202074
184,HLT,0.4913482852703099
185,THC,0.4813153959332912
186,CHTR,0.4518394334549296
187,SITE,0.44588778168888593
188,META,0.4373825060757273
189,SAIC,0.4289628633395356
190,ABBV,0.41938330892487885
191,IZM,0.40139191746025255
192,AMP,0.3939237676273125
193,ZTS,0.3897308613818397
194,FIVE,0.38877471973418415
195,KIDS,0.38140026730849647
196,MORN,0.3758593399388987
197,CBOE,0.37295709550973644
198,FLT,0.36558970448511835
199,HII,0.3591302547033273
200,AIZ,0.3544609638054185
201,RGA,0.3502470341252105
202,NOW,0.3495232573417491
203,ELV,0.34935941632797596
204,CSWI,0.3377263050687941
205,ZIP,0.3323562552685934
206,BURL,0.33088197936247865
207,TM,0.32450424500386826
208,KAI,0.3190242075244312
209,NTR,0.30097318438188697
210,ZBH,0.29986961169987303
211,VAC,0.2967698659185391
212,HCA,0.2940467612619088
213,TRGP,0.28977044723353323
214,FCNCA,0.28828525535524246
215,HMST,0.28821513531258636
216,CDW,0.28158574742841413
217,VRSK,0.28028898875375585
218,DG,0.2726768018905988
219,AZO,0.27126953296314504
220,HLI,0.26413853897609213
221,YGF,0.2563209283714498
222,VNOM,0.2561892778787823
223,ACM,0.25516989592708333
224,JYD,0.25255346852871335
225,KNSL,0.2440797224943827
226,PWR,0.24279719956526333
227,FANG,0.24087827234413317
228,TRI,0.23427671756846938
229,BLD,0.23403891553854086
230,FWONK,0.231664070496726
231,HLNE,0.22632035630259764
232,UPS,0.22307246476654863
233,LH,0.2229474659389176
234,PSX,0.22190058886711955
235,FND,0.22082044786558608
236,IR,0.21559476654198617
237,BBU,0.2104238604785585
238,BPOP,0.20815382165465404
239,HSY,0.20523358357803104
240,LEA,0.20393754150141247
241,MCD,0.20090090343772693
242,ZJYL,0.19681261526443597
243,MTD,0.19666030270236648
244,PIPR,0.19162502848556429
245,APTV,0.19012202647883786
246,EPAM,0.18646007598488207
247,TFPM,0.18538553669702812
248,KEYS,0.18166612155912537
249,GCT,0.17855942485864792
250,LPLA,0.1746189762235047
251,AVGO,0.17407415261988424
252,BKNG,0.17176827589791913
253,GDDY,0.17138841234598268
254,TRV,0.1557329384615402
255,LMT,0.1550440062022137
256,NOVT,0.15165759021801217
257,ACHC,0.15012150147711464
258,GWW,0.14938937606234934
259,ICFI,0.14614749809854238
260,PFGC,0.14612202663952253
261,ITGR,0.1367109529460492
262,ICE,0.1362718247050457
263,RBC,0.1341326603401862
264,OLLI,0.1307685277917577
265,XYL,0.13069270466958266
266,CRL,0.12835066634418923
267,SNA,0.1263135195816675
268,ALSN,0.12320056416892858
269,EXPE,0.1228568983255021
270,ESNT,0.1224653094928542
271,ARW,0.11774273085776786
272,PCTY,0.11369175704139375
273,FBIN,0.10948472974717055
274,NWE,0.10923058117226042
275,TMUS,0.10898638958457979
276,SPB,0.10887458354693832
277,AEE,0.10060577863232154
278,LDOS,0.09969650132555413
279,SFBS,0.09615948025274798
280,ARBB,0.09261680396513283
281,TORO,0.09145275043023238
282,PRI,0.09085578114374547
283,V,0.09023242930426177
284,HRI,0.08838221427470341
285,ALGT,0.08805555321411566
286,VRSN,0.08732159999595689
287,GLOB,0.08690659523078319
288,CME,0.08646279416631852
289,PAC,0.08615277226521878
290,KBR,0.08570606420364062
291,COKE,0.08168436543928093
292,DELL,0.08142589704973767
293,BLK,0.08019310162970608
294,VC,0.07991437950184946
295,PAYC,0.07955661939065096
296,WEX,0.07861596736607532
297,MOH,0.07735581519681008
298,ORA,0.07677608673524564
299,CPA,0.07562589243890619
300,BG,0.07524551249216505
301,DUK,0.07063431157831342
302,CE,0.06830179409849481
303,OMF,0.06609580479656325
304,VMW,0.06484945840924086
305,MSCI,0.06172867366145824
306,NXPI,0.061576744746527946
307,HUM,0.06156286547886682
308,PSMT,0.05959104208399548
309,LYB,0.05927321838979973
310,GPC,0.05847304608800993
311,PFG,0.058196417827507785
312,CHCO,0.057744586899932844
313,NOC,0.05657406161521027
314,TMO,0.05504945849011006
315,MYRG,0.05474745392270463
316,SXI,0.05382325893311176
317,WM,0.05371693479323057
318,VRTS,0.05342291293134195
319,DDS,0.05217002750263143
320,TDY,0.05131013023219244
321,GMED,0.05128417206710703
322,ARIS,0.04991028557667751
323,BCC,0.04889676846287388
324,AXS,0.047722790461717936
325,DEO,0.047567645115560844
326,MASI,0.04552674758208238
327,CMS,0.044398146565752444
328,URI,0.04405638477008029
329,CAR,0.04377650273390425
330,DOOO,0.04308316703766571
331,AMG,0.042672549407439544
332,WTS,0.042068097963794626
333,SEAS,0.04045414379473413
334,VEEV,0.03899136464877712
335,AVT,0.0384701297522773
336,TDG,0.03762495441919166
337,UI,0.037168157529291
338,MSM,0.036737314320097594
339,WINA,0.036158273950421274
340,ATKR,0.03606328466361138
341,AFG,0.035942085947437925
342,WING,0.03509984849509519
343,WMS,0.03437018132848696
344,AAP,0.03436855347042801
345,TXRH,0.03417440216253857
346,DTE,0.0334923427302172
347,CMTG,0.032972801086722785
348,FNV,0.03296842586986394
349,JD,0.032731368734671376
350,MA,0.03228664111711745
351,SCHL,0.03156978316349062
352,AON,0.0307577489879911
353,KMB,0.029609980331603728
354,CHE,0.029304576796997283
355,MET,0.02919555403202303
356,CRGY,0.028452644774971003
357,MLM,0.028179793943515292
358,HESM,0.027400796816010976
359,CCS,0.027144735380246563
360,TEL,0.026778973230509855
361,MELI,0.02594924575285945
362,CRAI,0.025670032433565717
363,MTN,0.02559032419701044
364,ULTA,0.025469324434417618
365,LRN,0.025195584446829903
366,JOUT,0.024180092813262007
367,IT,0.023793557380458897
368,CVCO,0.023753084921476156
369,KFY,0.023102753865382568
370,VVI,0.02278550212427615
371,TFIN,0.02273116327176312
372,LOB,0.02272746174463817
373,TNET,0.022648012794525715
374,IBP,0.022484002277456023
375,TCBI,0.02234708498485562
376,ERIE,0.02221289028570203
377,RL,0.021179775953329563
378,PRK,0.021094125009796245
379,HLP,0.02072963759951196
380,EXLS,0.020538629101525162
381,AWK,0.020214992054730124
382,ANET,0.018326330203504222
383,SRE,0.018281719006593585
384,INGR,0.01819852142984076
385,UNM,0.018188565620370384
386,FIX,0.018156159318513256
387,IBKR,0.018154567043485476
388,LPX,0.01786863543605058
389,GD,0.017618914547013573
390,CTAS,0.01755091048019236
391,AGCO,0.017302632700320696
392,HON,0.01701315027357026
393,MAN,0.015962573805626924
394,ALG,0.015790521239824322
395,QLYS,0.01574326520415017
396,LANC,0.014820839202158645
397,GDOT,0.01442807114189879
398,NWPX,0.014270861928875759
399,LGIH,0.014059991436120805
400,A,0.013868822454010199
401,MTX,0.01359389749449021
402,HUN,0.01260530264812824
403,SEDG,0.012351786567770546
404,DKL,0.012292324220155873
405,APD,0.011538042133010622
406,BR,0.011278555037095963
407,GM,0.01089690123056265
408,SAFT,0.010729200685596272
409,MKSI,0.010474457547800006
410,PH,0.01044817108700512
411,FRHC,0.010413417699932795
412,MOS,0.010075483895917638
413,CRUS,0.009583753712670362
414,NSC,0.009480525070025897
415,WLK,0.009240161844639314
416,WMK,0.009050386543600018
417,NICE,0.008436624073511288
418,AIN,0.008346254816613583
419,CG,0.008040131613412532
420,EPC,0.008018780725153095
421,ALE,0.007699768793144991
422,FDX,0.007639458972227334
423,GPI,0.007559191973567959
424,CLW,0.007543038744481305
425,CACC,0.007461768313744114
426,GTLS,0.0070650274301232155
427,ACN,0.00686219513510626
428,SCI,0.006690620241547413
429,ULH,0.006580326096880752
430,MMC,0.0064868721659806765
431,UNF,0.006317966849120395
432,BCO,0.0062620353536736485
433,VMC,0.006118492527030579
434,GATX,0.006005811592634449
435,MMM,0.005971558888925399
436,EMN,0.005858460310588405
437,MTRN,0.00573952289290999
438,NDSN,0.005586555529904543
439,PNC,0.005487525220100807
440,IEX,0.005434163346661477
441,OEC,0.005201254747200991
442,PFSI,0.005198535368107605
443,NHC,0.005150114117145579
444,FN,0.005137720614366171
445,ITW,0.005119239194337412
446,AVY,0.004956832131853054
447,BDX,0.00489362710568259
448,CSAN,0.004662371623456837
449,AGX,0.004449582261603331
450,GIS,0.004363915133067513
451,R,0.004043658705048967
452,YUM,0.0039115785437101105
453,SNPS,0.0038953941377016187
454,NABL,0.0037912611026820263
455,PPG,0.0037020405686836546
456,HCC,0.003639576992581915
457,SAIA,0.0035466210511520485
458,DD,0.0033999513004399212
459,AMSF,0.003160779825701023
460,LFUS,0.003047192772028403
461,PKG,0.0030011087589760107
462,BYD,0.002913610244853619
463,VMI,0.0029125222899598516
464,ETR,0.002531047672180629
465,LNG,0.0024289575834981034
466,ASR,0.0024045316260377595
467,ENS,0.002313936890330263
468,IPGP,0.0023115012362862637
469,SXT,0.002194142896649663
470,ROG,0.0020876160946142618
471,CB,0.0020527932430591854
472,UMBF,0.001968706700493381
473,WAB,0.0019160238747929638
474,BC,0.0018908571685058127
475,FOXF,0.0018015293295515532
476,CVX,0.0017114567283747037
477,BFH,0.0015604993327259043
478,PEG,0.0014962684291073467
479,UTHR,0.0014882839493087468
480,DPZ,0.0014347462121859639
481,LHX,0.0013594559747325669
482,AYI,0.0013585077805504026
483,NRC,0.0013305335134362222
484,ORLY,0.0012892117240737963
485,LIN,0.0012479720207666052
486,ANF,0.0011846871529539748
487,ADP,0.001176382834787862
488,WTFC,0.0011693649147767851
489,DE,0.0011040003934934758
490,GNRC,0.0010627695354472107
491,SPSC,0.0009951101478456305
492,VRTX,0.00097746097249461
493,WAT,0.0009559753962441508
494,WD,0.0009465534239342957
495,UNH,0.0009052784578775234
496,DIS,0.0008949081304618005
497,SIMO,0.0008917277190162022
498,AGYS,0.000852910932967459
499,RRX,0.0008464455021946558
500,GOOGL,0.0008145768183444679
501,JJSF,0.0007636863527416396
502,GOOG,0.0007599044833385693
503,DFS,0.0007462958970405976
504,REGN,0.0007430553427622899
505,CMI,0.00073836986911031
506,TFX,0.0007181820201881573
507,MGPI,0.000658049807905007
508,HSIC,0.0006369130107027089
509,LLY,0.0006360589342675594
510,STRA,0.0006321849867054025
511,VSH,0.0006112851810540121
512,PVH,0.0005848403719749276
513,WDFC,0.0005816207150977441
514,CETY,0.0005738438558938378
515,JBSS,0.0005667315281081768
516,SNV,0.0005439093049957394
517,MTB,0.0005171404824960025
518,LRCX,0.00050560900812941
519,MODG,0.0005050543418794615
520,SKY,0.0005013496706827926
521,CNS,0.0004944682366268338
522,ABG,0.0004826221233030412
523,AMD,0.0004687619459181725
524,MOFG,0.00043667242616185324
525,CMA,0.0004323957150577694
526,CI,0.0004079568973754538
527,CASY,0.0003914919782121901
528,OMAB,0.00033542091814107165
529,EL,0.0003354026446526521
530,TFII,0.0003202389149032902
531,HES,0.0003074596620532245
532,CAT,0.000295469237766214
533,CLX,0.00028730700941570085
534,HD,0.00027806806464791383
535,ROP,0.0002747648561032254
536,STE,0.0002675488628163771
537,PRAA,0.00025167065523013546
538,AJG,0.0002461824320355431
539,SNX,0.0002425113062335692
540,SEE,0.00024037164732629456
541,SR,0.00022944951658065724
542,LECO,0.0002275448308468481
543,MDT,0.00022646132888392027
544,ESLT,0.00021254512059397328
545,CSL,0.0002045978045932294
546,LAD,0.00019511773672854552
547,CBRL,0.0001939021762153952
548,AMGN,0.00018555126992020462
549,RUSHA,0.00018207002785747213
550,AIR,0.00017841592122426914
551,DOV,0.00017466365704683773
552,WEC,0.0001665388902343956
553,DVA,0.00016498190673900088
554,HAS,0.00016320517535302456
555,ROK,0.0001515495425857241
556,CSIQ,0.00015043002268607408
557,CHRW,0.00013628823881634241
558,JOE,0.00013491938966908555
559,BIDU,0.00013083584162391974
560,ETN,0.0001280476388270197
561,MGEE,0.0001246503457972997
562,TNC,0.00011933452444302347
563,BOH,0.00010991937024809988
564,AEIS,0.00010719877218666692
565,PODD,9.884127711918797e-05
566,ENTG,9.45023924625885e-05
567,HAE,9.26731263188249e-05
568,MCO,8.377997081595674e-05
569,AXP,7.718512036766341e-05
570,UNP,7.404754746096377e-05
571,LNN,7.126237742605518e-05
572,AMRC,7.010630065162658e-05
573,MHK,6.987337688804944e-05
574,LSTR,6.695132543865307e-05
575,FDS,6.692335489774019e-05
576,COST,5.906627667866542e-05
577,MPWR,5.155912754195483e-05
578,UNFI,4.396121412049594e-05
579,CACI,4.235513604634916e-05
580,COF,4.1555961382198396e-05
581,GRMN,4.004139802071201e-05
582,LII,3.762298621372583e-05
583,ZBRA,3.659124484564267e-05
584,SLB,3.5201831417513894e-05
585,AVNT,3.402916182284263e-05
586,RS,3.337528893865712e-05
587,BAP,3.0560420173922835e-05
588,ADI,2.743568765317479e-05
589,EA,2.709020485672378e-05
590,COLM,2.579370190175922e-05
591,SIGI,2.331631210461522e-05
592,LNT,2.2899494098823422e-05
593,BMO,2.2205849300690233e-05
594,WCC,2.1113340766583506e-05
595,MKTX,2.0713562498102777e-05
596,WOR,1.8534279415621604e-05
597,TKR,1.7310734343917853e-05
598,AEM,1.5938513080016813e-05
599,FUL,1.5218475903386771e-05
600,MS,1.4984436734199218e-05
601,CBSH,1.4482379856649395e-05
602,SYK,1.4185030088345182e-05
603,ATR,1.3863410949870595e-05
604,FFIV,1.2541538806818817e-05
605,BAC,1.228855123125367e-05
606,NTRS,1.0899791073404984e-05
607,WCN,9.020222472192102e-06
608,NUE,7.968431132167341e-06
609,CW,7.571103570771905e-06
610,SYNA,7.15993666934969e-06
611,MGM,6.718650370841098e-06
612,CENTA,6.6880616100345495e-06
613,ARCB,6.609469289667409e-06
614,OMCL,6.347464570228535e-06
615,BOKF,6.014025755754485e-06
616,CBT,5.9825423511993025e-06
617,RAYA,5.8174502379702055e-06
618,WRLD,5.562874573261002e-06
619,SPGI,5.544595718986636e-06
620,TER,5.284091482553096e-06
621,ZION,4.587541071142182e-06
622,HZO,4.506555169807497e-06
623,RF,4.494604809951469e-06
624,CPK,4.460091679412734e-06
625,NBIX,4.368248165416923e-06
626,CHKP,3.990383918493646e-06
627,SYY,3.731049021378055e-06
628,SAM,3.6284690956473147e-06
629,TXN,3.4557154788438356e-06
630,SAH,3.053932718222036e-06
631,EFX,2.9972164946373938e-06
632,DRI,2.8658315053810195e-06
633,DIN,2.528643920986655e-06
634,APA,2.289798437293444e-06
635,PAG,2.2218272024573582e-06
636,FMC,2.1368797490536027e-06
637,RYI,2.134328341816875e-06
638,WPP,2.078372895373982e-06
639,TT,2.035932797342386e-06
640,FELE,1.620515976956385e-06
641,ADSK,1.4397498425596522e-06
642,WPM,1.2479673852823346e-06
643,CFR,1.2258084452871918e-06
644,LULU,1.187346077391916e-06
645,LKQ,1.1813203756981226e-06
646,TECK,1.1475069097055247e-06
647,ABT,1.1203603645503873e-06
648,FITB,9.786876469496867e-07
649,PNR,6.815370903441489e-07
650,KLAC,6.582191066103606e-07
651,GPN,5.922115653460676e-07
652,STT,5.590070178162534e-07
653,RVTY,5.33109242283882e-07
654,APPS,3.6139922075377427e-07
655,ECL,3.438305056040305e-07
656,INTU,3.353096067067189e-07
657,IDXX,2.930234802289484e-07
658,SCL,2.8145276836135395e-07
659,RICK,2.7650692532661087e-07
660,CRM,2.678711846950869e-07
661,WERN,2.434596006905168e-07
662,NSP,1.9412878348948203e-07
663,RGLD,1.661393843046153e-07
664,CM,1.6490996371188655e-07
665,ASGN,1.5144371889689725e-07
666,BHE,1.4991045754782305e-07
667,MATX,1.3023503570015526e-07
668,OXM,1.1432241604233026e-07
669,HFWA,9.397824859776214e-08
670,TMP,8.5087011947548e-08
671,IMKTA,7.791357829525554e-08
672,DGX,6.929157718604683e-08
673,WBS,6.395055647423828e-08
674,LSCC,5.8790754661787213e-08
675,HXL,4.3141352600476726e-08
676,FICO,3.7356119245835804e-08
677,HEES,3.342752161722426e-08
678,HWC,3.0397369622773516e-08
679,STAA,3.0197092682454696e-08
680,SBGI,2.4879105604315558e-08
681,AMRK,2.1359951758967416e-08
682,TTEK,2.070241642769871e-08
683,AIT,1.894567713761579e-08
684,SHW,1.5533055153408644e-08
685,JBHT,1.3953890663485494e-08
686,CNI,1.3926475055617425e-08
687,UCTT,8.06716235504671e-09
688,APOG,7.758718889871688e-09
689,CROX,6.768406228495939e-09
690,PNFP,5.457587016401821e-09
691,HAL,5.322484921769852e-09
692,ICLR,5.113400411518626e-09
693,TTD,5.067389047876346e-09
694,WST,4.753380796852413e-09
695,CDNS,4.699576492568685e-09
696,AZN,4.693253847796836e-09
697,RYAAY,4.458400401973567e-09
698,TS,4.298381111041429e-09
699,TGT,4.047212199327343e-09
700,TFC,3.716641572743171e-09
701,CASS,3.457319937240701e-09
702,MSA,3.3509968626050682e-09
703,FLS,3.2146588405850722e-09
704,ENPH,2.7769354376285047e-09
705,EXP,2.6075093192271855e-09
706,RGR,2.5839183155946435e-09
707,PLXS,2.576621638038991e-09
708,WSO,2.171074844836162e-09
709,NOAH,2.136845644477513e-09
710,BX,1.5495894917962467e-09
711,EAT,1.434581548580955e-09
712,DECK,1.386666355559933e-09
713,CRVL,1.107237026337803e-09
714,ALB,9.789418016217921e-10
715,AMED,9.722681375895456e-10
716,LMAT,8.764179674706934e-10
717,OLED,8.368400821996778e-10
718,JKS,8.249472812844574e-10
719,EBIX,7.170607318624098e-10
720,LUV,6.931736169470609e-10
721,FUN,6.926019679707821e-10
722,CF,6.817105495503968e-10
723,UFCS,3.8014697278108143e-10
724,WRB,3.441456772731979e-10
725,EOG,2.333435542007591e-10
726,FCN,2.106541977558666e-10
727,AFL,1.623860501107472e-10
728,LOW,1.5405056118970752e-10
729,MGA,1.3288215087861648e-10
730,KR,1.3158518977873587e-10
731,AME,1.291310314902915e-10
732,EME,6.688516121746977e-11
733,CBU,5.848871717014801e-11
734,HELE,5.7543813020188764e-11
735,PAYX,5.461235636658491e-11
736,AXON,4.2796944863264e-11
737,MSEX,4.134831658895348e-11
738,RRC,4.086033852469556e-11
739,CXT,3.450212232533819e-11
740,JEF,3.3773329425551874e-11
741,NDAQ,3.353525155676055e-11
742,HOG,3.2167291159763916e-11
743,ABM,2.10520881045828e-11
744,ADBE,1.7077063684316978e-11
745,SBUX,1.6960118993201667e-11
746,CQP,1.4185884971345374e-11
747,EXPI,8.829143200700619e-12
748,TYL,8.205184662280636e-12
749,RHI,4.328562641174879e-12
750,UHS,3.400537280792763e-12
751,COO,2.6913790629693083e-12
752,TOL,2.0062451403088278e-12
753,WIRE,1.193829577188515e-12
754,FTNT,1.1244575026899403e-12
755,MEI,1.0397343024153168e-12
756,MSFT,8.819645174691735e-13
757,ESE,7.108904732302796e-13
758,HIBB,4.0119165030359833e-13
759,INCY,4.007524359264625e-13
760,OXY,1.507019955483068e-13
761,DLTR,1.3902400646101548e-13
762,SIG,1.075594277197596e-13
763,B,8.694860152483606e-14
764,WWD,6.987927669272344e-14
765,PATK,2.443946518258901e-14
766,MUR,1.95712766265215e-14
767,PII,1.9154644527752814e-14
768,WSM,1.452704598249547e-14
769,BANF,1.2153406775424606e-14
770,UPBD,9.443237689784175e-15
771,EEFT,8.708640522644787e-15
772,ALGN,5.130008239447622e-15
773,JBL,3.079240106954477e-15
774,STLD,1.0468788074237933e-15
775,FLGT,9.370208655259736e-16
776,CNC,8.588282379788017e-16
777,CHDN,8.102918959565641e-16
778,ASML,7.649679847948553e-16
779,USB,7.100728281842389e-16
780,CAKE,5.484464013575845e-16
781,LEN,4.967390362120278e-16
782,CCEP,4.2832025012370885e-16
783,QDEL,3.243115069865871e-16
784,SKYW,2.840609380846251e-16
785,USPH,2.7834276724765217e-16
786,DHR,1.473663796447708e-16
787,TPL,1.2727775173466648e-16
788,TRMB,1.16138883035196e-16
789,SNEX,1.0921672238037907e-16
790,UHAL,6.859984658256601e-17
791,MANH,5.546806997075529e-17
792,NVMI,4.954117243983973e-17
793,CNQ,3.9901274713778963e-17
794,WGO,1.409989115135096e-17
795,CASH,1.0952110926372388e-17
796,CLB,1.0403417598695654e-17
797,NTAP,6.203642466728389e-18
798,ON,5.910351917877584e-18
799,IPAR,5.566435249058453e-18
800,MCRI,5.016452343917965e-18
801,TEX,2.1116831448406106e-18
802,CSGP,1.745738988665062e-18
803,RCI,8.088058446059e-19
804,AMAT,3.72714719063709e-19
805,CAMT,2.712322520884364e-19
806,FBNC,1.9680821434764112e-19
807,PRFT,1.7425359525844205e-19
808,INTC,1.5385700789557794e-19
809,FI,2.6445883541016894e-20
810,EW,1.5633993187378623e-20
811,CGNX,1.3801632132003557e-20
812,DXCM,1.0797963670004981e-20
813,RLI,8.972561530958457e-21
814,BBWI,6.5516847597163786e-21
815,SFNC,5.16462858253897e-21
816,TREX,3.337429262224514e-21
817,ANDE,1.4498902263582638e-21
818,JACK,1.4040915370588373e-21
819,UFPI,7.990410396385202e-22
820,NEE,7.428615106181931e-22
821,MLAB,5.028647820069239e-22
822,PLUS,2.7835972341765034e-22
823,RJF,1.156423950626248e-22
824,REX,1.0118291929330738e-22
825,CMC,5.956525400621302e-23
826,CRMT,5.548137020369322e-23
827,FWRD,3.119615652497363e-23
828,PCAR,3.0372753138602265e-24
829,ANSS,1.770504304050568e-24
830,AN,1.4456767748822445e-24
831,DORM,1.7003663395302849e-25
832,AOS,4.8382723924368776e-26
833,NFLX,3.626683153935051e-26
834,NKE,2.8394266629869445e-26
835,SCHW,1.9519730123145664e-26
836,IIIN,5.1795538360492246e-27
837,ISRG,2.3705946156222383e-28
838,SCCO,1.9826532599253782e-28
839,AX,4.875483135406823e-29
840,UGI,3.9335298999511634e-29
841,CSX,1.3983494218483435e-29
842,CHD,3.205556787881081e-30
843,JKHY,7.090059445491905e-32
844,AMWD,1.516998564055535e-32
845,AAON,1.1310461286542585e-32
846,SWKS,1.9044117428661906e-33
847,MED,6.23033674684928e-34
848,AZZ,2.8642240006499094e-35
849,LCII,9.762296203289421e-36
850,TSLA,1.3853629964629335e-36
851,DY,1.3170643359694303e-38
852,POOL,2.912847931153293e-39
853,URBN,8.996444264512811e-41
854,RGEN,6.833283751109627e-41
855,TSCO,2.8116610256325227e-44
856,DHI,9.454903378086856e-47
857,MCHP,7.765586769279297e-47
858,DQ,8.193899560523776e-49
859,SHOO,4.072044562631293e-50
860,MIDD,5.686078516733264e-53
861,DIOD,1.6793773294463286e-53
862,GEN,2.9936426675487854e-54
863,TECH,5.285326400776676e-55
864,EXPD,4.372979031940978e-56
865,FCFS,2.0911088969323434e-56
866,SLP,6.130902252711354e-57
867,MDC,6.530869397544842e-60
868,ODFL,4.838465946558223e-61
869,MTCH,6.342440816342202e-62
870,GNTX,8.490611757008289e-71
871,QCOM,3.416698296454567e-85
872,BOOM,2.5787098594412646e-116
873,TSM,0.0
874,WMT,0.0
875,JPM,0.0
876,XOM,0.0
877,NVO,0.0
878,JNJ,0.0
879,PG,0.0
880,ORCL,0.0
881,MRK,0.0
882,KO,0.0
883,PEP,0.0
884,SHEL,0.0
885,NVS,0.0
886,SAP,0.0
887,CMCSA,0.0
888,PFE,0.0
889,TTE,0.0
890,WFC,0.0
891,BHP,0.0
892,VZ,0.0
893,HSBC,0.0
894,PM,0.0
895,IBM,0.0
896,COP,0.0
897,HDB,0.0
898,GE,0.0
899,UL,0.0
900,RY,0.0
901,BUD,0.0
902,RTX,0.0
903,SNY,0.0
904,RIO,0.0
905,TD,0.0
906,BMY,0.0
907,SONY,0.0
908,MUFG,0.0
909,PBR,0.0
910,EQNR,0.0
911,MDLZ,0.0
912,PGR,0.0
913,CVS,0.0
914,UBS,0.0
915,IBN,0.0
916,BSX,0.0
917,SO,0.0
918,MO,0.0
919,ENB,0.0
920,GSK,0.0
921,BTI,0.0
922,INFY,0.0
923,VALE,0.0
924,SAN,0.0
925,STLA,0.0
926,SMFG,0.0
927,CL,0.0
928,MAR,0.0
929,MPC,0.0
930,EPD,0.0
931,BN,0.0
932,HMC,0.0
933,AMX,0.0
934,E,0.0
935,ITUB,0.0
936,PXD,0.0
937,APH,0.0
938,BBVA,0.0
939,BNS,0.0
940,FCX,0.0
941,RSG,0.0
942,ING,0.0
943,CRH,0.0
944,NGG,0.0
945,ET,0.0
946,KDP,0.0
947,AIG,0.0
948,ABEV,0.0
949,CARR,0.0
950,TAK,0.0
951,SU,0.0
952,VLO,0.0
953,WMB,0.0
954,MFG,0.0
955,KHC,0.0
956,AEP,0.0
957,WDS,0.0
958,ADM,0.0
959,D,0.0
960,STM,0.0
961,EXC,0.0
962,KMI,0.0
963,PCG,0.0
964,HLN,0.0
965,TRP,0.0
966,BCE,0.0
967,BK,0.0
968,MPLX,0.0
969,JCI,0.0
970,MFC,0.0
971,FAST,0.0
972,CTSH,0.0
973,CVE,0.0
974,FERG,0.0
975,LYG,0.0
976,XEL,0.0
977,CTVA,0.0
978,QSR,0.0
979,ORAN,0.0
980,PUK,0.0
981,IMO,0.0
982,ED,0.0
983,BBDO,0.0
984,BBD,0.0
985,ACGL,0.0
986,GFS,0.0
987,SLF,0.0
988,DVN,0.0
989,HPQ,0.0
990,CHT,0.0
991,GOLD,0.0
992,FMX,0.0
993,PKX,0.0
994,BCS,0.0
995,TU,0.0
996,EIX,0.0
997,VOD,0.0
998,GLW,0.0
999,EC,0.0
1000,DB,0.0
1001,WIT,0.0
1002,CBRE,0.0
1003,BSBR,0.0
1004,FTV,0.0
1005,GIB,0.0
1006,TEF,0.0
1007,FWONA,0.0
1008,DAL,0.0
1009,TCOM,0.0
1010,HIG,0.0
1011,TLK,0.0
1012,NWG,0.0
1013,TROW,0.0
1014,GMAB,0.0
1015,HWM,0.0
1016,FE,0.0
1017,HPE,0.0
1018,BRO,0.0
1019,LYV,0.0
1020,CTRA,0.0
1021,NOK,0.0
1022,FTS,0.0
1023,ES,0.0
1024,SIRI,0.0
1025,ARES,0.0
1026,MT,0.0
1027,PPL,0.0
1028,YUMC,0.0
1029,ZTO,0.0
1030,UMC,0.0
1031,EBR,0.0
1032,PHM,0.0
1033,CCJ,0.0
1034,PTC,0.0
1035,BIP,0.0
1036,K,0.0
1037,RKT,0.0
1038,HRL,0.0
1039,PBA,0.0
1040,MKC,0.0
1041,HOLX,0.0
1042,CNP,0.0
1043,VIV,0.0
1044,J,0.0
1045,EQT,0.0
1046,AKAM,0.0
1047,ATO,0.0
1048,VRT,0.0
1049,ASX,0.0
1050,BAH,0.0
1051,BMRN,0.0
1052,BALL,0.0
1053,RPRX,0.0
1054,ERIC,0.0
1055,HBAN,0.0
1056,BLDR,0.0
1057,BSY,0.0
1058,OMC,0.0
1059,KB,0.0
1060,SMCI,0.0
1061,TXT,0.0
1062,BBY,0.0
1063,MRO,0.0
1064,L,0.0
1065,RTO,0.0
1066,FOXA,0.0
1067,FOX,0.0
1068,LOGI,0.0
1069,SHG,0.0
1070,CNHI,0.0
1071,SSNC,0.0
1072,AMCR,0.0
1073,CAG,0.0
1074,MAS,0.0
1075,JHX,0.0
1076,UAL,0.0
1077,RPM,0.0
1078,AVTR,0.0
1079,XP,0.0
1080,CFG,0.0
1081,ACI,0.0
1082,SYF,0.0
1083,BEN,0.0
1084,IHG,0.0
1085,AGR,0.0
1086,NWS,0.0
1087,TME,0.0
1088,NWSA,0.0
1089,FNF,0.0
1090,CPB,0.0
1091,NMR,0.0
1092,IP,0.0
1093,PSTG,0.0
1094,GFI,0.0
1095,FLEX,0.0
1096,H,0.0
1097,IPG,0.0
1098,EVRG,0.0
1099,OC,0.0
1100,KEY,0.0
1101,SNN,0.0
1102,VTRS,0.0
1103,TRU,0.0
1104,GL,0.0
1105,RBA,0.0
1106,RDY,0.0
1107,PAA,0.0
1108,KMX,0.0
1109,CX,0.0
1110,NIMC,0.0
1111,NRG,0.0
1112,WES,0.0
1113,NI,0.0
1114,CNA,0.0
1115,BCH,0.0
1116,USFD,0.0
1117,OTEX,0.0
1118,PR,0.0
1119,YPF,0.0
1120,CCK,0.0
1121,DKS,0.0
1122,DOX,0.0
1123,WTRG,0.0
1124,COTY,0.0
1125,BJ,0.0
1126,DBX,0.0
1127,EQH,0.0
1128,QRVO,0.0
1129,UWMC,0.0
1130,SUN,0.0
1131,TTC,0.0
1132,QGEN,0.0
1133,CLH,0.0
1134,SBS,0.0
1135,NVT,0.0
1136,JNPR,0.0
1137,ITT,0.0
1138,ONON,0.0
1139,PARA,0.0
1140,EWBC,0.0
1141,BSAC,0.0
1142,PARAA,0.0
1143,MEDP,0.0
1144,ALV,0.0
1145,CLF,0.0
1146,KNX,0.0
1147,BRKR,0.0
1148,LSXMK,0.0
1149,LSXMA,0.0
1150,TIMB,0.0
1151,DLB,0.0
1152,PSO,0.0
1153,SKM,0.0
1154,ALLY,0.0
1155,GGB,0.0
1156,PNW,0.0
1157,SKX,0.0
1158,AAL,0.0
1159,SSL,0.0
1160,AR,0.0
1161,MNSO,0.0
1162,GRFS,0.0
1163,BWA,0.0
1164,VIPS,0.0
1165,ORI,0.0
1166,CNM,0.0
1167,STN,0.0
1168,NOV,0.0
1169,SEIC,0.0
1170,X,0.0
1171,YMM,0.0
1172,SWN,0.0
1173,STVN,0.0
1174,WSC,0.0
1175,VOYA,0.0
1176,NFE,0.0
1177,DCI,0.0
1178,JLL,0.0
1179,NYT,0.0
1180,BERY,0.0
1181,WF,0.0
1182,TX,0.0
1183,TPR,0.0
1184,ARMK,0.0
1185,CIB,0.0
1186,DAR,0.0
1187,BWXT,0.0
1188,FHN,0.0
1189,TPX,0.0
1190,APG,0.0
1191,MTDR,0.0
1192,GPK,0.0
1193,WFRD,0.0
1194,VFC,0.0
1195,OGE,0.0
1196,CCCS,0.0
1197,AXTA,0.0
1198,DSGX,0.0
1199,MAT,0.0
1200,NYCB,0.0
1201,LBTYK,0.0
1202,CHRD,0.0
1203,LBTYA,0.0
1204,CIVI,0.0
1205,SSD,0.0
1206,CAE,0.0
1207,ICL,0.0
1208,EXEL,0.0
1209,NE,0.0
1210,HRB,0.0
1211,PSN,0.0
1212,CIG,0.0
1213,WFG,0.0
1214,FLR,0.0
1215,EHC,0.0
1216,SF,0.0
1217,WH,0.0
1218,AMKR,0.0
1219,LBTYB,0.0
1220,ELF,0.0
1221,PPC,0.0
1222,AM,0.0
1223,IVZ,0.0
1224,GIL,0.0
1225,KT,0.0
1226,BRBR,0.0
1227,G,0.0
1228,LEVI,0.0
1229,ENSG,0.0
1230,MTSI,0.0
1231,FAF,0.0
1232,ENLC,0.0
1233,OLN,0.0
1234,SSB,0.0
1235,ATI,0.0
1236,PLNT,0.0
1237,CHH,0.0
1238,REYN,0.0
1239,SIM,0.0
1240,BLCO,0.0
1241,CPRI,0.0
1242,DLO,0.0
1243,FSK,0.0
1244,PB,0.0
1245,ELP,0.0
1246,ALGM,0.0
1247,UGP,0.0
1248,DRS,0.0
1249,DTM,0.0
1250,EVR,0.0
1251,IGT,0.0
1252,SON,0.0
1253,THO,0.0
1254,WAL,0.0
1255,ADT,0.0
1256,FYBR,0.0
1257,POST,0.0
1258,OPCH,0.0
1259,VNT,0.0
1260,HALO,0.0
1261,FOUR,0.0
1262,FG,0.0
1263,NXST,0.0
1264,ZWS,0.0
1265,BFAM,0.0
1266,PAM,0.0
1267,AGI,0.0
1268,VAL,0.0
1269,ST,0.0
1270,BECN,0.0
1271,PTEN,0.0
1272,IDA,0.0
1273,MTG,0.0
1274,NSIT,0.0
1275,ESI,0.0
1276,NEU,0.0
1277,BXSL,0.0
1278,FRO,0.0
1279,TMHC,0.0
1280,VVV,0.0
1281,PHI,0.0
1282,MMS,0.0
1283,NFG,0.0
1284,COLB,0.0
1285,CWST,0.0
1286,ALK,0.0
1287,MLI,0.0
1288,LNTH,0.0
1289,RRR,0.0
1290,IRDM,0.0
1291,TDC,0.0
1292,CADE,0.0
1293,UGIC,0.0
1294,CWEN,0.0
1295,MGY,0.0
1296,SLGN,0.0
1297,KEX,0.0
1298,HOMB,0.0
1299,VLY,0.0
1300,UBSI,0.0
1301,KOF,0.0
1302,ACT,0.0
1303,FLO,0.0
1304,WU,0.0
1305,POWI,0.0
1306,SM,0.0
1307,ONB,0.0
1308,GGAL,0.0
1309,AEL,0.0
1310,FNB,0.0
1311,JHG,0.0
1312,SFM,0.0
1313,KBH,0.0
1314,FSS,0.0
1315,ENIC,0.0
1316,TKC,0.0
1317,POR,0.0
1318,SRCL,0.0
1319,MMSI,0.0
1320,THG,0.0
1321,LOPE,0.0
1322,NJR,0.0
1323,SNDR,0.0
1324,SUM,0.0
1325,RDN,0.0
1326,CC,0.0
1327,NVST,0.0
1328,GT,0.0
1329,HGV,0.0
1330,SPXC,0.0
1331,WEN,0.0
1332,EXPO,0.0
1333,TGS,0.0
1334,BTG,0.0
1335,HP,0.0
1336,AEO,0.0
1337,SMPL,0.0
1338,YETI,0.0
1339,ATS,0.0
1340,MDU,0.0
1341,GBCI,0.0
1342,TFSL,0.0
1343,AGO,0.0
1344,COOP,0.0
1345,CPG,0.0
1346,GOLF,0.0
1347,CLS,0.0
1348,BOX,0.0
1349,SID,0.0
1350,PNM,0.0
1351,PENN,0.0
1352,NOG,0.0
1353,SBSW,0.0
1354,AWI,0.0
1355,JXN,0.0
1356,BSM,0.0
1357,EURN,0.0
1358,STR,0.0
1359,BKH,0.0
1360,ACA,0.0
1361,ASAI,0.0
1362,M,0.0
1363,OGS,0.0
1364,WHD,0.0
1365,UA,0.0
1366,MAIN,0.0
1367,UAA,0.0
1368,SLM,0.0
1369,JBT,0.0
1370,ERF,0.0
1371,BTE,0.0
1372,VRRM,0.0
1373,LBRT,0.0
1374,NNI,0.0
1375,OTTR,0.0
1376,MC,0.0
1377,SLAB,0.0
1378,CVI,0.0
1379,CCOI,0.0
1380,AMR,0.0
1381,RUSHB,0.0
1382,GEF,0.0
1383,KOS,0.0
1384,BHF,0.0
1385,CD,0.0
1386,NWL,0.0
1387,LEG,0.0
1388,CRK,0.0
1389,TGNA,0.0
1390,LAZ,0.0
1391,GTES,0.0
1392,PAGP,0.0
1393,PGNY,0.0
1394,STNG,0.0
1395,CEIX,0.0
1396,YELP,0.0
1397,IART,0.0
1398,AB,0.0
1399,SRAD,0.0
1400,BTU,0.0
1401,PDCO,0.0
1402,MEOH,0.0
1403,APAM,0.0
1404,ABCB,0.0
1405,FORM,0.0
1406,PLTK,0.0
1407,TSEM,0.0
1408,AWR,0.0
1409,KRP,0.0
1410,SEM,0.0
1411,ZGN,0.0
1412,CWT,0.0
1413,BMA,0.0
1414,OGN,0.0
1415,GO,0.0
1416,ALRM,0.0
1417,IBOC,0.0
1418,HI,0.0
1419,BUR,0.0
1420,TIGO,0.0
1421,HGTY,0.0
1422,BDC,0.0
1423,TPH,0.0
1424,SANM,0.0
1425,CNO,0.0
1426,NOMD,0.0
1427,CBZ,0.0
1428,MHO,0.0
1429,GHC,0.0
1430,ACIW,0.0
1431,VIRT,0.0
1432,ARLP,0.0
1433,FHI,0.0
1434,NVEI,0.0
1435,TNL,0.0
1436,AMPH,0.0
1437,FTDR,0.0
1438,WNS,0.0
1439,ASB,0.0
1440,CATY,0.0
1441,AVA,0.0
1442,IOSP,0.0
1443,HTZ,0.0
1444,FIBK,0.0
1445,CRI,0.0
1446,HEP,0.0
1447,AVAL,0.0
1448,WB,0.0
1449,TRMD,0.0
1450,NPO,0.0
1451,KLIC,0.0
1452,TRIP,0.0
1453,GMS,0.0
1454,GNW,0.0
1455,SITM,0.0
1456,BRC,0.0
1457,TAC,0.0
1458,FBP,0.0
1459,CORT,0.0
1460,LTHM,0.0
1461,YY,0.0
1462,CSTM,0.0
1463,USAC,0.0
1464,MOD,0.0
1465,CVBF,0.0
1466,GBDC,0.0
1467,RUN,0.0
1468,MGRC,0.0
1469,HAYW,0.0
1470,CALX,0.0
1471,RLX,0.0
1472,QFIN,0.0
1473,FISK,0.0
1474,AMN,0.0
1475,INDB,0.0
1476,VIST,0.0
1477,FHB,0.0
1478,PINC,0.0
1479,JWN,0.0
1480,REZI,0.0
1481,IDCC,0.0
1482,HUBG,0.0
1483,AUB,0.0
1484,ESBA,0.0
1485,HTGC,0.0
1486,GPOR,0.0
1487,AMTD,0.0
1488,GLNG,0.0
1489,NPWR,0.0
1490,SSRM,0.0
1491,ARRY,0.0
1492,CERT,0.0
1493,FULT,0.0
1494,LU,0.0
1495,PRGS,0.0
1496,CEPU,0.0
1497,PRMW,0.0
1498,NMIH,0.0
1499,CARG,0.0
1500,RXO,0.0
1501,OI,0.0
1502,VRTV,0.0
1503,INSW,0.0
1504,DFH,0.0
1505,BOOT,0.0
1506,OGCP,0.0
1507,MCW,0.0
1508,PZZA,0.0
1509,CENT,0.0
1510,OR,0.0
1511,EVTC,0.0
1512,CPE,0.0
1513,NS,0.0
1514,ROAD,0.0
1515,CCU,0.0
1516,ARCO,0.0
1517,EXTR,0.0
1518,AROC,0.0
1519,NEP,0.0
1520,EBC,0.0
1521,IAS,0.0
1522,TR,0.0
1523,AMBP,0.0
1524,OII,0.0
1525,IFS,0.0
1526,GRBK,0.0
1527,PPBI,0.0
1528,VET,0.0
1529,VCTR,0.0
1530,TBBK,0.0
1531,BVN,0.0
1532,HPK,0.0
1533,PAX,0.0
1534,BLMN,0.0
1535,ROCK,0.0
1536,TCN,0.0
1537,PARR,0.0
1538,BBAR,0.0
1539,MWA,0.0
1540,SJW,0.0
1541,FL,0.0
1542,STRL,0.0
1543,PJT,0.0
1544,LAUR,0.0
1545,ITCL,0.0
1546,SBCF,0.0
1547,TDS,0.0
1548,NAVI,0.0
1549,GVA,0.0
1550,DRVN,0.0
1551,HTH,0.0
1552,TRN,0.0
1553,FA,0.0
1554,PTVE,0.0
1555,TGH,0.0
1556,TROX,0.0
1557,SIX,0.0
1558,OSIS,0.0
1559,HURN,0.0
1560,FFBC,0.0
1561,TOWN,0.0
1562,CWK,0.0
1563,TIXT,0.0
1564,SBLK,0.0
1565,CAAP,0.0
1566,KMT,0.0
1567,DOOR,0.0
1568,BKU,0.0
1569,FRME,0.0
1570,AMK,0.0
1571,CLBK,0.0
1572,DISH,0.0
1573,TSLX,0.0
1574,HNI,0.0
1575,VIAV,0.0
1576,TALO,0.0
1577,PGTI,0.0
1578,BKE,0.0
1579,GTX,0.0
1580,ODP,0.0
1581,CWH,0.0
1582,WAFD,0.0
1583,LOMA,0.0
1584,AGM,0.0
1585,DK,0.0
1586,DVAX,0.0
1587,WLY,0.0
1588,AFYA,0.0
1589,VICR,0.0
1590,NBTB,0.0
1591,TNK,0.0
1592,WLYB,0.0
1593,NWLI,0.0
1594,PRIM,0.0
1595,DHT,0.0
1596,COCO,0.0
1597,VGR,0.0
1598,KW,0.0
1599,TGLS,0.0
1600,PLAY,0.0
1601,SGHC,0.0
1602,FLNG,0.0
1603,CRCT,0.0
1604,GSBD,0.0
1605,DFIN,0.0
1606,WSBC,0.0
1607,MBC,0.0
1608,RES,0.0
1609,SEAT,0.0
1610,IBTX,0.0
1611,AMEH,0.0
1612,VSCO,0.0
1613,GCMG,0.0
1614,FBK,0.0
1615,RNST,0.0
1616,NVEE,0.0
1617,OFG,0.0
1618,CNXN,0.0
1619,CLBT,0.0
1620,BANR,0.0
1621,VECO,0.0
1622,FOR,0.0
1623,THRM,0.0
1624,COHU,0.0
1625,SUPN,0.0
1626,EPAC,0.0
1627,MRTN,0.0
1628,SFL,0.0
1629,OCSL,0.0
1630,HBM,0.0
1631,JBI,0.0
1632,EYE,0.0
1633,IRWD,0.0
1634,CSGS,0.0
1635,GOGL,0.0
1636,ATUS,0.0
1637,LPG,0.0
1638,DNN,0.0
1639,TTMI,0.0
1640,EFSC,0.0
1641,HRMY,0.0
1642,NTCT,0.0
1643,MLNK,0.0
1644,MXL,0.0
1645,PLMR,0.0
1646,SONO,0.0
1647,CPRX,0.0
1648,NWBI,0.0
1649,CODI,0.0
1650,LKFN,0.0
1651,VRNT,0.0
1652,PNT,0.0
1653,CUBI,0.0
1654,NTB,0.0
1655,MBIN,0.0
1656,GEL,0.0
1657,HLIO,0.0
1658,FINV,0.0
1659,OMI,0.0
1660,HOLI,0.0
1661,HE,0.0
1662,SPNS,0.0
1663,ADUS,0.0
1664,TRMK,0.0
1665,GIC,0.0
1666,NWN,0.0
1667,SYBT,0.0
1668,SCS,0.0
1669,FCF,0.0
1670,PLAB,0.0
1671,LZB,0.0
1672,CRTO,0.0
1673,SAND,0.0
1674,PERI,0.0
1675,TARO,0.0
1676,WABC,0.0
1677,NMRK,0.0
1678,GOGO,0.0
1679,RPAY,0.0
1680,MOMO,0.0
1681,HWKN,0.0
1682,PCRX,0.0
1683,JELD,0.0
1684,UVV,0.0
1685,IESC,0.0
1686,HTLF,0.0
1687,ABCL,0.0
1688,MNTK,0.0
1689,CTOS,0.0
1690,MRVI,0.0
1691,HLF,0.0
1692,PRG,0.0
1693,CARS,0.0
1694,STEL,0.0
1695,GES,0.0
1696,STGW,0.0
1697,KFRC,0.0
1698,NBHC,0.0
1699,CTS,0.0
1700,OLPX,0.0
1701,STC,0.0
1702,NAPA,0.0
1703,TCBK,0.0
1704,MMI,0.0
1705,ENVA,0.0
1706,WKC,0.0
1707,HLIT,0.0
1708,SRCE,0.0
1709,HOPE,0.0
1710,CHGG,0.0
1711,BUSE,0.0
1712,ARHS,0.0
1713,PFS,0.0
1714,IRS,0.0
1715,GRND,0.0
1716,NVTS,0.0
1717,USLM,0.0
1718,UFPT,0.0
1719,DSGR,0.0
1720,BVH,0.0
1721,GBX,0.0
1722,PRDO,0.0
1723,FDP,0.0
1724,CMRE,0.0
1725,TH,0.0
1726,GLP,0.0
1727,NIC,0.0
1728,AGRO,0.0
1729,DMLP,0.0
1730,DOLE,0.0
1731,AHCO,0.0
1732,KEN,0.0
1733,PTLO,0.0
1734,DNOW,0.0
1735,OSW,0.0
1736,BRDG,0.0
1737,ERO,0.0
1738,GOOS,0.0
1739,STBA,0.0
1740,CRESY,0.0
1741,PX,0.0
1742,ECVT,0.0
1743,KNSA,0.0
1744,FIGS,0.0
1745,ERII,0.0
1746,ACMR,0.0
1747,THR,0.0
1748,STER,0.0
1749,OPAL,0.0
1750,NVGS,0.0
1751,SPH,0.0
1752,OPRA,0.0
1753,GDEN,0.0
1754,FWRG,0.0
1755,VBTX,0.0
1756,PEBO,0.0
1757,PLYA,0.0
1758,MAG,0.0
1759,SASR,0.0
1760,HTLD,0.0
1761,RVLV,0.0
1762,ATSG,0.0
1763,HIMX,0.0
1764,PUMP,0.0
1765,ECPG,0.0
1766,OBK,0.0
1767,TRS,0.0
1768,CMCO,0.0
1769,LESL,0.0
1770,AGTI,0.0
1771,CHEF,0.0
1772,WT,0.0
1773,KRO,0.0
1774,WNC,0.0
1775,SP,0.0
1776,WOOF,0.0
1777,POWL,0.0
1778,NX,0.0
1779,SCRM,0.0
1780,SCRMU,0.0
1781,BCSF,0.0
1782,SBH,0.0
1783,PACW,0.0
1784,CAL,0.0
1785,PFBC,0.0
1786,CVII,0.0
1787,EIG,0.0
1788,MBUU,0.0
1789,BZH,0.0
1790,EVRI,0.0
1791,BBDC,0.0
1792,PWP,0.0
1793,BHLB,0.0
1794,REVG,0.0
1795,ALTI,0.0
1796,CHS,0.0
1797,METC,0.0
1798,BY,0.0
1799,ACEL,0.0
1800,NAT,0.0
1801,ORLA,0.0
1802,GSM,0.0
1803,MNRO,0.0
1804,MKTW,0.0
1805,ARCE,0.0
1806,MRC,0.0
1807,ATEN,0.0
1808,NUS,0.0
1809,DGII,0.0
1810,FORTY,0.0
1811,SBR,0.0
1812,GABC,0.0
1813,SBSI,0.0
1814,TMST,0.0
1815,KOP,0.0
1816,USNA,0.0
1817,INVA,0.0
1818,WTTR,0.0
1819,NRP,0.0
1820,YALA,0.0
1821,CSWC,0.0
1822,QCRH,0.0
1823,PBT,0.0
1824,SLCA,0.0
1825,BFC,0.0
1826,IMOS,0.0
1827,TTEC,0.0
1828,ARKO,0.0
1829,AMPS,0.0
1830,EWCZ,0.0
1831,OCFC,0.0
1832,CAPL,0.0
1833,SPLP,0.0
1834,TTGT,0.0
1835,AXL,0.0
1836,SATS,0.0
1837,FBMS,0.0
1838,LBAI,0.0
1839,DLX,0.0
1840,BRKL,0.0
1841,PUBM,0.0
1842,TWI,0.0
1843,SBOW,0.0
1844,BLX,0.0
1845,MD,0.0
1846,GRC,0.0
1847,RBCAA,0.0
1848,TGI,0.0
1849,SCSC,0.0
1850,DCOM,0.0
1851,TRNS,0.0
1852,GRNT,0.0
1853,DRQ,0.0
1854,UTL,0.0
1855,HKD,0.0
1856,PHAR,0.0
1857,SNCY,0.0
1858,SILV,0.0
1859,CTKB,0.0
1860,SMP,0.0
1861,VREX,0.0
1862,ASTL,0.0
1863,NEXA,0.0
1864,KARO,0.0
1865,HSTM,0.0
1866,WLKP,0.0
1867,GHLD,0.0
1868,SPTN,0.0
1869,ICHR,0.0
1870,DRD,0.0
1871,GTN,0.0
1872,HCSG,0.0
1873,AEHR,0.0
1874,CGBD,0.0
1875,CNOB,0.0
1876,FMBH,0.0
1877,SXC,0.0
1878,LPRO,0.0
1879,CTBI,0.0
1880,CINT,0.0
1881,BBSI,0.0
1882,IMXI,0.0
1883,ASLE,0.0
1884,PFC,0.0
1885,BSIG,0.0
1886,BANC,0.0
1887,EGBN,0.0
1888,BV,0.0
1889,FTCH,0.0
1890,DCO,0.0
1891,IDT,0.0
1892,IMTX,0.0
1893,TDCX,0.0
1894,CCRN,0.0
1895,BJRI,0.0
1896,BELFA,0.0
1897,ASIX,0.0
1898,PBI,0.0
1899,OFLX,0.0
1900,ETD,0.0
1901,AMTB,0.0
1902,XPOF,0.0
1903,BELFB,0.0
1904,NMM,0.0
1905,GHIXU,0.0
1906,GHIX,0.0
1907,CECO,0.0
1908,GNE,0.0
1909,AMBC,0.0
1910,GOTU,0.0
1911,SWBI,0.0
1912,THRY,0.0
1913,ALCC,0.0
1914,OSBC,0.0
1915,HRT,0.0
1916,LXU,0.0
1917,TNP,0.0
1918,PRM,0.0
1919,AMAL,0.0
1920,MYE,0.0
1921,SSP,0.0
1922,PLPC,0.0
1923,EAF,0.0
1924,FCBC,0.0
1925,AMCX,0.0
1926,PFLT,0.0
1927,TK,0.0
1928,DBI,0.0
1929,PLOW,0.0
1930,MERC,0.0
1931,GSL,0.0
1932,LQDT,0.0
1933,LC,0.0
1934,HBT,0.0
1935,GSBC,0.0
1936,AOSL,0.0
1937,KE,0.0
1938,CHUY,0.0
1939,ZEUS,0.0
1940,DCGO,0.0
1941,CCAP,0.0
1942,OBE,0.0
1943,TTI,0.0
1944,HCKT,0.0
1945,CION,0.0
1946,TITN,0.0
1947,GNK,0.0
1948,CFB,0.0
1949,HDSN,0.0
1950,MBWM,0.0
1951,TILE,0.0
1952,NPK,0.0
1953,NOA,0.0
1954,LEGH,0.0
1955,FRPH,0.0
1956,UVSP,0.0
1957,EBF,0.0
1958,GPRO,0.0
1959,CVLG,0.0
1960,SD,0.0
1961,FDUS,0.0
1962,WTI,0.0
1963,HSII,0.0
1964,CCB,0.0
1965,HTBK,0.0
1966,YORW,0.0
1967,MCBS,0.0
1968,ASC,0.0
1969,ZYME,0.0
1970,BFST,0.0
1971,BRY,0.0
1972,VINP,0.0
1973,TRST,0.0
1974,REPX,0.0
1975,IRMD,0.0
1976,VITL,0.0
1977,CWCO,0.0
1978,NGL,0.0
1979,IGIC,0.0
1980,GPRK,0.0
1981,ITRN,0.0
1982,DENN,0.0
1983,HAFC,0.0
1984,FC,0.0
1985,MSBI,0.0
1986,HVT,0.0
1987,HONE,0.0
1988,GAMB,0.0
1989,ATRI,0.0
1990,SMBC,0.0
1991,DAKT,0.0
1992,BWMX,0.0
1993,KRNY,0.0
1994,CAC,0.0
1995,RWAY,0.0
1996,VEL,0.0
1997,GAIN,0.0
1998,HLLY,0.0
1999,LND,0.0
2000,DXPE,0.0
2001,CCBG,0.0
2002,HBNC,0.0
2003,CPAC,0.0
2004,CPF,0.0
2005,RGP,0.0
2006,FMNB,0.0
2007,DHIL,0.0
2008,EZPW,0.0
2009,PGC,0.0
2010,HCVIU,0.0
2011,HCVI,0.0
2012,CATC,0.0
2013,BOC,0.0
2014,LBC,0.0
2015,FORR,0.0
2016,GRVY,0.0
2017,WASH,0.0
2018,IBCP,0.0
2019,ATLC,0.0
2020,MOV,0.0
2021,AMNB,0.0
2022,WDH,0.0
2023,TRTL,0.0
2024,CMPO,0.0
2025,MLR,0.0
2026,ELVN,0.0
2027,SPFI,0.0
2028,GLAD,0.0
2029,NFBK,0.0
2030,TRC,0.0
2031,CCNE,0.0
2032,EGY,0.0
2033,GCBC,0.0
2034,ARTNA,0.0
2035,NBN,0.0
2036,THFF,0.0
2037,LMB,0.0
2038,CCVI,0.0
2039,SLAM,0.0
2040,SLAMU,0.0
2041,BROG,0.0
2042,BBCP,0.0
2043,PTSI,0.0
2044,SGU,0.0
2045,PAHC,0.0
2046,TBI,0.0
2047,KRT,0.0
2048,ONEW,0.0
2049,MGIC,0.0
2050,EXK,0.0
2051,AROW,0.0
2052,HNRG,0.0
2053,VALU,0.0
2054,CLFD,0.0
2055,FFIC,0.0
2056,HRZN,0.0
2057,BWMN,0.0
2058,VPG,0.0
2059,TPB,0.0
2060,SHBI,0.0
2061,SHYF,0.0
2062,SVM,0.0
2063,OPY,0.0
2064,HTBI,0.0
2065,SOI,0.0
2066,VTRU,0.0
2067,BHB,0.0
2068,ESQ,0.0
2069,ODC,0.0
2070,FSBC,0.0
2071,LEV,0.0
2072,SB,0.0
2073,CYD,0.0
2074,PNTG,0.0
2075,GLRE,0.0
2076,RSVR,0.0
2077,AMSWA,0.0
2078,ALRS,0.0
2079,BBW,0.0
2080,CGEM,0.0
2081,GHI,0.0
2082,NETI,0.0
2083,SMBK,0.0
2084,APGB,0.0
2085,UHG,0.0
2086,ZUMZ,0.0
2087,FANH,0.0
2088,MCFT,0.0
2089,LYTS,0.0
2090,CYH,0.0
2091,GCO,0.0
2092,LSEA,0.0
2093,KCGI,0.0
2094,VHI,0.0
2095,HIFS,0.0
2096,SIGA,0.0
2097,EMLD,0.0
2098,EMLDU,0.0
2099,SENEA,0.0
2100,ITOS,0.0
2101,SENEB,0.0
2102,RRBI,0.0
2103,OSG,0.0
2104,FFWM,0.0
2105,CURV,0.0
2106,ALTG,0.0
2107,EVC,0.0
2108,MPB,0.0
2109,LX,0.0
2110,IVCA,0.0
2111,GNTY,0.0
2112,RRAC,0.0
2113,DSX,0.0
2114,MPX,0.0
2115,MCBC,0.0
2116,CSTR,0.0
2117,BHRB,0.0
2118,EBTC,0.0
2119,EEX,0.0
2120,NEWT,0.0
2121,SAR,0.0
2122,SJT,0.0
2123,ORGO,0.0
2124,CDMO,0.0
2125,JILL,0.0
2126,SVII,0.0
2127,UTI,0.0
2128,SVIIU,0.0
2129,PANL,0.0
2130,ACNB,0.0
2131,VLGEA,0.0
2132,CSV,0.0
2133,AUDC,0.0
2134,SMMF,0.0
2135,IBEX,0.0
2136,BMRC,0.0
2137,SENS,0.0
2138,SPOK,0.0
2139,RENEU,0.0
2140,RENE,0.0
2141,FRBA,0.0
2142,SCM,0.0
2143,WTBA,0.0
2144,UTMD,0.0
2145,REI,0.0
2146,LCAA,0.0
2147,CZNC,0.0
2148,HBCP,0.0
2149,OPFI,0.0
2150,PKE,0.0
2151,EVI,0.0
2152,PFIS,0.0
2153,IVCBU,0.0
2154,IVCB,0.0
2155,JWSM,0.0
2156,GPP,0.0
2157,BWB,0.0
2158,KODK,0.0
2159,ZYXI,0.0
2160,FDBC,0.0
2161,RBB,0.0
2162,CARE,0.0
2163,LOCO,0.0
2164,LINC,0.0
2165,PBPB,0.0
2166,WHF,0.0
2167,SSTI,0.0
2168,DXLG,0.0
2169,MLP,0.0
2170,GWRS,0.0
2171,WLFC,0.0
2172,CPLP,0.0
2173,RLGT,0.0
2174,SKGR,0.0
2175,FBIZ,0.0
2176,PROC,0.0
2177,ITIC,0.0
2178,FNLC,0.0
2179,CAN,0.0
2180,BSRR,0.0
2181,CDAQU,0.0
2182,JAKK,0.0
2183,TTSH,0.0
2184,CDAQ,0.0
2185,RDVT,0.0
2186,CBNK,0.0
2187,SLND,0.0
2188,VMD,0.0
2189,VLD,0.0
2190,TRMR,0.0
2191,GHL,0.0
2192,AVD,0.0
2193,SIFY,0.0
2194,FISI,0.0
2195,JFIN,0.0
2196,BCAL,0.0
2197,JMSB,0.0
2198,FMAO,0.0
2199,ESCA,0.0
2200,NFYS,0.0
2201,CZFS,0.0
2202,NATH,0.0
2203,FF,0.0
2204,PRLHU,0.0
2205,PRLH,0.0
2206,UNTY,0.0
2207,SEDA,0.0
2208,IPI,0.0
2209,CIX,0.0
2210,TCI,0.0
2211,NC,0.0
2212,SMLR,0.0
2213,NRIM,0.0
2214,FLIC,0.0
2215,BKCC,0.0
2216,OBT,0.0
2217,TLYS,0.0
2218,WEYS,0.0
2219,RNGR,0.0
2220,CFIV,0.0
2221,BOCN,0.0
2222,MVBF,0.0
2223,ORRF,0.0
2224,PEGR,0.0
2225,SKIN,0.0
2226,PEGRU,0.0
2227,NL,0.0
2228,HFFG,0.0
2229,FRST,0.0
2230,CIVB,0.0
2231,MSB,0.0
2232,PLAO,0.0
2233,PLAOU,0.0
2234,NEN,0.0
2235,MEC,0.0
2236,PCYO,0.0
2237,WSBF,0.0
2238,BCML,0.0
2239,FSBW,0.0
2240,APTM,0.0
2241,AMPY,0.0
2242,APTMU,0.0
2243,NECB,0.0
2244,TSBK,0.0
2245,SFST,0.0
2246,APCA,0.0
2247,GBBK,0.0
2248,TCBX,0.0
2249,MNTN,0.0
2250,LXFR,0.0
2251,FET,0.0
2252,QUAD,0.0
2253,RM,0.0
2254,SSBK,0.0
2255,SAMG,0.0
2256,MBCN,0.0
2257,CMCL,0.0
2258,CNDA,0.0
2259,PCB,0.0
2260,BRLT,0.0
2261,BSVN,0.0
2262,NWFL,0.0
2263,CONX,0.0
2264,BLFY,0.0
2265,CONXU,0.0
2266,ARL,0.0
2267,CLMB,0.0
2268,PKBK,0.0
2269,BFAC,0.0
2270,BWFG,0.0
2271,DSKE,0.0
2272,III,0.0
2273,OVLY,0.0
2274,FVCB,0.0
2275,LWAY,0.0
2276,CHMG,0.0
2277,CTRN,0.0
2278,BPRN,0.0
2279,QIPT,0.0
2280,PBFS,0.0
2281,MFIN,0.0
2282,ALCO,0.0
2283,INSE,0.0
2284,CFFS,0.0
2285,GTE,0.0
2286,CVCY,0.0
2287,CPSS,0.0
2288,DLHC,0.0
2289,TWIN,0.0
2290,RCFA,0.0
2291,VNDA,0.0
2292,KFS,0.0
2293,KNOP,0.0
2294,MG,0.0
2295,HYW,0.0
2296,VBNK,0.0
2297,OCN,0.0
2298,PPYAU,0.0
2299,PPYA,0.0
2300,IMMR,0.0
2301,SWKH,0.0
2302,PLBC,0.0
2303,LCNB,0.0
2304,PNRG,0.0
2305,YRD,0.0
2306,EPM,0.0
2307,BCBP,0.0
2308,HQI,0.0
2309,CVLY,0.0
2310,ESEA,0.0
2311,GASS,0.0
2312,GHM,0.0
2313,HBB,0.0
2314,CALB,0.0
2315,XPDBU,0.0
2316,XPDB,0.0
2317,INFU,0.0
2318,RCMT,0.0
2319,EP,0.0
2320,MRAM,0.0
2321,RCKY,0.0
2322,SPWH,0.0
2323,CFFI,0.0
2324,BRKHU,0.0
2325,BRKH,0.0
2326,COFS,0.0
2327,CBAN,0.0
2328,NETC,0.0
2329,VABK,0.0
2330,EMX,0.0
2331,MCAA,0.0
2332,PBYI,0.0
2333,SNFCA,0.0
2334,CLIN,0.0
2335,XYF,0.0
2336,TRIS,0.0
2337,PMTS,0.0
2338,LGST,0.0
2339,DLTH,0.0
2340,CPSI,0.0
2341,ATLO,0.0
2342,HWELU,0.0
2343,HWEL,0.0
2344,ACRO,0.0
2345,PMGMU,0.0
2346,VAQC,0.0
2347,ESSA,0.0
2348,PMGM,0.0
2349,PETS,0.0
2350,SUAC,0.0
2351,RELL,0.0
2352,WNEB,0.0
2353,EVE,0.0
2354,CTG,0.0
2355,TGAAU,0.0
2356,TGAA,0.0
2357,TG,0.0
2358,GAQ,0.0
2359,TOI,0.0
2360,MOLN,0.0
2361,MNSB,0.0
2362,VCXB,0.0
2363,BCSA,0.0
2364,NKSH,0.0
2365,LCW,0.0
2366,ORGN,0.0
2367,GRIN,0.0
2368,MYFW,0.0
2369,CMT,0.0
2370,TSQ,0.0
2371,HCMA,0.0
2372,LHC,0.0
2373,INBK,0.0
2374,HHLA,0.0
2375,CSLM,0.0
2376,FEXD,0.0
2377,INTT,0.0
2378,PHYT,0.0
2379,TOP,0.0
2380,MBAC,0.0
2381,HWBK,0.0
2382,EVBN,0.0
2383,CATO,0.0
2384,PEBK,0.0
2385,STKS,0.0
2386,IH,0.0
2387,ROSS,0.0
2388,KRNLU,0.0
2389,KRNL,0.0
2390,WNNR,0.0
2391,PWOD,0.0
2392,FRAF,0.0
2393,TLGYU,0.0
2394,TLGY,0.0
2395,PACI,0.0
2396,CNTY,0.0
2397,BSET,0.0
2398,PLMIU,0.0
2399,PLMI,0.0
2400,FNWB,0.0
2401,MRBK,0.0
2402,VOC,0.0
2403,UBFO,0.0
2404,MVO,0.0
2405,BRD,0.0
2406,ISSC,0.0
2407,FRXB,0.0
2408,ALSAU,0.0
2409,ALSA,0.0
2410,TWLV,0.0
2411,TWLVU,0.0
2412,VMCAU,0.0
2413,ACU,0.0
2414,RMGC,0.0
2415,IRRX,0.0
2416,RMGCU,0.0
2417,CSTA,0.0
2418,GAU,0.0
2419,LGVC,0.0
2420,CNDB,0.0
2421,SMID,0.0
2422,FINW,0.0
2423,CCRD,0.0
2424,PCTI,0.0
2425,FCCO,0.0
2426,HURC,0.0
2427,DHCA,0.0
2428,ACAH,0.0
2429,ATEK,0.0
2430,CNF,0.0
2431,VMCA,0.0
2432,WILC,0.0
2433,PAYS,0.0
2434,GLST,0.0
2435,ACAHU,0.0
2436,HNVR,0.0
2437,PHX,0.0
2438,OPBK,0.0
2439,SGA,0.0
2440,JYNT,0.0
2441,BMAC,0.0
2442,MIXT,0.0
2443,GPAC,0.0
2444,GPACU,0.0
2445,KVSA,0.0
2446,RCAC,0.0
2447,JGGCU,0.0
2448,JGGC,0.0
2449,PTRS,0.0
2450,OPA,0.0
2451,FIAC,0.0
2452,WMPN,0.0
2453,BGFV,0.0
2454,GATE,0.0
2455,NSTB,0.0
2456,RVSB,0.0
2457,UNB,0.0
2458,CHEA,0.0
2459,DSAQ,0.0
2460,FNCB,0.0
2461,TBCPU,0.0
2462,TBCP,0.0
2463,NPAB,0.0
2464,ARRW,0.0
2465,ARRWU,0.0
2466,FUNC,0.0
2467,EPSN,0.0
2468,RMBI,0.0
2469,EVGR,0.0
2470,EVGRU,0.0
2471,APXIU,0.0
2472,APXI,0.0
2473,BYN,0.0
2474,FXNC,0.0
2475,ARC,0.0
2476,EML,0.0
2477,CPTK,0.0
2478,PGSS,0.0
2479,DIT,0.0
2480,CWBC,0.0
2481,CRT,0.0
2482,ATAK,0.0
2483,BYTSU,0.0
2484,BYTS,0.0
2485,CZWI,0.0
2486,ACAB,0.0
2487,OVBC,0.0
2488,FGBI,0.0
2489,TZOO,0.0
2490,UEIC,0.0
2491,CMBM,0.0
2492,BHAC,0.0
2493,EGRX,0.0
2494,IXAQU,0.0
2495,CSPI,0.0
2496,COOLU,0.0
2497,COOL,0.0
2498,IXAQ,0.0
2499,FONR,0.0
2500,TCOA,0.0
2501,NTIC,0.0
2502,ENER,0.0
2503,BYNOU,0.0
2504,BYNO,0.0
2505,BFIN,0.0
2506,PRSRU,0.0
2507,PRSR,0.0
2508,CBFV,0.0
2509,ESAC,0.0
2510,TWOA,0.0
2511,PFTA,0.0
2512,DHX,0.0
2513,PFTAU,0.0
2514,CMCA,0.0
2515,CITE,0.0
2516,CFBK,0.0
2517,ASRT,0.0
2518,ADTH,0.0
2519,VIRC,0.0
2520,CFFE,0.0
2521,CBRG,0.0
2522,CBRGU,0.0
2523,BGSF,0.0
2524,SHIP,0.0
2525,HGBL,0.0
2526,ECBK,0.0
2527,DPCS,0.0
2528,BLUA,0.0
2529,SJ,0.0
2530,PORT,0.0
2531,EGGF,0.0
2532,SLACU,0.0
2533,SLAC,0.0
2534,LAKE,0.0
2535,THCPU,0.0
2536,THCP,0.0
2537,FSFG,0.0
2538,CFFEU,0.0
2539,MITAU,0.0
2540,PWUPU,0.0
2541,MITA,0.0
2542,ASYS,0.0
2543,LAZY,0.0
2544,BATL,0.0
2545,SILC,0.0
2546,ISTR,0.0
2547,MPTI,0.0
2548,FFNW,0.0
2549,ALOT,0.0
2550,NCAC,0.0
2551,FNVTU,0.0
2552,FNVT,0.0
2553,MHH,0.0
2554,ELA,0.0
2555,FTII,0.0
2556,LARK,0.0
2557,GAMC,0.0
2558,GAMCU,0.0
2559,ARQQ,0.0
2560,MDWT,0.0
2561,CAAS,0.0
2562,PWUP,0.0
2563,TENK,0.0
2564,TENKU,0.0
2565,LNKB,0.0
2566,CNGL,0.0
2567,LATGU,0.0
2568,CPHC,0.0
2569,LATG,0.0
2570,BRID,0.0
2571,XNET,0.0
2572,VII,0.0
2573,MSSA,0.0
2574,FSRXU,0.0
2575,CMLS,0.0
2576,EBMT,0.0
2577,ADEX,0.0
2578,RWOD,0.0
2579,OMER,0.0
2580,FRD,0.0
2581,EFHT,0.0
2582,QDRO,0.0
2583,QFTA,0.0
2584,SFBC,0.0
2585,VOXR,0.0
2586,ONYX,0.0
2587,DLNG,0.0
2588,AXTI,0.0
2589,BSBK,0.0
2590,OSI,0.0
2591,FLXS,0.0
2592,AFBI,0.0
2593,FCAP,0.0
2594,WEL,0.0
2595,ALTUU,0.0
2596,DISA,0.0
2597,ALTU,0.0
2598,SBFG,0.0
2599,BLEU,0.0
2600,ELMD,0.0
2601,NA,0.0
2602,PTWO,0.0
2603,PFIE,0.0
2604,GLLI,0.0
2605,BITE,0.0
2606,FNWD,0.0
2607,WRAC,0.0
2608,NRACU,0.0
2609,SEPA,0.0
2610,ARYD,0.0
2611,USCTU,0.0
2612,USCT,0.0
2613,IRAA,0.0
2614,FLFV,0.0
2615,EAC,0.0
2616,CMRX,0.0
2617,LIVE,0.0
2618,ACNT,0.0
2619,XFINU,0.0
2620,XFIN,0.0
2621,IPVF,0.0
2622,SSBI,0.0
2623,IVCP,0.0
2624,IVCPU,0.0
2625,STG,0.0
2626,OPOF,0.0
2627,AXR,0.0
2628,APAC,0.0
2629,BACA,0.0
2630,OCAXU,0.0
2631,OCAX,0.0
2632,PLTNU,0.0
2633,DRCT,0.0
2634,HMNF,0.0
2635,PROV,0.0
2636,TRONU,0.0
2637,PLTN,0.0
2638,SYT,0.0
2639,ASCB,0.0
2640,GTAC,0.0
2641,LIBY,0.0
2642,PRPH,0.0
2643,AEAE,0.0
2644,TAYD,0.0
2645,BPT,0.0
2646,HAIA,0.0
2647,HAIAU,0.0
2648,ESOA,0.0
2649,SWSS,0.0
2650,RFAC,0.0
2651,SUP,0.0
2652,SOTK,0.0
2653,NUBIU,0.0
2654,PBHC,0.0
2655,NUBI,0.0
2656,NRT,0.0
2657,CULL,0.0
2658,WFCF,0.0
2659,AE,0.0
2660,SCX,0.0
2661,LINK,0.0
2662,SGII,0.0
2663,INAQU,0.0
2664,PED,0.0
2665,INAQ,0.0
2666,MOBVU,0.0
2667,NINE,0.0
2668,AUBN,0.0
2669,TRON,0.0
2670,CODA,0.0
2671,RBKB,0.0
2672,BYFC,0.0
2673,OCUP,0.0
2674,MAQC,0.0
2675,MAQCU,0.0
2676,PVL,0.0
2677,ELTK,0.0
2678,FHLT,0.0
2679,VTSI,0.0
2680,TETE,0.0
2681,TETEU,0.0
2682,NVAC,0.0
2683,TBNK,0.0
2684,KYCH,0.0
2685,CLOE,0.0
2686,MGYR,0.0
2687,PRT,0.0
2688,LVLU,0.0
2689,JAQCU,0.0
2690,LBBB,0.0
2691,PDEX,0.0
2692,ACACU,0.0
2693,AFAR,0.0
2694,JAQC,0.0
2695,UBCP,0.0
2696,NHTC,0.0
2697,JOB,0.0
2698,ISDR,0.0
2699,MOBV,0.0
2700,ACAC,0.0
2701,LFVN,0.0
2702,LSBK,0.0
2703,DLA,0.0
2704,IGTA,0.0
2705,CCTS,0.0
2706,VIA,0.0
2707,ASM,0.0
2708,OHAA,0.0
2709,VBFC,0.0
2710,BNIX,0.0
2711,CIZN,0.0
2712,SHUA,0.0
2713,INCR,0.0
2714,TCBC,0.0
2715,BRBS,0.0
2716,DUNEU,0.0
2717,DUNE,0.0
2718,SMAP,0.0
2719,PATI,0.0
2720,PEPL,0.0
2721,PEPLU,0.0
2722,ARKR,0.0
2723,AP,0.0
2724,APT,0.0
2725,FURY,0.0
2726,CLST,0.0
2727,ENCP,0.0
2728,AQUNU,0.0
2729,PPIH,0.0
2730,HHS,0.0
2731,FUSB,0.0
2732,BDL,0.0
2733,ICMB,0.0
2734,ACAX,0.0
2735,HNNA,0.0
2736,ESP,0.0
2737,HUDI,0.0
2738,CPTN,0.0
2739,AQU,0.0
2740,IROQ,0.0
2741,SNAL,0.0
2742,BREZ,0.0
2743,CRWS,0.0
2744,NSTS,0.0
2745,STRW,0.0
2746,BOTJ,0.0
2747,MGLD,0.0
2748,DPSI,0.0
2749,ASRV,0.0
2750,ACBA,0.0
2751,GTEC,0.0
2752,AGMH,0.0
2753,EDRY,0.0
2754,HSON,0.0
2755,AIB,0.0
2756,MHUA,0.0
2757,GROW,0.0
2758,YOTA,0.0
2759,CFSB,0.0
2760,KTCC,0.0
2761,CHCI,0.0
2762,RBOT,0.0
2763,GDNR,0.0
2764,HFBL,0.0
2765,LICN,0.0
2766,TCBS,0.0
2767,PXS,0.0
2768,DSWL,0.0
2769,OTEC,0.0
2770,CCEL,0.0
2771,CELU,0.0
2772,QOMO,0.0
2773,MNDO,0.0
2774,AAME,0.0
2775,RAVE,0.0
2776,NAII,0.0
2777,DGHI,0.0
2778,EXPR,0.0
2779,JRSH,0.0
2780,TLF,0.0
2781,CPSH,0.0
2782,KFFB,0.0
2783,UG,0.0
2784,DXR,0.0
2785,CVU,0.0
2786,AVHI,0.0
2787,SRTS,0.0
2788,PBBK,0.0
2789,RVP,0.0
2790,GLBS,0.0
2791,CTRM,0.0
2792,KRKR,0.0
2793,ELBM,0.0
2794,MCAG,0.0
2795,OPXS,0.0
2796,SNT,0.0
2797,TISI,0.0
2798,CLPS,0.0
2799,KOSS,0.0
2800,APWC,0.0
2801,BRN,0.0
2802,RFIL,0.0
2803,IMPP,0.0
2804,MTR,0.0
2805,NSYS,0.0
2806,TRT,0.0
2807,MXC,0.0
2808,WHLM,0.0
2809,OPHC,0.0
2810,PSHG,0.0
2811,FPAY,0.0
2812,FSI,0.0
2813,PNBK,0.0
2814,SDPI,0.0
2815,CREX,0.0
2816,TAIT,0.0
2817,USEA,0.0
2818,LIZI,0.0
2819,TEDU,0.0
2820,GBNY,0.0
2821,GURE,0.0
2822,TSRI,0.0
2823,CCLD,0.0
2824,AINC,0.0
2825,CLRO,0.0
2826,INLX,0.0
2827,YGMZ,0.0
2828,BOSC,0.0
2829,JCTCF,0.0
2830,CVR,0.0
2831,FGF,0.0
2832,MCVT,0.0
2833,GLBZ,0.0
2834,IHT,0.0
2835,AMS,0.0
2836,FGI,0.0
2837,QLI,0.0
2838,LFLY,0.0
2839,PETZ,0.0
2840,OST,0.0
2841,ELSE,0.0
2842,TOPS,0.0
2843,CLWT,0.0
2844,NISN,0.0
2845,JCSE,0.0
2846,ARTW,0.0
2847,NIR,0.0
2848,MARPS,0.0
2849,TANH,0.0
2850,BURU,0.0
2851,WAFU,0.0
2852,SCKT,0.0
2853,AWIN,0.0
2854,ACRX,0.0
2855,FAMI,0.0
2856,BLIN,0.0
2857,OCG,0.0
2858,GBR,0.0
2859,ATXG,0.0
2860,BON,0.0
2861,AEY,0.0
2862,NCPL,0.0
2863,RELI,0.0
2864,APVO,0.0
2865,JAN,0.0
2866,FLJ,0.0
2867,AU,0.0
2868,WSFS,-1.9162248281556932e-95
2869,MTH,-2.7527973862672233e-85
2870,XPO,-1.7349955864046176e-76
2871,VSEC,-6.806394251112037e-73
2872,SNBR,-3.1714538467828704e-67
2873,ROL,-1.4183096885927203e-64
2874,CP,-2.345603777284366e-60
2875,RMD,-2.1101753667575435e-59
2876,CCF,-3.2564317573681706e-57
2877,SCVL,-1.157479052382498e-55
2878,FFIN,-2.4904715772238398e-54
2879,OSK,-5.12955970064833e-50
2880,SQM,-2.4396914110103418e-48
2881,CIGI,-1.9098716221529147e-46
2882,CSCO,-3.5072709319961106e-44
2883,OKE,-4.214240078476041e-43
2884,BCPC,-1.7416611765907313e-40
2885,BMI,-1.67200032393401e-38
2886,CALM,-2.3291619122361373e-35
2887,OZK,-2.532601277692018e-33
2888,DINO,-4.555673344232771e-29
2889,ZD,-4.499448244014615e-22
2890,BIIB,-5.721239205959652e-21
2891,NVDA,-8.065870942639977e-20
2892,MTZ,-7.803761179121968e-19
2893,HUBB,-1.0925914150651393e-13
2894,GGG,-1.3872098844698888e-10
2895,SMTC,-1.262482349731319e-08
2896,NVR,-0.0020874330060039604
2897,TJX,-8896212.204457788
2898,RDNT,-2.3669494925368256e+17
2899,ROST,-3.209119052575341e+20
2900,FIZZ,-1.9896854651170868e+42
