,Symbol,TickerName
0,9107,E04237
1,7686,E35334
2,6526,E37978
3,3561,E33011
4,8136,E02655
5,3496,E34285
6,4487,E35330
7,7014,E02129
8,4570,E00986
9,7388,E37913
10,3083,E03498
11,4176,E36351
12,3697,E30969
13,7369,E36621
14,6027,E31009
15,8750,E06141
16,4739,E05059
17,7687,E35491
18,2222,E00387
19,4046,E00771
20,7214,E02247
21,3399,E03470
22,9434,E04426
23,7182,E31775
24,6178,E31748
25,6098,E07801
26,9433,E04425
27,8316,E03614
28,2914,E00492
29,7203,E02144
30,4684,E05025
31,9984,E02778
32,6861,E01967
33,5108,E01086
34,6367,E01570
35,6501,E01737
36,4689,E05000
37,6201,E01514
38,8113,E00678
39,9020,E04147
40,8766,E03847
41,4519,E00932
42,4503,E00920
43,4578,E21183
44,6758,E01777
45,4661,E04707
46,6954,E01946
47,9432,E04430
48,6273,E01673
49,4452,E00883
50,9983,E03217
51,4901,E00988
52,6981,E01914
53,6301,E01532
54,7751,E02274
55,6752,E01772
56,7267,E02166
57,8802,E03856
58,4612,E00892
59,4543,E01630
60,8309,E03611
61,7011,E02126
62,8306,E03606
63,8267,E03061
64,9843,E03144
65,6326,E01267
66,2502,E00394
67,6902,E01892
68,1925,E00048
69,8591,E04762
70,4063,E00776
71,8015,E02505
72,6971,E01182
73,8031,E02513
74,1605,E00043
75,4523,E00939
76,7974,E02367
77,7201,E02142
78,6594,E01975
79,7741,E01124
80,8411,E03615
81,3382,E03462
82,9613,E04911
83,7269,E02167
84,1928,E00143
85,6503,E01739
86,8035,E02652
87,4911,E00990
88,9735,E04773
89,9022,E04149
90,6702,E01766
91,7309,E02257
92,4568,E00984
93,8001,E02497
94,6857,E01950
95,6920,E01991
96,8630,E23924
97,8058,E02529
98,7733,E02272
99,8801,E03855
100,2802,E00436
101,4307,E05062
102,3659,E25850
103,8308,E03610
104,7270,E02152
105,6762,E01780
106,9101,E04235
107,6146,E01506
108,6723,E02081
109,8053,E02528
110,8725,E03854
111,2413,E05425
112,4507,E00923
113,9503,E04499
114,4502,E00919
115,6502,E01738
116,6701,E01765
117,7832,E02481
118,8002,E02498
119,5401,E01225
120,7532,E03280
121,8830,E03907
122,8604,E03752
123,2801,E00435
124,2503,E00395
125,6869,E02015
126,9202,E04273
127,9021,E04148
128,9531,E04514
129,5020,E24050
130,9104,E04236
131,9502,E04502
132,2587,E27622
133,9143,E32292
134,4091,E00783
135,5802,E01333
136,9201,E04272
137,6506,E01741
138,7202,E02143
139,4151,E00816
140,4716,E05027
141,4528,E00945
142,8593,E04788
143,6645,E01755
144,9042,E04103
145,7259,E01593
146,2897,E00457
147,8697,E03814
148,3407,E00877
149,6988,E01888
150,5411,E01264
151,9766,E01956
152,7272,E02168
153,4755,E05080
154,4768,E05099
155,3402,E00873
156,9697,E02417
157,8601,E03753
158,8795,E03851
159,1812,E00058
160,4188,E00808
161,7550,E03291
162,1878,E00218
163,7701,E02265
164,5713,E00023
165,9005,E04090
166,9501,E04498
167,6963,E01953
168,7181,E31755
169,6965,E01955
170,5201,E01122
171,3088,E03519
172,7911,E00692
173,2269,E21902
174,6586,E01920
175,4324,E04760
176,3003,E00523
177,9602,E04583
178,9009,E04091
179,4204,E00820
180,1802,E00055
181,9532,E04520
182,2267,E00406
183,6383,E01551
184,7261,E02163
185,4062,E00775
186,6305,E01585
187,4527,E00942
188,1911,E00011
189,6479,E01607
190,7912,E00693
191,9064,E04187
192,6504,E01740
193,4185,E01003
194,4704,E04999
195,7936,E02378
196,9435,E04948
197,6967,E01957
198,9719,E04830
199,4021,E00759
200,7211,E02213
201,1801,E00052
202,3092,E05725
203,5019,E01084
204,3626,E05739
205,9041,E04102
206,6532,E32549
207,7276,E02140
208,6465,E01654
209,8473,E05159
210,9001,E04094
211,7747,E02349
212,3635,E22460
213,7951,E02362
214,7186,E32022
215,6724,E01873
216,9007,E04088
217,4183,E00840
218,8331,E03556
219,3064,E03497
220,3038,E02999
221,2702,E03366
222,3769,E05476
223,6841,E01878
224,7752,E02275
225,2651,E03345
226,9962,E02770
227,3436,E02103
228,4922,E01049
229,5406,E01231
230,1803,E00053
231,5334,E01136
232,3349,E03446
233,9147,E36706
234,8439,E05346
235,5332,E01138
236,2768,E02958
237,5831,E37777
238,3099,E03521
239,9706,E03863
240,7735,E02288
241,3291,E27759
242,6361,E01542
243,2670,E02925
244,3289,E27633
245,9684,E04859
246,4005,E00752
247,8354,E03624
248,3231,E04060
249,6448,E01594
250,6845,E01879
251,6460,E02475
252,6370,E01573
253,2875,E00461
254,4732,E05045
255,8369,E03576
256,4042,E00767
257,3861,E00642
258,3288,E27842
259,5333,E01137
260,9008,E04092
261,6806,E01939
262,6753,E01773
263,2181,E21261
264,9142,E32679
265,7012,E02127
266,5938,E01317
267,8227,E03137
268,4536,E00949
269,4385,E34064
270,3141,E21035
271,4816,E02458
272,8572,E03693
273,9506,E04501
274,7731,E02271
275,6113,E01486
276,1963,E01575
277,2784,E02962
278,5929,E01385
279,2212,E00375
280,3405,E00876
281,4967,E01047
282,2002,E00346
283,4403,E00880
284,9508,E04506
285,7013,E02128
286,9468,E30731
287,1773,E05821
288,9989,E03226
289,5444,E01259
290,6923,E01880
291,7453,E03248
292,3391,E03464
293,4581,E25678
294,3116,E00540
295,8060,E02644
296,1808,E00090
297,9401,E04375
298,6976,E01824
299,9024,E04154
300,2433,E05410
301,2331,E05309
302,8252,E03040
303,5101,E01085
304,7459,E02632
305,3197,E03515
306,8111,E00603
307,3774,E05480
308,4613,E00893
309,4733,E05048
310,5021,E31632
311,2282,E00334
312,9048,E04101
313,2871,E00446
314,4751,E05072
315,4912,E00991
316,6473,E01602
317,2593,E00414
318,8088,E02567
319,9045,E04105
320,4516,E00931
321,8303,E03530
322,7988,E02386
323,5947,E01417
324,4927,E24951
325,6302,E01533
326,5076,E36723
327,4004,E00751
328,7167,E30103
329,9513,E04510
330,8905,E04002
331,7564,E03296
332,3086,E03516
333,4530,E00944
334,3923,E31878
335,1944,E00075
336,5901,E01353
337,4088,E00792
338,7282,E01108
339,4182,E00815
340,9831,E03139
341,6028,E31030
342,5110,E01110
343,3132,E31167
344,8804,E03859
345,8359,E03563
346,7649,E03344
347,6005,E01478
348,4812,E05147
349,8056,E02611
350,4186,E00854
351,6471,E01600
352,6417,E02419
353,2229,E25303
354,5838,E03621
355,2327,E05304
356,9006,E04089
357,8424,E05438
358,1721,E00322
359,6324,E01712
360,8233,E03013
361,7240,E02176
362,8410,E03623
363,3397,E03468
364,9076,E04198
365,6966,E02293
366,7164,E09753
367,2371,E05350
368,9404,E04410
369,9504,E04504
370,4666,E04979
371,9044,E04106
372,9364,E04345
373,8253,E03041
374,2501,E00393
375,4676,E04462
376,2579,E00417
377,2809,E00464
378,6268,E01726
379,8304,E03531
380,4202,E00818
381,1959,E00146
382,7205,E02146
383,6481,E01678
384,5344,E01210
385,5233,E01130
386,5803,E01334
387,5105,E01090
388,7729,E02289
389,6141,E01502
390,6849,E01903
391,4205,E00821
392,1414,E00329
393,5830,E37725
394,4203,E00819
395,4921,E01046
396,1951,E00094
397,6856,E01901
398,5711,E00021
399,4194,E36484
400,7180,E31612
401,2810,E00462
402,6952,E01935
403,3563,E33000
404,8283,E02691
405,7071,E35140
406,7716,E02331
407,2811,E00444
408,7458,E02824
409,7337,E35810
410,8279,E03127
411,3994,E33390
412,9090,E30443
413,9301,E04283
414,1973,E00210
415,6755,E01775
416,3549,E10737
417,9749,E04810
418,8012,E02552
419,9010,E04093
420,4401,E00878
421,2264,E00331
422,8570,E04912
423,9987,E02780
424,9003,E04097
425,3401,E00872
426,6592,E01944
427,6406,E01622
428,6728,E01589
429,8114,E00601
430,9065,E04324
431,4483,E35308
432,5714,E00028
433,6807,E01828
434,3107,E00529
435,9533,E04517
436,8334,E03554
437,1942,E00074
438,5463,E01253
439,6055,E26124
440,7984,E00670
441,4118,E00879
442,8273,E03068
443,8876,E05047
444,5991,E01367
445,2127,E05629
446,6707,E01790
447,1662,E00041
448,8174,E03051
449,5471,E01239
450,5384,E01207
451,9616,E04908
452,7163,E26990
453,2531,E00396
454,1860,E00147
455,3941,E00659
456,2206,E00373
457,6770,E01793
458,9449,E05041
459,4681,E03969
460,8282,E03128
461,2175,E05697
462,3186,E27693
463,1893,E00086
464,2296,E32069
465,4587,E27486
466,3148,E21606
467,5214,E01190
468,4631,E00901
469,4208,E01002
470,1332,E00014
471,6436,E01590
472,7313,E02380
473,9336,E38148
474,3387,E05517
475,3360,E03450
476,5301,E01162
477,6134,E01495
478,6951,E01905
479,4061,E00774
480,2201,E00369
481,8341,E03545
482,7518,E04966
483,8425,E05426
484,7581,E03305
485,4902,E00989
486,8418,E03622
487,9418,E31052
488,7947,E02412
489,9605,E04585
490,4114,E00811
491,6412,E02403
492,7994,E02369
493,8242,E03020
494,9793,E04931
495,4206,E00824
496,4272,E00836
497,6925,E01929
498,4540,E01018
499,5706,E00024
500,5631,E01232
501,6544,E33034
502,6103,E01481
503,8628,E03807
504,5032,E37573
505,1719,E00317
506,9031,E04110
507,9552,E37733
508,6674,E02089
509,7762,E02281
510,6432,E01723
511,9072,E04191
512,4506,E00922
513,9744,E04804
514,7476,E02835
515,7189,E32447
516,4887,E36190
517,4980,E31633
518,7616,E03321
519,3880,E00660
520,9759,E04822
521,7956,E02404
522,6995,E01898
523,8129,E02608
524,5393,E01151
525,3048,E03481
526,2607,E00431
527,7867,E02450
528,4686,E04996
529,1969,E00149
530,2412,E05423
531,6588,E01884
532,9507,E04505
533,2379,E05368
534,4928,E24991
535,9303,E04285
536,9746,E04807
537,5423,E01261
538,9412,E04497
539,2154,E05695
540,6323,E02328
541,6523,E36976
542,8086,E02688
543,8585,E04775
544,7730,E02340
545,4480,E33586
546,2678,E03363
547,6368,E01571
548,9861,E03153
549,8078,E02554
550,5832,E37785
551,9783,E04939
552,7630,E03329
553,6425,E02452
554,9627,E04896
555,1377,E00006
556,4443,E34960
557,7412,E03231
558,7846,E02466
559,8919,E33622
560,2726,E03387
561,4180,E36372
562,1417,E24558
563,2121,E05617
564,7732,E02299
565,9934,E02761
566,6136,E01377
567,8584,E04768
568,4819,E05156
569,9505,E04503
570,2782,E03418
571,4974,E02474
572,8154,E02676
573,7451,E02558
574,3591,E00590
575,6960,E02304
576,2767,E03407
577,8194,E03083
578,8020,E02506
579,7966,E02394
580,3105,E00544
581,2815,E00486
582,8130,E03071
583,9409,E04414
584,6036,E31216
585,3050,E03489
586,8515,E03721
587,8098,E02517
588,5801,E01332
589,4680,E04710
590,4373,E36928
591,2432,E05460
592,4043,E00768
593,7327,E34113
594,8377,E03618
595,4045,E00770
596,4478,E35325
597,1833,E00083
598,7780,E31560
599,8133,E02643
600,9830,E02701
601,4485,E35333
602,3097,E03528
603,4966,E01045
604,2270,E23202
605,8278,E03118
606,4348,E05272
607,8366,E03575
608,4665,E04926
609,4552,E00973
610,2730,E03399
611,6457,E01650
612,6750,E02066
613,2001,E00345
614,6740,E30481
615,6135,E01496
616,5741,E01330
617,4023,E00761
618,9069,E04179
619,9601,E04582
620,4544,E00967
621,9436,E04460
622,3865,E00645
623,2659,E03352
624,8218,E03120
625,9603,E04358
626,5857,E21187
627,4547,E00962
628,8850,E03945
629,6472,E01601
630,9787,E04874
631,3110,E00542
632,3222,E31159
633,4041,E00766
634,4368,E01056
635,3863,E11873
636,3962,E32620
637,4626,E00913
638,5481,E01243
639,1979,E00183
640,9948,E03199
641,4919,E01039
642,1820,E00060
643,5727,E01301
644,6395,E01613
645,2427,E05447
646,7004,E02124
647,6890,E02024
648,6651,E01759
649,8803,E03858
650,6371,E01578
651,1861,E00056
652,3765,E05474
653,6754,E01774
654,8381,E03583
655,7817,E25664
656,5253,E38478
657,7380,E36703
658,7105,E02136
659,5232,E01127
660,9974,E03216
661,4553,E00974
662,4996,E00828
663,4958,E01034
664,9682,E04861
665,2602,E00428
666,4521,E00935
667,4565,E00981
668,5192,E01098
669,9715,E04837
670,7981,E02373
671,4722,E05033
672,9509,E04500
673,8566,E04946
674,3543,E32427
675,6407,E01909
676,8698,E03815
677,7839,E02470
678,9757,E04817
679,9869,E02719
680,4095,E00898
681,1941,E00073
682,1950,E00115
683,1333,E00015
684,7381,E36700
685,9348,E37584
686,8066,E02602
687,2337,E05314
688,7419,E03235
689,8179,E04783
690,9936,E03193
691,2685,E03368
692,7389,E37781
693,3569,E00562
694,3254,E04047
695,6622,E01750
696,2281,E00335
697,6013,E01469
698,8609,E03756
699,9075,E04334
700,6454,E02381
701,7148,E24651
702,8368,E03574
703,2695,E03375
704,7222,E02150
705,2384,E04224
706,4534,E00947
707,7278,E02203
708,7906,E02427
709,3167,E25165
710,4071,E36635
711,9832,E03138
712,5310,E01223
713,7242,E02147
714,7512,E03268
715,7965,E02395
716,9708,E04539
717,4849,E05192
718,8022,E03036
719,7734,E02285
720,6183,E31896
721,8848,E03943
722,5726,E01327
723,8524,E03632
724,4634,E00903
725,8276,E03081
726,7943,E02415
727,3479,E20616
728,6670,E02090
729,8358,E03571
730,3076,E03006
731,7173,E30746
732,9519,E32967
733,7130,E36756
734,8244,E03021
735,7220,E02237
736,7516,E03273
737,5191,E01097
738,8050,E02280
739,9956,E03207
740,3632,E22012
741,8616,E03764
742,3191,E30501
743,4985,E01015
744,9672,E04603
745,7485,E02553
746,9025,E04341
747,4694,E05056
748,6269,E01725
749,9663,E04867
750,8097,E04331
751,4628,E00916
752,7970,E02388
753,9119,E04243
754,7611,E03318
755,7944,E01834
756,2292,E00342
757,1407,E00327
758,4559,E00948
759,7976,E02366
760,3244,E04074
761,2124,E05625
762,5911,E01355
763,6866,E01999
764,4551,E00934
765,8153,E02675
766,9302,E04284
767,2317,E05283
768,6744,E01803
769,6420,E02006
770,1949,E00114
771,3087,E03518
772,1766,E00281
773,9229,E37719
774,2157,E04751
775,7545,E03287
776,9347,E37788
777,1419,E27305
778,1890,E00082
779,2681,E03367
780,4423,E34545
781,6737,E02069
782,2160,E05712
783,4569,E00985
784,7744,E02322
785,2928,E00518
786,6104,E01482
787,8051,E02560
788,2146,E05698
789,8595,E04806
790,8511,E03688
791,9699,E04848
792,2492,E05609
793,6947,E01966
794,6508,E01744
795,5451,E01247
796,7821,E02492
797,3738,E05392
798,5703,E26707
799,6490,E01645
800,2004,E00348
801,6366,E01569
802,1926,E00098
803,7433,E02802
804,2931,E27054
805,2760,E02955
806,6200,E32495
807,3085,E03513
808,9039,E04218
809,6632,E21320
810,2109,E00356
811,6804,E01815
812,9110,E04239
813,5273,E01169
814,7864,E00725
815,6908,E02009
816,8370,E03581
817,9716,E04835
818,6996,E01904
819,9678,E04862
820,8771,E05665
821,7296,E02221
822,4776,E05116
823,1835,E00112
824,5186,E01111
825,8140,E02663
826,3101,E00525
827,2220,E00385
828,8155,E02677
829,6498,E01660
830,4432,E33957
831,6727,E02059
832,6474,E01603
833,4471,E00884
834,5851,E01379
835,6652,E01951
836,3856,E05713
837,9158,E37214
838,7224,E02252
839,2733,E02947
840,5975,E01382
841,8388,E03587
842,4051,E35642
843,6590,E01757
844,2395,E05385
845,9919,E03184
846,4369,E02490
847,2590,E00424
848,7575,E02881
849,1961,E00107
850,9882,E02735
851,8074,E02525
852,4293,E05206
853,2791,E03423
854,6787,E02056
855,6080,E30022
856,8336,E03555
857,8198,E03087
858,5331,E01139
859,7915,E00703
860,4956,E02686
861,2742,E03395
862,8367,E03580
863,7740,E02308
864,9416,E30010
865,6516,E01806
866,8923,E04021
867,4481,E35164
868,8214,E03116
869,7250,E02178
870,5352,E01150
871,2653,E03349
872,8255,E03133
873,5440,E01266
874,4189,E32642
875,6315,E01708
876,3993,E33391
877,6486,E01414
878,5122,E01100
879,3433,E01443
880,7177,E26815
881,8361,E03568
882,4384,E33966
883,7483,E02840
884,2588,E27294
885,4212,E01008
886,3046,E03471
887,6235,E33594
888,4975,E01065
889,4216,E00830
890,3201,E00552
891,3668,E27062
892,9068,E04178
893,9164,E37764
894,9413,E24545
895,9267,E33416
896,3636,E23492
897,7421,E03236
898,7366,E36134
899,7905,E00619
900,6871,E02030
901,1720,E00316
902,9887,E03164
903,5970,E02228
904,1762,E00285
905,8892,E03992
906,7599,E02892
907,9037,E04220
908,7283,E02162
909,9902,E02745
910,2874,E02576
911,6258,E01733
912,9543,E04516
913,1515,E00036
914,6875,E02042
915,2715,E02941
916,8079,E02681
917,5988,E01438
918,4848,E05182
919,6703,E01767
920,6379,E01577
921,3844,E05678
922,8131,E01074
923,7868,E00724
924,8160,E03121
925,2692,E02931
926,7739,E02301
927,1946,E00076
928,7157,E26327
929,2117,E25648
930,8219,E03124
931,9824,E02742
932,9536,E04523
933,3445,E31042
934,9058,E04208
935,5943,E02379
936,3465,E31979
937,4290,E05205
938,6455,E01653
939,4099,E00841
940,7613,E02900
941,8714,E23250
942,2353,E05327
943,1884,E00067
944,8544,E03641
945,7995,E01164
946,9204,E38082
947,5930,E01413
948,3028,E03475
949,4825,E05162
950,6351,E01662
951,6459,E01961
952,6810,E01947
953,7595,E05018
954,9551,E31064
955,4971,E01054
956,8016,E02521
957,3156,E23245
958,5482,E01234
959,8522,E03652
960,5946,E01659
961,8014,E02509
962,7128,E36707
963,6088,E30130
964,8182,E03064
965,8125,E02618
966,1879,E00221
967,8934,E04031
968,3034,E03476
969,3002,E00520
970,9960,E02769
971,7447,E02809
972,4326,E05239
973,4781,E05121
974,9842,E02706
975,9997,E03229
976,1968,E00113
977,5027,E37466
978,6340,E01666
979,6287,E01685
980,6345,E01657
981,2326,E05303
982,8346,E03550
983,7917,E02423
984,4617,E00897
985,4044,E00769
986,7246,E02154
987,6999,E01902
988,7226,E02170
989,8793,E05462
990,7085,E35488
991,5715,E00032
992,6430,E02073
993,5351,E01146
994,7199,E33624
995,9873,E03157
996,5011,E01077
997,1934,E00137
998,9260,E33381
999,9729,E04826
1000,9755,E04816
1001,4633,E00905
1002,3854,E05705
1003,2780,E03416
1004,8117,E02642
1005,8871,E03971
1006,1822,E00095
1007,1885,E00080
1008,5480,E01242
1009,5202,E01121
1010,7718,E02302
1011,2168,E05729
1012,8032,E02510
1013,6929,E01988
1014,4917,E01027
1015,8600,E23820
1016,7826,E02485
1017,6222,E01531
1018,3762,E05463
1019,8167,E03094
1020,5449,E01262
1021,4343,E05264
1022,2211,E00374
1023,3679,E30047
1024,7860,E02453
1025,8890,E05179
1026,7685,E35116
1027,8057,E02515
1028,6197,E04878
1029,8159,E02678
1030,1980,E00194
1031,6058,E26428
1032,6282,E01642
1033,6278,E01505
1034,1821,E00085
1035,7806,E34054
1036,6619,E26082
1037,6877,E02040
1038,8386,E03588
1039,5195,E01092
1040,7095,E35534
1041,7816,E31070
1042,8068,E02685
1043,3480,E25148
1044,7033,E34142
1045,2752,E03400
1046,7972,E02371
1047,6914,E01998
1048,9511,E04509
1049,7342,E36141
1050,4008,E00755
1051,5410,E01235
1052,6376,E01591
1053,3182,E27260
1054,8200,E03099
1055,8508,E03724
1056,4215,E00823
1057,3198,E31029
1058,8818,E03867
1059,4970,E01051
1060,9621,E04903
1061,4362,E00852
1062,7287,E02214
1063,9247,E36751
1064,6196,E32380
1065,8173,E03052
1066,9661,E04606
1067,6741,E01769
1068,4526,E00952
1069,6349,E01667
1070,6284,E01682
1071,3232,E04233
1072,8841,E00926
1073,1663,E30048
1074,2613,E00434
1075,6250,E21258
1076,6118,E01545
1077,3608,E25234
1078,7606,E03316
1079,7593,E02889
1080,9722,E04560
1081,6463,E01599
1082,5461,E01251
1083,9692,E04853
1084,9733,E04824
1085,7384,E37412
1086,6332,E01537
1087,8237,E03017
1088,2908,E00481
1089,7942,E00858
1090,5702,E01318
1091,3950,E00674
1092,5805,E01336
1093,4746,E05066
1094,6630,E23829
1095,1898,E00176
1096,4371,E36897
1097,1379,E00008
1098,4028,E00765
1099,6101,E01480
1100,4187,E00855
1101,9055,E04211
1102,9517,E31065
1103,7239,E02210
1104,8168,E03096
1105,7818,E24753
1106,8059,E02578
1107,1852,E00120
1108,4246,E30438
1109,6030,E31036
1110,1952,E00227
1111,4337,E03379
1112,9790,E04933
1113,7241,E02195
1114,6413,E02410
1115,6289,E01690
1116,6339,E01541
1117,2980,E35153
1118,3836,E05663
1119,6961,E02390
1120,4053,E35827
1121,7508,E03267
1122,9284,G12678
1123,3150,E22547
1124,4914,E00993
1125,3612,E02767
1126,7552,E02869
1127,6524,E37156
1128,2484,E05584
1129,6191,E32194
1130,4599,E34999
1131,2790,E03421
1132,7184,E03646
1133,1870,E00148
1134,2585,E37165
1135,3593,E02315
1136,9161,E38017
1137,3001,E00524
1138,3661,E26332
1139,9286,G13216
1140,7456,E02821
1141,6817,E01971
1142,4933,E35928
1143,5949,E02194
1144,6364,E01663
1145,6277,E01676
1146,4997,E00937
1147,4549,E00961
1148,6254,E01735
1149,3733,E05376
1150,2208,E00380
1151,7958,E00857
1152,8715,E24073
1153,2664,E03356
1154,7679,E34943
1155,4820,E05155
1156,7513,E03270
1157,3539,E32254
1158,4413,E37133
1159,9279,E34336
1160,1887,E00059
1161,8897,E03997
1162,7003,E02123
1163,6458,E01669
1164,7231,E01230
1165,6957,E01960
1166,6859,E02307
1167,3302,E00559
1168,8043,E02574
1169,6099,E30929
1170,7931,E02002
1171,9052,E04125
1172,8075,E02522
1173,4449,E35096
1174,7350,E36730
1175,8084,E02518
1176,9304,E04286
1177,4375,E36946
1178,1982,E00168
1179,4726,E05037
1180,4886,E35791
1181,3694,E30918
1182,6676,E02086
1183,9066,E04320
1184,7244,E02177
1185,6718,E01849
1186,5302,E01140
1187,1882,E00066
1188,5036,E37833
1189,6363,E01636
1190,5408,E01229
1191,4765,E05097
1192,9474,E00717
1193,3371,E05485
1194,6381,E01554
1195,8739,E05242
1196,8037,E02682
1197,6736,E02070
1198,4763,E05096
1199,7172,E30841
1200,4047,E00772
1201,6564,E33577
1202,6140,E01499
1203,6768,E01786
1204,8360,E03562
1205,2734,E03408
1206,6249,E25169
1207,2918,E00496
1208,8920,E04018
1209,2929,E02484
1210,2170,E05727
1211,9639,E04890
1212,3491,E34177
1213,2805,E00452
1214,4832,E05173
1215,2792,E03424
1216,9928,E04877
1217,4548,E00970
1218,6238,E11661
1219,4298,E05210
1220,6419,E02424
1221,5304,E01173
1222,2329,E05307
1223,3964,E21122
1224,2698,E03377
1225,3673,E27361
1226,3778,E05518
1227,9274,E02516
1228,9381,E04369
1229,2594,E00491
1230,8877,E03977
1231,7279,E02204
1232,3091,E03517
1233,7322,E33693
1234,4641,E04954
1235,4365,E00888
1236,5290,E34137
1237,1976,E00161
1238,8337,E03557
1239,6620,E25665
1240,3498,E34289
1241,8393,E03597
1242,8281,E03129
1243,1929,E00142
1244,1786,E36102
1245,5809,E01338
1246,2003,E00347
1247,8399,E03602
1248,7749,E02354
1249,6820,E01850
1250,9740,E04799
1251,7715,E02329
1252,7990,E02382
1253,4080,E01050
1254,8132,E01075
1255,3228,E04059
1256,8163,E03090
1257,3151,E22440
1258,3106,E00528
1259,9070,E04185
1260,9946,E03188
1261,6333,E01761
1262,6507,E01743
1263,3540,E32453
1264,4220,E00838
1265,6905,E01856
1266,5184,E01114
1267,3458,E31441
1268,9726,E04348
1269,8141,E02664
1270,4923,E01059
1271,4431,E34643
1272,9889,E02729
1273,2899,E00469
1274,4116,E00902
1275,2288,E00458
1276,4719,E05029
1277,8345,E03543
1278,3036,E02998
1279,6565,E33638
1280,7844,E02467
1281,9900,E03178
1282,4880,E35169
1283,7745,E02344
1284,8008,E02621
1285,5258,E38491
1286,7522,E03275
1287,6517,E01758
1288,7414,E01324
1289,9828,E03176
1290,2429,E05467
1291,7779,E30118
1292,4097,E00781
1293,6145,E01981
1294,2910,E00482
1295,6789,E02054
1296,9560,E37936
1297,6745,E01802
1298,7840,E02472
1299,8707,E03788
1300,3687,E30537
1301,6035,E31054
1302,3395,E05556
1303,6266,E02350
1304,8699,E03770
1305,3341,E05422
1306,1301,E00012
1307,3817,E05640
1308,6627,E24994
1309,2475,E05560
1310,9534,E04511
1311,6814,E01839
1312,6237,E32189
1313,9081,E04158
1314,3431,E01461
1315,2491,E05149
1316,9739,E04952
1317,4687,E04997
1318,7504,E02850
1319,2268,E00474
1320,4218,E01000
1321,6387,E02060
1322,4674,E04988
1323,4109,E00805
1324,9310,E04289
1325,7408,E02254
1326,7463,E02826
1327,8157,E00157
1328,6151,E01509
1329,6480,E01631
1330,4714,E05024
1331,3104,E00543
1332,2150,E05684
1333,2226,E00389
1334,3901,E31023
1335,1899,E00196
1336,3660,E26301
1337,4318,E05232
1338,3176,E02548
1339,4828,E05167
1340,4477,E35163
1341,4107,E01028
1342,1888,E00081
1343,2998,E37504
1344,6062,E26444
1345,6800,E01808
1346,4592,E31382
1347,8217,E03119
1348,9424,E04473
1349,8387,E03590
1350,3708,E00691
1351,3284,E27281
1352,2471,E05555
1353,4259,E37158
1354,9856,E02714
1355,5563,E01256
1356,4417,E37147
1357,9357,E04328
1358,2705,E03380
1359,7937,E03180
1360,1375,E00007
1361,3926,E31936
1362,8392,E03596
1363,1939,E00181
1364,3946,E00669
1365,2497,E05562
1366,4813,E05168
1367,1871,E01161
1368,6330,E01661
1369,9470,E00707
1370,7979,E01183
1371,5602,E01268
1372,4249,E33603
1373,4577,E24187
1374,9743,E00208
1375,2305,E03393
1376,1775,E00273
1377,4771,E05107
1378,4169,E36130
1379,1518,E00037
1380,3196,E30898
1381,6279,E01677
1382,7467,E02828
1383,7605,E03315
1384,2573,E00408
1385,6617,E26713
1386,3245,E04072
1387,6272,E01670
1388,7292,E02217
1389,8362,E03567
1390,1793,E00255
1391,2763,E03405
1392,8185,E03077
1393,9216,E37399
1394,9522,E37205
1395,3984,E33026
1396,7383,E37194
1397,6623,E01748
1398,5976,E01400
1399,2930,E26549
1400,3788,E05545
1401,3193,E30699
1402,6143,E01504
1403,4419,E37145
1404,9287,G13669
1405,6958,E01959
1406,3983,E33039
1407,8613,E03760
1408,6521,E36433
1409,8137,E02656
1410,8005,E03054
1411,2053,E00439
1412,3093,E03520
1413,9099,E31635
1414,8935,E04032
1415,1723,E00313
1416,4448,E35124
1417,5208,E01152
1418,8914,E04011
1419,3252,E05692
1420,4951,E01019
1421,6941,E01979
1422,4931,E34965
1423,8541,E03663
1424,8344,E03549
1425,2737,E02946
1426,5982,E02438
1427,7047,E34537
1428,1945,E00092
1429,9270,E33807
1430,4475,E35150
1431,7280,E02205
1432,1429,E30126
1433,7609,E02898
1434,7198,E33625
1435,6809,E01831
1436,6328,E01714
1437,7298,E02224
1438,9942,E03196
1439,6779,E01807
1440,7803,E35004
1441,3443,E21955
1442,6078,E22470
1443,3333,E03439
1444,8708,E03763
1445,5074,E36412
1446,5218,E01170
1447,6411,E01671
1448,8142,E02665
1449,7088,E35487
1450,8343,E03546
1451,6640,E01876
1452,6464,E31954
1453,7814,E30930
1454,6844,E01887
1455,7874,E02444
1456,4636,E01044
1457,5959,E01412
1458,4078,E00780
1459,9742,E04803
1460,2612,E00433
1461,4025,E00762
1462,2937,E38168
1463,6245,E01548
1464,9837,E02703
1465,7373,E36648
1466,9308,E04288
1467,6584,E01753
1468,3835,E05659
1469,2309,E05292
1470,3315,E00030
1471,9619,E04904
1472,5541,E01254
1473,9994,E03227
1474,6257,E02488
1475,3159,E23841
1476,4072,E36460
1477,1938,E00185
1478,7352,E35767
1479,9991,E02782
1480,8052,E02572
1481,3548,E32697
1482,8151,E02672
1483,6937,E01917
1484,9612,E04914
1485,6462,E01598
1486,9640,E04889
1487,3580,E00591
1488,9450,E33839
1489,9441,E03342
1490,9368,E04357
1491,1815,E00065
1492,1975,E00153
1493,4936,E36321
1494,1799,E00250
1495,8275,E02693
1496,9438,E05049
1497,5757,E01321
1498,3546,E32382
1499,6644,E01752
1500,6561,E33602
1501,7480,E02838
1502,3688,E22007
1503,7596,E03310
1504,2986,E35631
1505,7537,E02864
1506,7921,E00710
1507,2120,E05624
1508,5038,E37902
1509,2209,E00371
1510,8065,E02535
1511,4839,E04427
1512,2060,E30728
1513,4027,E00764
1514,2751,E02953
1515,6613,E35542
1516,3773,E05496
1517,6881,E02035
1518,9823,E03173
1519,3183,E27210
1520,6418,E01698
1521,6777,E01870
1522,8395,E03599
1523,7438,E02804
1524,9035,E04222
1525,4345,E05267
1526,5337,E01141
1527,7607,E02896
1528,6955,E01896
1529,4499,E35632
1530,3628,E21553
1531,4837,E05265
1532,2114,E00360
1533,3978,E05372
1534,8550,E03639
1535,6677,E02346
1536,9795,E04925
1537,2462,E05536
1538,4792,E05135
1539,9324,E04290
1540,7510,E02851
1541,6539,E32801
1542,2669,E03358
1543,5445,E01292
1544,3221,E30656
1545,7102,E02134
1546,7794,E37709
1547,2819,E00514
1548,8291,E02544
1549,2221,E00386
1550,8864,E03958
1551,7229,E02236
1552,3180,E27215
1553,6309,E01705
1554,4743,E02909
1555,4221,E00834
1556,6742,E01770
1557,2831,E00508
1558,7952,E02363
1559,6338,E01715
1560,9341,E38215
1561,3916,E31573
1562,3772,E03801
1563,4725,E05036
1564,6194,E32400
1565,6569,E33815
1566,3073,E05673
1567,9553,E37742
1568,2749,E05306
1569,2325,E05299
1570,9896,E02732
1571,4554,E00975
1572,7092,E35318
1573,4235,E01061
1574,6157,E01729
1575,1811,E00069
1576,4464,E01057
1577,2676,E02927
1578,6070,E26839
1579,3482,E32779
1580,6997,E01926
1581,2207,E00376
1582,1813,E00097
1583,6915,E01995
1584,8081,E02580
1585,3475,E30726
1586,4390,E33623
1587,1869,E00201
1588,5659,E01280
1589,4435,E34712
1590,4263,E37207
1591,8103,E02563
1592,9632,E04599
1593,9405,E04380
1594,4310,E05221
1595,9273,E34071
1596,6879,E01862
1597,4301,E05219
1598,7068,E34995
1599,9955,E02765
1600,3825,E05645
1601,8018,E02534
1602,4621,E00907
1603,2804,E00466
1604,2461,E05533
1605,3178,E23818
1606,4801,E05145
1607,7326,E33840
1608,9600,E04919
1609,3914,E31436
1610,4611,E00891
1611,3153,E02812
1612,6824,E02027
1613,5932,E26831
1614,7893,E00716
1615,8713,E23187
1616,6962,E01952
1617,3676,E27655
1618,4658,E04973
1619,3663,E26231
1620,7315,E27671
1621,9272,E33882
1622,3199,E31104
1623,7638,E03333
1624,2266,E00337
1625,8228,E02698
1626,7096,E35563
1627,2158,E05700
1628,6310,E01563
1629,4772,E05088
1630,6485,E01693
1631,5464,E01315
1632,5261,E01156
1633,9990,E03225
1634,6247,E01643
1635,6369,E01572
1636,3932,E32200
1637,7989,E02389
1638,9539,E04515
1639,6050,E24917
1640,7949,E02408
1641,8622,E03762
1642,9556,E37779
1643,4382,E33880
1644,6918,E01993
1645,3657,E25898
1646,2923,E00510
1647,2108,E00355
1648,2393,E05381
1649,9850,E03145
1650,2902,E00472
1651,9535,E04521
1652,5909,E01444
1653,2153,E05706
1654,4619,E00900
1655,2540,E00400
1656,4745,E05067
1657,8101,E02549
1658,7482,E02839
1659,7637,E03332
1660,1965,E00225
1661,8929,E05407
1662,4433,E34538
1663,1930,E00207
1664,2933,E36466
1665,5121,E01094
1666,3902,E31056
1667,8860,E03953
1668,8202,E03101
1669,2301,E05286
1670,9384,E21799
1671,4165,E34973
1672,2294,E03283
1673,6184,E31871
1674,8614,E03768
1675,7354,E35931
1676,4442,E34880
1677,4718,E05028
1678,9227,E37740
1679,4323,E05236
1680,2217,E00381
1681,6823,E01842
1682,2884,E32138
1683,5161,E01112
1684,4595,E31946
1685,3915,E31453
1686,4112,E00809
1687,8844,E03938
1688,4344,E05647
1689,3421,E01451
1690,3903,E31060
1691,8038,E02541
1692,2934,E33800
1693,7955,E02406
1694,4434,E31580
1695,3830,E05650
1696,2216,E00378
1697,9115,E04242
1698,2922,E00506
1699,6306,E01372
1700,6535,E32687
1701,6071,E27066
1702,8706,E03784
1703,3597,E00607
1704,8798,E05280
1705,7420,E02793
1706,9046,E04109
1707,6023,E01477
1708,7962,E02398
1709,6089,E30140
1710,6706,E01897
1711,2359,E05332
1712,4462,E00804
1713,6298,E02008
1714,5129,E37959
1715,4192,E36410
1716,7525,E02856
1717,4436,E34754
1718,9033,E04123
1719,6616,E30479
1720,7823,E03493
1721,2453,E05509
1722,9467,E30908
1723,7914,E00695
1724,1805,E00063
1725,5288,E01222
1726,9386,E26869
1727,7723,E02267
1728,9908,E02749
1729,7059,E34699
1730,7245,E02175
1731,8011,E00593
1732,7774,E02357
1733,7618,E03323
1734,4992,E01001
1735,9717,E04834
1736,5185,E01113
1737,8842,E04590
1738,7705,E02320
1739,4847,E05191
1740,2418,E05411
1741,6470,E02199
1742,2753,E03398
1743,8881,E03984
1744,7856,E01053
1745,9979,E03223
1746,8061,E02512
1747,9232,E04340
1748,7520,E03274
1749,5139,E38180
1750,5357,E01147
1751,2445,E05493
1752,3843,E05680
1753,4251,E35220
1754,3939,E32603
1755,6482,E01710
1756,9028,E04230
1757,9369,E04213
1758,7570,E02879
1759,7721,E02266
1760,4709,E05017
1761,5707,E01308
1762,4493,E35354
1763,2882,E25551
1764,3299,E30649
1765,3864,E00644
1766,6547,E32988
1767,8869,E03967
1768,3798,E05521
1769,4312,E05223
1770,4082,E00806
1771,2477,E05564
1772,3179,E27051
1773,2915,E00493
1774,1780,E00268
1775,4333,E05252
1776,6240,E30917
1777,8093,E02503
1778,4826,E05163
1779,2489,E05599
1780,6264,E01465
1781,7717,E02334
1782,6572,E33881
1783,7820,E00640
1784,1810,E00064
1785,1967,E00138
1786,7683,E35170
1787,6788,E02333
1788,9622,E04902
1789,3857,E05720
1790,2932,E35947
1791,3784,E05540
1792,6226,E37499
1793,5017,E01082
1794,9628,E04895
1795,7048,E34508
1796,3922,E31965
1797,9629,E04894
1798,6095,E30650
1799,2372,E05352
1800,6625,E25686
1801,7925,E00861
1802,2148,E05686
1803,4229,E00448
1804,4893,E38453
1805,9932,E02760
1806,2389,E05374
1807,8070,E02527
1808,8704,E03819
1809,6638,E02114
1810,3484,E33435
1811,6986,E01841
1812,7621,E03324
1813,3900,E31019
1814,5142,E01096
1815,9769,E04796
1816,6626,E25386
1817,3891,E00685
1818,4978,E27585
1819,8624,E03772
1820,3328,E03437
1821,8772,E03746
1822,7971,E00995
1823,7061,E34735
1824,2533,E00397
1825,6357,E01632
1826,9278,E34102
1827,4376,E36733
1828,4393,E34116
1829,3771,E05487
1830,6358,E01610
1831,7475,E02832
1832,5632,E01233
1833,6832,E02051
1834,3010,E00521
1835,8928,E04025
1836,6125,E01493
1837,5989,E02222
1838,9083,E04160
1839,4671,E04982
1840,1712,E05444
1841,6946,E01968
1842,7294,E02219
1843,7628,E02905
1844,5821,E01352
1845,4275,E27624
1846,2975,E34707
1847,6144,E01930
1848,9319,E04304
1849,1921,E01394
1850,9788,E04934
1851,6331,E01536
1852,2830,E00503
1853,6571,E33838
1854,4410,E01020
1855,6444,E01913
1856,2674,E03361
1857,4094,E00786
1858,4809,E05414
1859,7191,E32763
1860,8558,E03640
1861,5210,E01126
1862,3040,E05592
1863,4377,E36944
1864,3655,E25817
1865,5933,E01430
1866,4994,E01058
1867,3457,E31284
1868,5015,E02800
1869,5262,E01157
1870,5957,E02296
1871,3449,E35294
1872,6293,E01695
1873,7600,E02894
1874,9713,E04540
1875,6562,E33615
1876,9880,E02724
1877,4228,E00845
1878,3139,E31729
1879,6076,E27761
1880,1514,E21342
1881,7185,E32109
1882,3276,E25870
1883,9845,E02708
1884,2198,E24550
1885,4968,E01048
1886,6794,E01797
1887,4563,E05301
1888,8076,E02561
1889,7466,E02827
1890,6246,E01628
1891,4659,E04975
1892,7879,E00636
1893,8285,E02692
1894,4011,E35941
1895,6637,E01764
1896,9268,E33616
1897,6855,E02043
1898,2374,E05354
1899,7743,E02414
1900,8158,E02635
1901,7888,E00866
1902,8203,E03103
1903,3558,E32966
1904,3925,E31957
1905,7500,E02847
1906,6337,E02049
1907,9644,E04887
1908,4055,E35824
1909,5013,E01080
1910,9305,E04291
1911,7187,E32412
1912,9251,E37038
1913,3951,E00714
1914,6678,E02345
1915,2764,E03406
1916,8596,E04821
1917,5852,E01303
1918,5244,E38201
1919,4396,E34111
1920,4489,E35482
1921,8165,E03092
1922,4979,E30697
1923,5902,E01354
1924,4498,E35516
1925,1866,E00175
1926,5981,E01378
1927,4168,E36107
1928,2204,E00372
1929,3264,E21391
1930,2440,E05456
1931,4538,E00953
1932,3791,E02480
1933,6730,E02077
1934,6882,E01821
1935,6697,E33426
1936,6061,E26446
1937,7094,E35562
1938,4488,E35345
1939,4998,E01007
1940,6199,E32397
1941,4593,E31335
1942,8095,E02585
1943,8338,E03552
1944,4056,E35841
1945,7065,E31743
1946,5269,E01142
1947,9057,E04209
1948,2892,E00442
1949,8551,E03634
1950,3166,E24536
1951,6232,E34514
1952,2163,E05717
1953,3393,E05539
1954,6440,E01596
1955,4058,E35911
1956,6932,E01986
1957,8089,E02584
1958,7692,E35932
1959,5992,E01405
1960,3388,E02992
1961,9027,E04232
1962,7238,E02161
1963,7809,E33392
1964,9658,E04869
1965,1435,E31925
1966,3678,E30002
1967,8139,E02660
1968,2349,E05322
1969,5698,E27868
1970,8364,E03572
1971,6904,E01857
1972,2185,E22042
1973,6073,E27303
1974,7455,E03249
1975,8999,E04044
1976,3452,E31024
1977,3134,E31386
1978,1431,E31614
1979,9359,E04330
1980,2378,E05361
1981,3133,E31367
1982,9906,E02747
1983,4575,E23487
1984,3677,E27877
1985,6489,E01672
1986,3834,E04496
1987,9162,E38698
1988,4748,E05069
1989,1726,E00312
1990,3741,E05400
1991,6763,E01782
1992,6294,E01696
1993,7481,E02837
1994,2193,E22663
1995,3075,E03507
1996,6848,E01798
1997,4963,E01041
1998,5137,E38205
1999,7675,E34565
2000,3068,E03496
2001,6083,E27855
2002,3877,E00649
2003,4439,E34729
2004,4668,E04981
2005,6121,E01490
2006,2335,E05312
2007,9285,G13077
2008,2694,E03374
2009,1381,E00009
2010,4334,E05254
2011,4875,E05958
2012,5918,E01364
2013,4574,E22560
2014,4579,E25269
2015,6850,E02286
2016,9414,E30454
2017,6094,E30648
2018,3355,E02979
2019,3154,E22995
2020,4955,E00860
2021,4461,E00885
2022,2469,E05550
2023,6137,E00794
2024,3031,E05563
2025,6556,E33412
2026,8091,E00570
2027,3911,E31348
2028,1376,E00004
2029,9257,E37220
2030,7445,E03240
2031,3921,E31902
2032,3023,E02547
2033,4299,E05215
2034,3649,E25283
2035,4092,E00784
2036,2935,E37741
2037,4022,E00760
2038,7554,E03293
2039,2307,E05291
2040,2183,E21706
2041,9233,E04275
2042,7347,E36498
2043,4712,E05020
2044,8917,E04013
2045,7562,E03295
2046,6227,E36750
2047,3989,E33242
2048,6040,E31408
2049,3157,E23288
2050,8007,E02501
2051,2130,E05153
2052,3837,E05664
2053,6785,E02058
2054,1981,E00189
2055,5759,E36698
2056,6182,E31901
2057,9402,E04376
2058,9059,E04194
2059,4420,E34321
2060,1972,E00109
2061,3361,E03454
2062,9977,E03220
2063,6994,E01899
2064,5079,E37468
2065,9248,E36223
2066,3763,E05466
2067,2987,E35946
2068,7849,E00736
2069,3991,E33364
2070,3665,E26703
2071,4685,E04995
2072,9702,E04846
2073,6560,E33588
2074,3937,E32408
2075,4331,E05248
2076,4582,E24682
2077,7305,E02258
2078,9537,E04519
2079,5217,E01217
2080,3329,E03436
2081,2009,E00351
2082,1964,E00119
2083,3055,E03003
2084,4231,E01024
2085,7775,E22509
2086,6382,E01627
2087,4572,E00987
2088,1814,E00093
2089,8029,E00604
2090,7330,E21671
2091,6612,E36091
2092,5363,E01149
2093,1828,E00242
2094,4026,E00763
2095,1847,E00117
2096,5658,E01287
2097,5945,E01426
2098,7266,E02231
2099,3454,E05607
2100,6378,E01546
2101,1873,E00197
2102,7247,E02172
2103,5985,E01402
2104,7636,E03331
2105,3963,E32647
2106,3486,E33579
2107,3553,E00994
2108,6798,E01805
2109,2498,E05646
2110,7871,E00829
2111,6365,E01544
2112,5034,E37815
2113,4972,E01055
2114,4064,E00777
2115,9986,E02779
2116,4425,E34507
2117,4125,E37157
2118,6390,E01583
2119,4620,E00832
2120,4662,E04976
2121,9687,E04856
2122,3990,E33359
2123,7450,E03245
2124,7038,E34290
2125,6047,E31454
2126,5967,E01380
2127,6086,E30120
2128,4074,E36708
2129,3793,E05552
2130,1716,E00320
2131,3547,E32592
2132,2410,E05419
2133,1909,E25282
2134,6484,E01434
2135,7991,E02377
2136,1904,E00233
2137,4054,E35821
2138,6262,E01731
2139,5009,E01076
2140,4973,E01060
2141,3446,E33777
2142,3992,E33367
2143,3415,E31742
2144,1832,E01855
2145,3611,E33574
2146,3675,E27421
2147,3501,E00574
2148,7030,E34053
2149,6668,E02092
2150,7212,E02229
2151,3947,E00668
2152,9993,E03228
2153,2904,E00476
2154,3434,E02245
2155,8041,E02530
2156,6087,E27043
2157,9765,E04764
2158,6919,E01992
2159,9888,E02728
2160,4651,E04964
2161,5132,E38008
2162,8931,E04029
2163,7539,E02865
2164,3140,E21259
2165,4767,E05100
2166,4890,E36956
2167,3417,E31624
2168,6210,E01528
2169,7811,E31924
2170,2195,E23634
2171,4238,E02477
2172,4013,E35967
2173,2816,E00501
2174,3504,E32204
2175,3800,E05561
2176,6615,E32169
2177,7987,E00679
2178,3666,E27050
2179,8190,E03072
2180,5484,E01245
2181,3979,E32794
2182,2438,E05483
2183,7079,E35335
2184,4463,E00887
2185,7417,E02792
2186,6405,E01724
2187,3489,E33819
2188,4571,E05728
2189,3418,E31815
2190,2152,E05691
2191,6675,E01874
2192,6176,E31776
2193,8908,E05313
2194,1827,E00105
2195,3723,E05360
2196,3319,E05391
2197,6149,E01692
2198,7769,E02294
2199,8006,E00456
2200,7487,E02842
2201,2924,E00511
2202,5388,E01195
2203,7472,E02833
2204,3526,E00577
2205,8918,E04015
2206,4418,E37175
2207,4845,E05187
2208,2978,E35028
2209,4932,E35568
2210,6037,E31248
2211,2706,E02463
2212,9246,E36896
2213,9262,E33282
2214,9696,E04850
2215,6255,E01734
2216,4977,E26061
2217,6167,E31594
2218,6568,E33794
2219,6653,E01760
2220,7488,E02843
2221,3648,E25263
2222,1787,E00260
2223,8542,E03678
2224,4446,E34853
2225,9846,E03146
2226,8904,E00311
2227,2340,E04727
2228,7320,E33854
2229,7634,E03330
2230,6291,E02421
2231,7561,E03294
2232,6566,E33633
2233,4347,E05269
2234,3662,E26369
2235,7702,E02303
2236,7358,E35908
2237,4691,E35136
2238,7359,E36173
2239,3853,E05699
2240,6834,E01717
2241,9145,E36140
2242,7494,E03259
2243,7256,E02174
2244,6317,E01584
2245,4479,E34557
2246,1736,E00304
2247,2806,E00465
2248,9029,E04228
2249,7610,E03319
2250,7133,E37198
2251,6231,E35449
2252,4482,E35284
2253,8737,E03733
2254,8789,E05492
2255,4308,E05211
2256,6461,E01597
2257,7885,E02435
2258,2597,E00505
2259,4193,E36261
2260,3904,E31093
2261,6614,E36368
2262,6445,E01595
2263,4414,E37130
2264,7122,E02138
2265,8030,E02566
2266,6016,E01474
2267,7523,E03276
2268,9701,E04535
2269,2686,E03370
2270,2820,E32364
2271,3103,E00527
2272,8289,E03132
2273,3271,E24340
2274,9377,E04366
2275,6322,E01711
2276,8938,E04034
2277,8085,E02579
2278,2354,E05328
2279,3030,E03473
2280,2883,E31012
2281,7927,E01032
2282,7110,E37848
2283,9407,E04382
2284,2812,E00475
2285,9768,E04795
2286,3175,E26842
2287,8893,E03994
2288,7521,E02855
2289,2180,E21381
2290,9325,E32990
2291,7590,E02888
2292,6989,E01817
2293,2169,E05726
2294,2107,E00354
2295,9995,E02785
2296,9996,E02786
2297,7377,E36539
2298,7514,E03271
2299,5951,E01427
2300,7699,E36713
2301,7317,E35560
2302,7086,E35495
2303,4350,E05274
2304,2927,E01064
2305,4588,E30058
2306,8383,E03582
2307,4465,E00890
2308,3109,E00530
2309,3242,E04069
2310,3777,E05510
2311,7932,E01120
2312,7725,E02336
2313,4404,E00881
2314,6835,E01867
2315,8118,E02645
2316,6928,E01989
2317,4934,E36046
2318,3656,E25867
2319,9675,E00033
2320,3187,E27815
2321,9514,E05470
2322,4367,E00837
2323,9558,E37911
2324,6488,E01683
2325,8537,E03645
2326,2818,E00513
2327,7277,E02201
2328,2370,E05351
2329,9275,E34249
2330,7386,E37773
2331,3686,E30466
2332,2138,E05621
2333,3955,E00688
2334,6312,E01706
2335,3544,E32381
2336,3696,E30919
2337,6874,E02039
2338,5018,E01083
2339,5955,E01369
2340,3760,E05449
2341,4800,E05143
2342,4100,E00842
2343,9709,E04841
2344,3094,E03523
2345,7236,E02155
2346,8898,E05238
2347,4627,E00915
2348,7374,E36367
2349,2428,E05458
2350,3316,E02966
2351,3538,E32181
2352,7460,E02825
2353,4490,E35278
2354,4389,E34090
2355,9686,E04857
2356,2652,E03347
2357,3969,E32825
2358,9312,E04293
2359,3924,E31948
2360,2338,E05315
2361,6082,E30065
2362,7713,E02323
2363,3918,E31640
2364,6912,E02004
2365,2415,E05428
2366,3852,E05703
2367,9980,E00609
2368,5816,E00846
2369,9351,E04321
2370,2814,E00484
2371,3447,E33834
2372,6165,E27063
2373,9731,E04754
2374,3968,E32815
2375,6362,E01543
2376,1960,E00173
2377,4409,E00886
2378,6533,E32601
2379,9913,E02752
2380,5644,E02185
2381,9307,E04294
2382,2982,E35340
2383,4237,E02348
2384,2689,E02928
2385,6496,E01649
2386,9637,E04593
2387,4093,E00787
2388,3681,E30114
2389,9904,E03181
2390,9306,E04287
2391,4031,E00789
2392,2485,E05585
2393,6096,E30682
2394,5941,E01445
2395,7367,E35610
2396,5922,E01365
2397,2903,E00473
2398,6643,E01747
2399,3392,E02994
2400,4667,E04980
2401,4113,E00810
2402,4888,E35496
2403,7435,E02011
2404,7078,E35341
2405,5942,E01370
2406,7081,E35139
2407,9857,E02713
2408,1433,E31731
2409,2877,E00498
2410,9206,E26084
2411,9219,E37546
2412,9982,E02776
2413,7082,E35289
2414,8349,E03544
2415,5984,E01437
2416,1914,E00204
2417,9903,E03179
2418,8207,E03108
2419,4268,E37398
2420,7643,E03340
2421,9221,E37560
2422,4248,E31037
2423,3571,E00569
2424,5284,E01211
2425,7050,E34657
2426,5940,E01422
2427,3377,E02988
2428,1867,E00179
2429,7551,E02870
2430,1853,E00130
2431,6899,E02013
2432,3464,E31970
2433,6203,E01515
2434,4356,E05282
2435,5204,E01123
2436,6316,E01568
2437,4891,E37069
2438,9252,E37098
2439,9171,E04254
2440,7898,E00630
2441,8416,E03664
2442,1450,E34486
2443,9799,E04920
2444,9636,E04592
2445,6853,E01921
2446,6819,E01987
2447,3420,E02876
2448,6797,E02055
2449,4644,E04959
2450,4284,E05198
2451,9753,E04815
2452,9818,E02739
2453,7822,E00631
2454,3294,E30124
2455,4441,E34814
2456,4586,E27208
2457,7727,E02270
2458,5127,E37939
2459,2224,E00388
2460,2344,E05319
2461,4245,E30133
2462,8705,E03739
2463,7271,E02227
2464,1850,E00118
2465,9723,E04550
2466,4015,E36070
2467,9078,E04199
2468,5921,E01381
2469,3096,E03524
2470,3712,E05340
2471,8365,E03565
2472,5237,E01166
2473,5819,E01350
2474,6392,E02180
2475,7707,E02338
2476,5965,E02445
2477,9950,E03202
2478,5078,E37456
2479,4346,E05268
2480,1770,E00277
2481,5250,E38367
2482,6428,E01718
2483,6161,E01730
2484,3069,E03508
2485,6156,E02343
2486,3692,E30877
2487,7777,E25884
2488,2798,E03428
2489,7578,E03304
2490,4761,E05090
2491,7829,E03463
2492,3205,E00550
2493,8945,E05505
2494,5268,E01143
2495,2373,E05353
2496,9428,E05504
2497,6159,E02478
2498,3750,E05443
2499,9211,E37176
2500,6054,E26032
2501,3435,E01462
2502,6769,E02062
2503,7792,E36670
2504,6505,E01742
2505,7370,E36638
2506,1430,E31306
2507,4925,E01063
2508,9085,E04161
2509,9664,E04609
2510,6069,E26933
2511,7533,E03279
2512,3560,E32991
2513,1776,E00272
2514,3168,E25443
2515,3467,E32158
2516,5391,E01163
2517,2993,E37141
2518,6319,E01289
2519,7678,E34704
2520,3423,E01298
2521,3321,E02968
2522,3121,E00545
2523,8150,E02671
2524,7999,E02305
2525,5282,E01206
2526,7018,E02131
2527,7196,E33485
2528,7444,E02807
2529,6393,E01612
2530,1384,E31220
2531,9890,E03166
2532,8732,E03747
2533,3776,E05494
2534,7291,E02216
2535,4379,E37060
2536,6863,E02411
2537,3021,E03465
2538,6870,E02020
2539,9408,E04399
2540,9651,E04873
2541,3160,E24129
2542,5578,E38654
2543,4286,E05199
2544,6493,E02189
2545,3556,E31751
2546,7859,E02046
2547,4392,E33702
2548,4762,E05091
2549,9049,E04108
2550,2551,E00422
2551,4406,E00882
2552,3082,E03512
2553,9782,E04940
2554,4374,E36901
2555,3079,E03005
2556,3246,E04075
2557,6540,E32796
2558,4777,E05114
2559,7908,E02425
2560,9763,E04777
2561,5915,E01362
2562,7760,E02352
2563,2769,E03409
2564,9218,E37508
2565,7192,E32803
2566,7161,E26686
2567,7114,E38167
2568,3565,E33109
2569,6208,E01518
2570,5187,E02416
2571,1717,E05377
2572,9852,E02712
2573,8563,E03674
2574,9633,E04589
2575,9827,E02743
2576,6384,E01719
2577,7505,E03264
2578,4987,E01011
2579,2186,E22049
2580,4320,E05233
2581,5280,E01202
2582,7486,E02841
2583,8046,E02616
2584,3850,E05694
2585,9791,E04932
2586,1491,E00027
2587,3652,E25620
2588,2391,E05378
2589,7416,E03233
2590,9691,E04855
2591,3804,E05516
2592,3641,E24453
2593,1948,E02569
2594,9074,E04327
2595,8398,E03592
2596,7254,E02183
2597,7670,E34470
2598,6778,E02342
2599,2735,E03391
2600,4524,E00941
2601,8889,E05174
2602,2981,E35303
2603,3353,E03443
2604,7559,E02874
2605,8023,E02683
2606,6704,E01768
2607,7614,E03317
2608,3277,E26086
2609,7674,E34747
2610,4512,E00928
2611,7461,E02823
2612,1420,E27273
2613,1783,E00263
2614,5194,E01095
2615,5572,E38567
2616,6236,E32026
2617,7624,E02903
2618,3320,E02967
2619,7963,E02396
2620,7235,E02158
2621,1848,E00238
2622,6927,E02076
2623,6573,E33868
2624,2700,E02934
2625,9322,E04317
2626,3607,E00617
2627,3758,E05453
2628,6658,E02109
2629,6373,E01580
2630,3512,E00573
2631,3943,E00677
2632,6864,E01847
2633,8887,E03989
2634,5935,E01433
2635,1447,E34165
2636,5240,E38157
2637,7795,E37814
2638,3224,E31321
2639,6597,E35114
2640,4429,E34633
2641,6513,E01751
2642,5820,E01351
2643,9380,E04329
2644,7379,E36731
2645,2916,E00494
2646,4583,E26096
2647,1757,E00288
2648,9017,E04155
2649,7726,E02269
2650,3640,E24457
2651,7427,E02801
2652,7299,E02225
2653,4395,E34091
2654,3954,E00686
2655,3562,E33037
2656,4594,E31851
2657,7351,E35773
2658,1892,E00079
2659,3936,E32225
2660,4264,E36859
2661,7604,E03314
2662,8769,E05648
2663,3683,E30398
2664,3374,E02986
2665,7060,E34720
2666,4783,E05120
2667,2708,E02938
2668,8144,E02666
2669,6554,E33357
2670,8104,E02610
2671,4270,E36937
2672,4397,E34225
2673,5368,E35497
2674,9212,E37153
2675,9698,E04849
2676,6743,E01816
2677,3113,E00541
2678,4258,E37160
2679,3541,E32351
2680,4929,E27016
2681,7776,E24158
2682,6033,E31079
2683,2668,E02923
2684,7264,E02234
2685,7353,E35790
2686,7506,E03266
2687,4597,E33044
2688,4892,E38156
2689,5381,E01218
2690,4398,E34288
2691,9872,E02722
2692,6031,E31089
2693,2813,E00478
2694,6391,E01529
2695,1905,E00232
2696,6618,E26216
2697,5367,E01188
2698,5071,E34454
2699,5993,E01419
2700,9282,G12276
2701,4060,E35930
2702,2991,E35614
2703,6164,E02360
2704,2487,E05598
2705,4173,E36323
2706,6049,E31424
2707,7711,E01997
2708,7218,E02241
2709,3934,E32159
2710,1826,E00121
2711,3422,E01452
2712,3633,E22101
2713,4260,E37192
2714,6699,E34065
2715,9034,E04223
2716,3396,E03467
2717,8540,E03666
2718,7722,E02335
2719,4635,E00904
2720,9223,E35797
2721,7039,E34331
2722,6091,E30042
2723,1768,E00279
2724,9067,E04182
2725,4428,E34509
2726,6292,E01694
2727,9471,E00709
2728,5527,E38129
2729,3529,E00567
2730,4380,E33784
2731,4495,E35578
2732,4040,E38504
2733,6230,E35587
2734,7228,E02877
2735,9959,E03208
2736,7682,E35125
2737,5958,E01409
2738,3912,E31331
2739,3323,E02971
2740,2112,E00361
2741,7066,E34954
2742,5285,E01212
2743,7227,E02233
2744,4623,E00909
2745,6044,E31379
2746,2315,E05331
2747,6629,E23871
2748,3275,E25621
2749,6551,E33272
2750,2454,E05514
2751,7565,E02875
2752,8071,E02684
2753,3063,E03495
2754,9565,E38155
2755,7371,E24465
2756,8039,E02571
2757,7135,E36969
2758,4889,E36825
2759,7434,E02803
2760,5607,E01284
2761,7527,E02858
2762,3080,E03509
2763,7819,E23465
2764,9927,E03186
2765,8208,E03109
2766,4304,E05218
2767,9326,E35493
2768,2162,E05676
2769,5695,E01294
2770,6926,E01928
2771,4069,E36653
2772,3878,E00650
2773,6336,E02047
2774,7213,E02105
2775,6993,E01891
2776,5903,E02448
2777,4539,E00957
2778,4019,E36155
2779,6034,E31071
2780,1807,E00167
2781,7950,E02407
2782,4564,E05363
2783,7442,E02805
2784,2667,E02922
2785,5986,E01411
2786,7368,E36464
2787,3551,E00996
2788,6059,E26454
2789,4224,E01103
2790,5476,E01240
2791,2311,E05293
2792,4926,E23479
2793,9259,E37197
2794,1446,E34095
2795,4769,E05101
2796,7872,E03281
2797,6577,E33948
2798,9976,E03219
2799,3135,E31551
2800,3848,E05688
2801,7841,E01459
2802,3981,E32992
2803,6402,E01721
2804,2970,E34522
2805,9704,E04538
2806,7325,E34281
2807,2919,E00497
2808,6654,E02007
2809,6158,E01511
2810,4598,E34318
2811,2907,E00480
2812,7378,E34994
2813,5248,E38256
2814,4052,E35758
2815,3566,E33305
2816,3347,E02977
2817,7049,E34634
2818,6973,E01619
2819,6497,E01652
2820,3952,E00681
2821,9311,E04323
2822,6495,E01624
2823,3542,E32420
2824,4075,E36722
2825,5923,E01373
2826,1966,E00209
2827,4784,E05123
2828,6239,E31575
2829,9130,E04251
2830,5724,E21649
2831,9656,E04693
2832,5729,E00026
2833,3057,E03486
2834,5491,E01276
2835,9564,E38007
2836,3513,E00572
2837,7938,E01118
2838,2385,E05367
2839,3020,E03472
2840,8927,E04024
2841,4531,E00848
2842,8230,E03134
2843,7781,E31602
2844,2332,E05310
2845,3440,E02493
2846,3623,E05741
2847,3066,E03500
2848,6748,E01984
2849,7940,E33050
2850,4177,E36343
2851,7695,E35766
2852,2303,E05289
2853,7091,E35508
2854,7646,E03343
2855,7063,E34748
2856,2388,E00745
2857,7069,E35089
2858,7812,E31622
2859,3770,E05484
2860,7673,E34644
2861,2122,E05623
2862,9193,E04336
2863,5939,E01425
2864,7297,E02223
2865,2984,E35597
2866,4366,E01014
2867,2334,E33595
2868,2293,E00343
2869,2437,E05450
2870,6229,E36098
2871,9367,E04356
2872,6093,E30476
2873,3293,E30066
2874,8562,E03637
2875,6356,E02173
2876,6552,E33254
2877,7134,E37143
2878,8127,E00600
2879,4576,E22024
2880,7677,E34499
2881,4295,E05209
2882,2788,E02963
2883,6188,E32168
2884,8077,E02570
2885,6656,E02356
2886,3123,E00534
2887,8894,E03993
2888,7490,E02845
2889,9479,E00733
2890,2483,E05579
2891,3172,E26322
2892,7343,E36406
2893,6776,E01813
2894,9063,E04195
2895,2796,E05379
2896,9225,E37810
2897,4584,E27032
2898,7647,E02912
2899,5356,E01180
2900,9885,E02727
2901,5446,E01260
2902,6546,E33009
2903,1897,E00133
2904,6189,E32156
2905,4274,E00850
2906,6837,E02048
2907,9446,E05181
2908,5979,E01448
2909,7603,E03313
2910,9445,E04476
2911,1777,E00271
2912,3840,E05674
2913,6998,E01907
2914,8835,E00034
2915,3698,E30996
2916,6166,E31542
2917,2656,E05112
2918,3680,E30091
2919,7318,E36657
2920,4476,E35117
2921,4234,E01052
2922,4175,E36322
2923,3173,E26290
2924,6018,E01471
2925,6155,E01510
2926,6648,E01754
2927,5660,E01282
2928,9930,E01398
2929,7089,E35483
2930,3719,E05348
2931,2464,E05524
2932,6403,E01646
2933,6938,E01983
2934,7875,E00720
2935,4012,E35959
2936,3851,E02489
2937,4076,E36840
2938,4317,E05230
2939,3996,E33519
2940,8135,E03076
2941,3053,E03478
2942,7087,E35470
2943,7833,E05512
2944,1840,E00240
2945,4957,E01033
2946,7608,E02897
2947,7126,E36658
2948,5971,E01442
2949,7808,E33497
2950,7080,E35323
2951,3967,E32750
2952,6715,E01827
2953,3184,E27572
2954,4728,E05042
2955,7619,E02902
2956,7635,E02910
2957,5026,E37458
2958,7883,E00719
2959,8560,E03669
2960,9245,E36883
2961,7980,E02383
2962,3300,E30880
2963,4415,E37115
2964,3627,E20385
2965,6325,E01617
2966,3004,E02542
2967,5983,E01439
2968,4754,E05073
2969,6901,E01885
2970,4883,E35518
2971,7215,E02246
2972,3799,E05553
2973,7857,E00730
2974,4596,E32854
2975,3386,E02991
2976,9475,E00721
2977,9173,E04256
2978,8617,E03793
2979,6538,E32795
2980,6185,E31958
2981,7681,E34455
2982,1798,E00251
2983,9643,E04596
2984,7531,E02861
2985,8462,E03727
2986,5906,E02409
2987,7375,E36478
2988,8747,E03716
2989,2404,E05409
2990,8700,E03792
2991,8944,E04038
2992,7040,E34097
2993,2488,E05593
2994,7847,E02464
2995,9760,E04823
2996,3933,E32161
2997,6897,E02017
2998,4591,E30865
2999,4170,E36122
3000,3940,E32591
3001,7034,E34148
3002,6542,E32683
3003,4937,E36697
3004,4752,E05075
3005,4360,E36769
3006,9343,E38440
3007,1434,E31741
3008,4629,E00917
3009,3653,E25682
3010,2750,E02952
3011,3058,E03487
3012,9853,E03147
3013,5033,E37435
3014,3065,E03490
3015,7887,E00635
3016,3604,E00614
3017,2375,E05356
3018,3359,E02982
3019,4262,E37206
3020,8147,E02668
3021,6092,E30445
3022,7694,E36123
3023,9563,E37985
3024,6142,E01503
3025,5133,E37914
3026,4430,E34663
3027,2599,E00421
3028,2055,E00454
3029,6930,E01848
3030,4642,E04955
3031,4388,E34052
3032,3497,E34322
3033,6518,E02012
3034,7509,E03269
3035,6666,E02093
3036,6111,E01550
3037,8025,E02588
3038,2687,E03372
3039,9720,E04566
3040,3896,E26914
3041,7175,E30982
3042,4838,E04478
3043,6327,E01713
3044,8554,E03670
3045,9036,E04221
3046,3674,E27394
3047,5704,E32770
3048,1383,E25969
3049,3948,E00708
3050,8045,E02615
3051,4829,E05169
3052,5070,E35535
3053,2342,E05317
3054,6081,E30053
3055,5966,E01420
3056,9360,E04337
3057,5994,E01396
3058,6858,E02306
3059,3807,E05457
3060,3236,E04064
3061,4171,E36172
3062,6131,E01492
3063,1739,E00302
3064,7953,E00912
3065,5532,E38667
3066,9478,E00728
3067,7183,E31905
3068,6295,E01697
3069,6039,E31381
3070,2424,E32119
3071,7127,E36757
3072,4242,E00871
3073,5031,E37333
3074,9780,E04944
3075,4014,E35989
3076,7502,E04960
3077,6838,E01864
3078,1758,E00287
3079,4645,E04958
3080,6343,E01620
3081,7983,E02376
3082,2480,E05575
3083,7217,E02242
3084,2291,E00341
3085,9625,E04899
3086,3810,E05601
3087,7111,E37831
3088,6042,E02171
3089,5571,E34326
3090,6862,E01977
3091,9554,E37744
3092,3059,E03494
3093,9265,E33393
3094,4256,E37169
3095,6346,E01629
3096,1438,E32682
3097,7046,E34487
3098,2397,E05389
3099,4990,E01172
3100,3426,E02920
3101,9060,E04206
3102,4372,E36905
3103,2436,E05477
3104,2876,E00488
3105,8891,E03991
3106,9249,E36968
3107,6570,E33822
3108,5956,E02442
3109,3238,E04065
3110,8925,E04023
3111,2173,E05737
3112,8107,E02628
3113,6171,E31723
3114,2894,E00453
3115,4267,E37358
3116,6218,E01521
3117,2449,E05498
3118,2917,E00495
3119,6580,E34018
3120,7807,E33491
3121,4412,E37095
3122,8518,E03695
3123,6840,E02045
3124,2411,E05417
3125,7022,E25662
3126,9342,E38200
3127,9876,E03163
3128,7425,E02797
3129,6694,E33025
3130,2286,E00443
3131,7992,E02365
3132,3965,E32619
3133,5609,E01236
3134,6267,E02469
3135,2345,E05320
3136,3907,E31256
3137,6771,E01819
3138,3131,E23741
3139,2196,E24017
3140,4496,E35589
3141,8260,E03032
3142,7865,E02882
3143,3839,E05679
3144,7338,E35822
3145,6408,E01647
3146,1718,E00315
3147,3826,E05643
3148,7625,E03327
3149,9835,E03141
3150,2654,E02917
3151,3441,E02121
3152,3695,E30857
3153,6494,E01648
3154,9679,E04691
3155,3444,E22016
3156,3067,E03485
3157,7361,E36420
3158,5603,E01269
3159,3557,E32965
3160,4440,E34739
3161,3905,E31131
3162,6180,E31854
3163,3917,E31626
3164,5131,E37987
3165,3847,E05687
3166,9385,E21815
3167,4381,E33825
3168,3439,E02491
3169,3190,E30451
3170,8119,E02647
3171,3241,E04068
3172,5990,E01435
3173,9761,E04800
3174,7072,E35157
3175,6424,E02025
3176,5900,E01325
3177,3671,E27276
3178,3521,E00576
3179,7064,E34866
3180,2983,E35144
3181,3892,E00687
3182,5283,E01208
3183,6195,E32405
3184,3372,E03457
3185,9355,E04326
3186,3041,E05597
3187,2218,E00382
3188,2304,E05288
3189,3667,E27047
3190,4174,E36213
3191,8152,E02673
3192,4624,E00910
3193,4960,E00868
3194,6492,E01609
3195,3169,E26095
3196,5742,E01331
3197,2136,E05657
3198,1992,E00182
3199,7676,E34819
3200,8940,E04036
3201,3536,E31968
3202,3672,E27280
3203,9867,E02718
3204,4556,E00977
3205,1380,E00344
3206,3622,E05736
3207,6634,E05702
3208,4447,E33384
3209,3267,E32571
3210,6698,E33583
3211,6721,E02083
3212,3858,E05719
3213,4881,E32989
3214,1789,E00258
3215,9561,E37979
3216,4484,E35287
3217,6772,E01811
3218,4736,E05054
3219,6907,E02431
3220,5753,E01305
3221,9444,E05137
3222,7709,E02337
3223,4492,E35504
3224,7058,E34722
3225,6090,E30071
3226,8145,E02646
3227,6757,E02065
3228,6567,E33776
3229,4172,E36002
3230,6286,E01684
3231,6026,E31055
3232,7150,E03679
3233,4486,E35307
3234,3998,E33626
3235,9366,E04353
3236,9160,E32664
3237,1994,E00222
3238,4198,E36637
3239,5998,E01393
3240,4098,E00796
3241,7805,E34363
3242,7671,E34476
3243,7602,E02895
3244,3768,E05471
3245,3495,E34256
3246,4351,E05275
3247,6297,E01699
3248,9051,E04215
3249,6943,E01974
3250,3625,E05742
3251,6563,E33601
3252,4615,E00895
3253,4920,E01040
3254,5699,E34130
3255,9313,E04296
3256,8138,E02658
3257,5035,E37790
3258,6045,E31446
3259,3739,E05401
3260,7372,E36629
3261,5126,E37926
3262,3988,E33235
3263,9929,E02759
3264,2911,E00487
3265,7464,E03251
3266,7208,E02248
3267,7555,E02871
3268,9361,E04339
3269,5542,E01257
3270,3726,E05395
3271,6964,E01954
3272,5936,E01415
3273,4427,E34544
3274,7538,E02818
3275,2351,E05324
3276,4287,E05204
3277,6469,E01454
3278,6888,E02324
3279,3796,E05551
3280,7035,E34238
3281,2762,E03404
3282,1418,E24512
3283,6360,E01534
3284,2179,E21514
3285,9417,E31524
3286,9973,E02775
3287,9264,E33514
3288,3143,E21832
3289,7901,E00715
3290,9969,E03213
3291,6334,E01538
3292,4438,E34721
3293,2872,E00447
3294,1401,E00323
3295,3204,E00556
3296,9263,E33346
3297,3995,E33294
3298,8594,E04801
3299,1771,E00276
3300,4625,E00911
3301,2974,E34944
3302,4750,E05070
3303,9214,E37292
3304,6662,E02100
3305,2795,E02964
3306,6038,E31343
3307,4167,E36086
3308,9353,E04322
3309,6466,E01716
3310,2747,E03397
3311,3816,E05635
3312,7916,E00696
3313,4319,E05231
3314,2493,E05611
3315,3727,E05369
3316,3280,E26966
3317,8783,E03740
3318,3841,E05669
3319,3322,E05399
3320,7782,E32784
3321,8903,E04001
3322,6046,E31448
3323,3524,E00578
3324,6060,E26443
3325,1436,E32163
3326,5355,E01131
3327,6599,E35555
3328,3753,E05432
3329,4494,E35544
3330,4884,E36129
3331,3181,E27202
3332,2467,E05544
3333,5856,E01329
3334,7791,E36627
3335,2376,E00744
3336,7918,E00705
3337,1443,E33535
3338,2058,E00502
3339,4119,E00899
3340,9250,E36988
3341,7897,E00632
3342,4437,E34587
3343,3161,E24248
3344,7284,E02387
3345,7219,E02238
3346,5103,E01088
3347,3306,E00558
3348,9778,E04941
3349,7810,E33313
3350,3710,E05336
3351,3970,E32766
3352,5343,E01135
3353,7836,E02096
3354,3909,E27894
3355,9082,E04159
3356,7831,E00748
3357,4241,E01066
3358,5028,E37506
3359,3537,E32146
3360,9256,E37221
3361,4690,E05001
3362,5216,E01205
3363,3690,E30836
3364,9854,E03148
3365,2341,E05316
3366,3664,E26596
3367,6635,E02116
3368,8226,E02699
3369,6548,E33110
3370,5781,E01401
3371,3927,E31977
3372,3744,E05413
3373,7031,E34070
3374,5612,E01283
3375,3054,E05627
3376,9776,E04950
3377,6342,E01547
3378,9466,E32198
3379,9557,E37796
3380,1844,E00239
3381,5341,E01176
3382,6549,E33247
3383,7804,E34800
3384,7399,E02447
3385,7746,E01221
3386,7021,E00035
3387,4450,E35137
3388,6467,E01456
3389,2693,E02932
3390,6192,E32220
3391,6558,E33515
3392,6775,E01795
3393,2961,E36991
3394,5259,E38288
3395,1841,E00101
3396,5697,E01296
3397,7443,E02806
3398,7446,E02810
3399,4422,E34114
3400,6335,E01539
3401,4370,E36795
3402,4882,E35510
3403,3437,E01464
3404,7084,E35489
3405,3577,E00563
3406,4120,E00906
3407,5125,E37482
3408,9127,E04246
3409,7036,E34294
3410,3266,E22612
3411,4387,E34094
3412,4424,E34497
3413,2481,E05576
3414,3920,E31754
3415,6803,E01932
3416,1795,E00254
3417,4833,E05175
3418,3682,E30085
3419,9012,E04136
3420,7975,E00667
3421,5721,E01300
3422,5189,E01107
3423,9767,E00187
3424,6655,E02028
3425,4445,E34513
3426,5973,E01441
3427,2743,E02949
3428,4068,E36659
3429,8559,E03673
3430,4247,E30692
3431,7041,E34352
3432,4196,E36532
3433,4824,E05161
3434,3352,E03447
3435,7076,E35258
3436,3895,E00690
3437,4421,E34335
3438,4720,E05030
3439,7057,E34716
3440,4705,E05011
3441,3071,E03506
3442,6555,E20870
3443,4976,E01068
3444,7097,E35611
3445,4735,E05053
3446,6186,E31997
3447,7698,E36435
3448,3035,E02995
3449,6198,E32193
3450,6633,E02120
3451,9271,E33858
3452,3024,E02997
3453,4391,E34045
3454,8996,E04048
3455,6193,E32203
3456,3997,E33553
3457,5928,E01320
3458,4341,E05262
3459,2408,E05416
3460,9849,E02711
3461,3985,E33040
3462,7902,E02428
3463,4444,E34974
3464,4491,E35466
3465,3823,E05630
3466,3550,E32736
3467,5386,E01204
3468,2683,E03365
3469,7894,E00863
3470,4885,E36350
3471,4386,E34031
3472,2402,E05403
3473,7044,E34484
3474,2435,E05478
3475,3045,E03000
3476,3645,E24982
3477,2722,E03386
3478,4199,E36661
3479,3928,E31991
3480,9220,E37523
3481,7922,E00712
3482,2321,E05297
3483,3747,E05424
3484,6734,E02072
3485,9421,E05570
3486,6396,E01635
3487,4840,E05183
3488,6233,E34273
3489,4102,E00791
3490,8105,E02627
3491,6307,E01704
3492,6022,E01475
3493,9087,E04354
3494,3297,E30598
3495,7140,E37589
3496,7037,E34276
3497,4657,E04972
3498,4178,E36366
3499,8746,E03717
3500,5997,E01431
3501,1724,E05326
3502,8040,E02679
3503,7077,E35288
3504,7162,E26813
3505,7863,E00734
3506,7043,E34498
3507,6400,E02462
3508,3935,E32238
3509,9258,E37199
3510,6072,E27059
3511,4261,E37131
3512,1997,E00246
3513,1451,E34679
3514,7356,E35993
3515,3358,E03451
3516,2139,E05668
3517,7544,E03286
3518,7477,E02836
3519,5029,E37603
3520,4057,E35765
3521,3930,E32141
3522,7265,E02232
3523,3202,E00547
3524,3070,E03004
3525,7360,E36132
3526,3624,E05707
3527,3647,E24998
3528,3945,E00675
3529,6029,E30998
3530,6265,E01728
3531,1743,E00299
3532,7129,E36714
3533,7314,E22554
3534,3814,E05633
3535,3317,E03432
3536,6181,E31855
3537,2499,E05631
3538,3987,E33237
3539,5817,E01348
3540,6138,E01488
3541,8115,E02639
3542,3961,E32624
3543,2215,E00377
3544,1764,E00282
3545,4678,E04991
3546,6578,E33928
3547,4200,E36660
3548,8742,E03723
3549,3815,E05622
3550,2134,E03745
3551,5134,E38036
3552,7515,E03272
3553,3077,E03505
3554,6550,E33238
3555,4394,E34140
3556,9685,E04858
3557,6557,E33557
3558,4166,E36174
3559,9040,E04217
3560,6579,E34082
3561,2425,E05440
3562,3350,E02978
3563,3490,E33863
3564,3474,E32486
3565,9972,E02774
3566,7957,E02402
3567,4378,E36989
3568,8247,E03025
3569,7793,E37419
3570,2300,E05278
3571,6867,E02005
3572,2999,E35234
3573,7923,E00713
3574,2789,E03422
3575,8886,E03988
3576,3766,E05469
3577,3375,E03460
3578,4017,E36100
3579,2330,E05308
3580,6217,E01524
3581,9820,E02740
3582,7919,E00652
3583,2666,E03355
3584,9363,E04247
3585,4650,E04704
3586,1444,E33910
3587,3598,E02773
3588,4918,E01035
3589,2586,E31035
3590,7376,E36655
3591,4335,E05255
3592,7850,E00735
3593,3944,E00664
3594,3177,E26821
3595,6822,E01859
3596,5199,E01109
3597,4222,E00839
3598,3477,E32793
3599,3583,E00584
3600,6048,E31425
3601,4827,E05325
3602,7357,E36078
3603,6545,E33005
3604,5162,E01115
3605,4935,E36133
3606,4558,E03289
3607,9240,E36711
3608,3409,E00566
3609,9362,E04342
3610,7601,E03312
3611,7870,E00722
3612,7827,E00639
3613,2468,E05535
3614,6150,E01508
3615,3775,E05497
3616,3634,E22461
3617,7571,E03299
3618,3691,E30856
3619,3248,E04077
3620,4814,E05151
3621,3185,E27615
3622,3174,E26579
3623,7813,E31344
3624,3192,E30504
3625,4679,E04990
3626,4707,E05015
3627,9423,E05528
3628,2778,E03415
3629,6543,E32951
3630,9254,E37159
3631,9439,E05055
3632,3419,E31918
3633,5969,E01403
3634,3986,E33232
3635,7090,E33790
3636,8013,E00571
3637,3237,E05651
3638,5905,E01408
3639,3138,E31625
3640,5458,E01275
3641,6664,E02095
3642,6969,E01933
3643,6647,E01912
3644,3974,E32814
3645,5974,E01366
3646,3559,E33016
3647,4416,E37146
3648,7073,E35187
3649,7640,E03336
3650,5279,E01200
3651,2776,E02960
3652,4240,E02483
3653,7093,E35514
3654,5395,E01185
3655,7896,E00633
3656,3931,E32108
3657,6663,E02097
3658,8854,E03948
3659,3461,E31681
3660,9419,E26675
3661,3842,E05677
3662,6063,E26625
3663,7986,E01656
3664,5010,E01005
3665,7899,E02430
3666,9647,E04884
3667,7062,E34725
3668,5271,E01165
3669,3137,E31574
3670,8946,E04039
3671,6347,E01651
3672,3195,E30881
3673,7800,E34028
3674,6248,E27530
3675,5212,E01186
3676,7273,E02226
3677,6190,E32153
3678,8181,E04784
3679,3976,E32855
3680,6894,E02021
3681,7567,E02878
3682,3011,E00585
3683,9635,E04591
3684,7837,E02980
3685,3802,E05578
3686,7877,E02441
3687,3600,E00610
3688,8166,E03093
3689,6074,E27506
3690,2901,E00471
3691,1711,E05452
3692,4930,E31959
3693,6537,E32753
3694,4673,E04987
3695,9895,E01686
3696,7131,E37082
3697,6942,E01978
3698,4288,E05201
3699,1738,E05065
3700,6380,E01581
3701,3779,E05543
3702,3929,E31955
3703,9425,E05481
3704,4664,E04978
3705,8912,E04008
3706,3845,E05682
3707,2479,E05569
3708,3089,E03007
3709,7878,E02439
3710,4020,E36108
3711,4265,E37222
3712,7623,E03326
3713,7524,E03278
3714,3910,E30993
3715,5987,E01446
3716,3953,E00682
3717,8123,E02650
3718,3416,E31749
3719,7362,E36353
3720,4243,E02494
3721,7928,E01031
3722,9073,E04197
3723,9941,E02762
3724,3111,E00531
3725,8836,E00165
3726,7939,E01428
3727,4355,E05277
3728,3042,E05606
3729,3646,E25206
3730,3639,E24392
3731,2754,E03401
3732,9816,E02738
3733,5952,E01368
3734,2323,E05302
3735,9253,E37006
3736,7363,E36431
3737,7689,E35554
3738,2736,E03392
3739,9365,E04346
3740,9242,E36886
3741,3670,E27235
3742,7074,E35238
3743,6696,E33323
3744,4124,E33382
3745,7255,E01644
3746,5075,E36862
3747,8254,E03044
3748,4016,E36077
3749,7771,E02325
3750,7501,E02848
3751,4834,E05176
3752,9215,E37432
3753,1400,E05479
3754,5287,E01216
3755,5025,E37397
3756,5950,E01421
3757,5277,E01174
3758,6276,E01675
3759,1788,E00259
3760,9914,E02753
3761,1999,E00248
3762,4770,E05106
3763,4766,E05098
3764,8215,E03117
3765,7075,E35344
3766,3787,E05445
3767,6173,E31694
3768,9376,E04365
3769,3223,E31291
3770,3494,E34271
3771,9476,E00723
3772,2137,E05670
3773,7067,E34975
3774,4616,E00896
3775,9327,E36405
3776,9562,E37957
3777,9978,E03221
3778,3908,E31336
3779,6574,E33864
3780,5342,E01177
3781,1439,E32906
3782,9812,E03169
3783,4059,E35945
3784,9213,E37304
3785,7946,E00711
3786,7815,E31123
3787,4361,E01006
3788,5610,E01238
3789,7345,E34851
3790,3326,E03434
3791,6147,E01507
3792,6982,E01916
3793,3346,E00390
3794,5953,E01688
3795,7268,E02230
3796,3849,E05690
3797,9244,E36961
3798,4316,E05228
3799,7997,E02372
3800,8072,E02587
3801,3469,E32468
3802,7138,E37457
3803,8995,E04049
3804,6659,E01875
3805,3286,E27464
3806,4179,E36398
3807,6786,E02057
3808,6433,E01727
3809,7585,E03306
3810,8256,E02695
3811,7413,E02791
3812,8209,E03110
3813,7615,E03320
3814,7422,E02794
3815,3808,E05587
3816,1730,E00308
3817,6085,E30119
3818,7886,E00867
3819,9878,E03160
3820,7083,E35250
3821,1382,E00010
3822,5962,E01391
3823,3913,E31354
3824,7985,E02385
3825,4255,E37105
3826,4073,E36666
3827,2721,E05241
3828,6977,E01906
3829,6177,E31817
3830,6898,E02016
3831,4018,E36312
3832,7042,E34379
3833,8225,E02787
3834,9241,E36801
3835,6025,E30999
3836,1971,E00091
3837,3189,E30020
3838,3260,E04086
3839,6836,E03346
3840,2156,E05701
3841,2459,E05527
3842,6731,E02075
3843,2673,E03360
3844,3261,E27046
3845,7462,E03252
3846,4995,E01009
3847,2997,E37595
3848,6439,E01277
3849,7719,E01587
3850,2164,E05716
3851,2976,E34938
3852,6416,E02000
3853,2926,E00515
3854,3442,E01466
3855,7426,E02798
3856,3370,E03456
3857,5380,E01219
3858,4250,E34221
3859,9610,E04916
3860,1449,E34471
3861,7851,E02459
3862,9399,E05951
3863,3977,E32956
3864,3032,E03474
3865,6846,E01940
3866,3136,E31588
3867,3384,E02989
3868,3803,E05573
3869,1734,E00306
3870,2172,E05740
3871,4760,E05083
3872,3047,E03482
3873,8143,E00605
3874,3824,E05641
3875,7441,E02813
3876,4349,E05273
3877,7170,E30805
3878,6228,E36545
3879,9166,E38739
3880,5842,E25156
3881,5255,E38477
3882,1445,E34099
3883,5844,E38714
3884,9332,E38723
3885,5535,E38760
3886,6223,E38926
3887,5592,E38965
3888,4896,E38985
3889,9331,E38651
3890,5574,E38109
3891,9338,E38192
3892,5254,E38472
3893,9163,E38728
3894,5834,E37986
3895,7119,E38427
3896,5582,E38683
3897,7409,E38695
3898,5586,E38755
3899,4894,E38688
3900,5570,E38541
3901,5885,E38684
3902,5575,E38662
3903,9346,E36393
3904,5577,E38690
3905,2962,E38523
3906,9337,E38162
3907,9159,E38687
3908,5256,E38460
3909,5576,E38645
3910,5884,E38682
3911,5138,E38171
3912,9165,E38693
3913,5247,E38191
3914,7120,E38443
3915,6525,E37488
3916,5585,E38765
3917,5843,E38716
3918,5533,E38634
3919,2936,E38104
3920,7115,E38118
3921,5246,E38169
3922,5243,E38043
3923,9344,E38452
3924,5136,E38072
3925,7116,E38202
3926,7112,E37960
3927,4197,E37502
3928,6522,E36860
3929,5888,E38738
3930,5892,E39222
3931,7176,E31267
3932,5889,E39074
3933,2938,E38979
3934,9168,E38895
3935,5845,E39018
3936,5591,E38949
3937,5869,E39165
3938,5595,E39137
3939,4811,E39009
3940,5621,E39194
3941,6224,E38780
3942,5618,E39203
3943,5619,E39171
3944,5599,E39122
3945,5597,E39114
3946,5587,E38864
3947,5870,E39158
3948,5596,E39126
3949,9236,E39008
3950,9237,E38969
3951,9339,E38178
3952,5868,E39136
3953,5891,E39133
3954,5589,E38919
3955,5590,E38957
3956,5588,E38948
3957,5867,E38078
3958,5616,E39162
3959,9170,E38906
3960,3958,E38898
3961,6209,E38761
3962,5257,E38335
3963,5858,E35053
3964,141A,E38525
3965,147A,E39483
3966,156A,E39473
3967,143A,E39406
3968,145A,E39409
3969,148A,E39410
3970,150A,E39184
3971,2051,E00441
3972,2202,E00370
3973,2116,E00358
3974,2052,E00438
3975,2261,E00332
3976,2006,E00350
3977,2262,E00330
3978,2572,E00409
3979,2536,E00398
3980,2578,E00416
3981,2289,E00339
3982,2230,E26570
3983,2008,E00352
3984,2589,E00426
3985,2056,E00440
3986,2284,E00336
3987,2290,E00340
3988,2611,E00432
3989,2580,E00423
3990,2228,E00392
3991,2608,E00430
3992,2538,E00399
3993,2817,E00507
3994,2891,E00449
3995,2893,E00451
3996,2898,E00459
3997,2909,E00483
3998,2906,E00479
3999,2912,E00489
4000,2913,E00490
4001,2921,E00504
4002,3432,E01328
4003,5701,E01299
4004,5739,E01311
4005,5738,E01309
4006,5804,E01335
4007,2905,E00477
4008,5812,E01342
4009,5934,E01302
4010,2925,E00512
4011,5758,E02115
4012,5815,E01343
4013,5807,E01337
4014,6585,E01881
4015,6600,E35948
4016,6593,E01965
4017,6591,E01804
4018,6621,E01749
4019,6660,E01763
4020,6657,E02108
4021,6671,E02088
4022,6665,E02094
4023,6672,E02347
4024,6636,E02118
4025,6624,E01823
4026,6628,E24562
4027,6695,E33345
4028,6708,E01791
4029,6661,E02101
4030,6639,E02117
4031,6669,E02091
4032,6641,E01746
4033,6738,E02068
4034,6716,E01843
4035,6719,E01871
4036,6709,E01792
4037,6722,E02082
4038,6749,E01853
4039,6759,E01778
4040,6766,E01784
4041,6751,E01771
4042,6747,E01970
4043,6756,E01776
4044,6767,E01785
4045,6793,E01796
4046,6784,E02061
4047,6773,E01794
4048,6812,E01948
4049,6818,E01846
4050,6801,E01810
4051,6796,E01814
4052,6842,E02044
4053,6833,E02050
4054,6816,E01840
4055,6868,E02014
4056,6815,E01830
4057,6876,E02041
4058,6839,E01863
4059,6860,E01964
4060,6826,E01865
4061,6852,E01942
4062,6885,E02031
4063,6893,E02022
4064,6878,E01861
4065,6883,E02034
4066,6900,E01858
4067,6891,E01860
4068,6910,E02314
4069,6889,E02026
4070,6896,E02018
4071,6895,E02019
4072,6921,E01883
4073,6922,E01990
4074,6911,E02003
4075,6934,E01895
4076,6939,E01982
4077,6916,E01994
4078,6935,E01985
4079,6950,E01963
4080,6924,E01886
4081,6945,E01969
4082,7704,E01976
4083,6992,E01900
4084,6974,E01934
4085,6972,E01925
4086,6985,E02181
4087,9518,E32215
4088,9542,E04532
4089,9540,E04518
4090,9541,E04531
4091,9544,E04533
4092,9053,E04214
4093,9014,E04098
4094,9061,E04204
4095,9047,E04216
4096,9056,E04210
4097,9382,E04234
4098,9062,E04319
4099,9077,E04180
4100,7321,E33701
4101,9086,E04111
4102,8328,E03609
4103,8325,E03561
4104,8324,E03560
4105,8327,E03604
4106,8347,E03548
4107,8332,E03559
4108,8339,E03558
4109,8333,E03551
4110,8375,E03579
4111,8342,E03542
4112,8355,E03570
4113,8356,E03569
4114,8350,E03601
4115,8374,E03573
4116,8363,E03566
4117,8520,E03636
4118,8415,E03620
4119,8390,E03598
4120,8394,E03595
4121,8528,E03650
4122,8379,E03585
4123,8409,E03686
4124,8552,E03655
4125,8556,E03662
4126,8382,E03584
4127,8385,E03589
4128,8396,E03593
4129,8561,E03661
4130,8397,E03603
4131,8536,E03642
4132,8710,E05866
4133,8634,E05773
4134,8529,E03654
4135,8648,E05770
4136,8545,E03656
4137,8521,E03684
4138,8527,E03651
4139,8543,E03657
4140,8404,E03628
4141,8530,E03653
4142,8403,E03627
4143,1701,E00046
4144,5407,E01248
4145,1661,E00040
4146,5412,E05807
4147,2684,E03369
4148,1606,E23800
4149,5457,E01252
4150,5479,E01241
4151,5448,E01263
4152,5413,E26712
4153,5453,E01249
4154,5606,E01271
4155,5566,E01258
4156,5456,E01265
4157,5645,E01295
4158,5641,E01270
4159,5486,E01244
4160,5690,E35543
4161,5657,E01286
4162,5614,E21200
4163,3424,E01457
4164,5917,E01360
4165,5919,E01357
4166,5912,E01358
4167,5907,E01436
4168,5954,E01383
4169,5996,E01410
4170,5964,E01376
4171,5188,E02211
4172,5450,E02260
4173,4233,E02239
4174,5605,E02179
4175,9922,E02755
4176,5196,E01104
4177,7007,E02125
4178,5999,E01395
4179,7221,E02149
4180,7223,E02151
4181,7233,E02156
4182,7243,E02200
4183,7230,E02235
4184,7263,E02165
4185,7248,E02157
4186,7260,E02190
4187,7251,E02196
4188,7262,E02164
4189,7249,E01290
4190,7301,E02256
4191,7274,E02184
4192,165A,E39170
4193,2125,E03805
4194,7728,E02291
4195,7312,E02249
4196,8607,E03757
4197,7404,E02251
4198,7190,E10936
4199,8625,E03789
4200,8702,E03818
4201,8692,E03776
4202,8711,E21602
4203,8738,E03813
4204,8749,E03712
4205,3114,E00532
4206,8728,E03749
4207,3129,E00537
4208,3216,E00549
4209,3211,E00555
4210,8606,E03759
4211,8740,E03728
4212,8709,E03821
4213,8703,E03817
4214,3585,E00564
4215,9318,E04298
4216,3125,E00536
4217,3605,E00615
4218,3514,E00594
4219,3587,E00597
4220,3599,E00611
4221,3408,E00565
4222,3515,E00612
4223,6253,E02361
4224,6421,E02317
4225,3606,E00616
4226,3578,E00596
4227,7316,E32047
4228,6667,E02351
4229,7706,E02321
4230,7708,E02339
4231,7714,E02327
4232,7703,E02310
4233,7736,E02273
4234,7772,E02358
4235,7757,E02279
4236,7773,E02359
4237,7756,E02278
4238,9205,E04281
4239,5001,E01069
4240,9234,E04282
4241,7748,E02353
4242,7768,E02282
4243,5016,E01081
4244,9123,E04245
4245,5007,E01072
4246,9174,E04257
4247,9113,E04240
4248,5012,E02543
4249,5002,E01070
4250,9132,E04238
4251,5008,E01073
4252,9133,E04267
4253,9180,E04270
4254,1334,E00020
4255,5963,E01562
4256,9176,E04244
4257,1978,E00186
4258,9179,E04269
4259,2773,E02959
4260,6160,E01512
4261,6162,E01732
4262,6112,E01484
4263,6211,E01527
4264,6163,E01513
4265,6225,E38483
4266,6234,E33732
4267,6242,E01523
4268,6205,E01516
4269,6260,E02111
4270,6259,E02112
4271,6256,E02119
4272,6280,E01679
4273,6271,E01641
4274,6281,E01658
4275,6274,E01973
4276,6321,E01709
4277,6300,E01701
4278,6299,E01700
4279,6352,E01655
4280,6314,E01707
4281,6303,E01703
4282,6374,E01582
4283,6355,E02255
4284,6375,E01553
4285,6401,E01720
4286,6397,E01615
4287,6437,E01556
4288,6453,E01623
4289,6443,E01614
4290,6409,E01634
4291,6414,E01681
4292,6476,E01450
4293,6487,E01689
4294,6478,E01608
4295,135A,E39382
4296,137A,E39349
4297,6581,E01745
4298,149A,E39161
4299,155A,E39405
4300,173A,E39460
4301,175A,E39487
4302,7758,E02287
4303,3620,E05732
4304,2799,E02965
4305,2665,E05076
4306,3629,E21588
4307,2352,E05513
4308,3644,E24914
4309,3630,E21740
4310,3684,E30446
4311,3654,E25761
4312,3658,E25888
4313,3669,E27064
4314,3713,E05226
4315,3689,E30698
4316,3715,E05343
4317,3711,E05338
4318,3731,E04485
4319,3724,E05362
4320,3734,E05383
4321,3752,E04489
4322,3742,E05405
4323,3754,E05431
4324,3751,E05430
4325,3756,E05148
4326,3789,E04492
4327,3829,E04495
4328,3785,E05538
4329,3790,E05511
4330,3827,E05988
4331,3811,E05605
4332,3794,E05548
4333,3828,E04494
4334,3782,E02104
4335,3831,E05653
4336,3832,E05652
4337,3822,E05638
4338,3859,E05722
4339,3906,E31276
4340,3919,E31585
4341,3982,E33001
4342,3938,E31238
4343,3960,E32373
4344,3966,E32673
4345,3975,E32660
4346,3999,E33598
4347,4195,E36434
4348,4266,E37334
4349,4269,E37423
4350,4340,E05261
4351,4283,E05197
4352,4281,E05195
4353,4291,E05110
4354,4358,E05279
4355,4399,E34199
4356,4497,E35302
4357,4640,E04953
4358,4817,E04475
4359,4799,E05142
4360,4835,E05177
4361,5030,E37563
4362,4793,E05134
4363,4734,E05052
4364,4764,E05094
4365,4779,E05115
4366,4842,E04479
4367,5039,E37950
4368,5128,E37795
4369,5252,E38474
4370,5583,E38722
4371,5579,E38685
4372,5580,E38641
4373,6598,E35616
4374,6172,E31732
4375,8092,E03114
4376,9255,E37174
4377,9235,E36421
4378,6791,E01787
4379,6175,E31745
4380,9411,E04488
4381,9427,E04482
4382,6944,E01972
4383,9430,E05266
4384,8096,E03126
4385,9422,E05547
4386,9437,E04463
4387,9477,E00729
4388,9607,E04586
4389,9657,E04870
4390,9638,E04891
4391,9748,E04809
4392,9758,E04820
4393,1405,E04042
4394,1408,E05594
4395,1413,E00325
4396,1725,E00314
4397,1448,E34109
4398,1756,E00124
4399,1750,E00294
4400,1751,E00293
4401,1761,E00286
4402,1763,E00284
4403,1728,E00309
4404,1722,E00318
4405,1767,E00280
4406,1778,E00270
4407,1737,E00303
4408,1816,E00088
4409,1782,E00267
4410,1819,E00070
4411,1834,E00111
4412,1846,E00099
4413,1875,E00214
4414,1824,E00051
4415,1895,E00139
4416,1865,E00174
4417,1868,E00235
4418,1883,E00061
4419,1896,E00156
4420,1881,E00049
4421,1907,E00230
4422,1919,E00170
4423,1916,E00178
4424,1906,E00231
4425,1924,E00624
4426,1940,E00154
4427,1943,E00077
4428,1931,E00127
4429,1935,E00193
4430,1936,E00191
4431,1933,E00198
4432,1955,E00106
4433,1937,E00184
4434,1970,E00150
4435,1985,E00203
4436,1986,E00223
4437,1990,E00215
4438,1956,E00129
4439,2416,E03445
4440,138A,E39377
4441,1989,E00213
4442,1987,E00211
4443,1984,E00202
4444,1983,E00200
4445,2690,E03373
4446,9764,E00116
4447,2679,E03351
4448,2696,E03376
4449,2660,E03353
4450,2662,E03350
4451,2655,E03348
4452,2718,E03383
4453,2675,E03359
4454,2727,E03388
4455,2712,E03382
4456,2738,E03394
4457,2757,E03514
4458,2774,E03411
4459,2719,E03247
4460,2786,E03419
4461,3037,E05580
4462,3049,E03484
4463,3027,E03466
4464,2772,E03410
4465,3078,E03499
4466,3060,E03491
4467,3090,E03501
4468,3163,E24260
4469,3147,E22130
4470,3170,E24350
4471,3098,E03522
4472,3171,E10657
4473,3194,E30640
4474,3311,E03429
4475,3338,E03441
4476,3331,E03438
4477,3351,E03448
4478,3354,E03449
4479,3362,E03452
4480,3373,E03458
4481,3325,E03435
4482,3318,E03433
4483,3381,E03396
4484,3313,E03430
4485,3366,E03455
4486,3344,E03444
4487,3545,E32577
4488,3376,E03459
4489,3398,E03469
4490,3564,E33073
4491,3385,E03461
4492,4775,E05093
4493,7491,E03258
4494,7478,E03256
4495,7415,E03232
4496,7430,E03238
4497,7452,E03246
4498,7553,E03292
4499,7493,E03257
4500,7541,E03282
4501,7566,E03297
4502,7465,E03250
4503,7568,E03334
4504,7448,E03244
4505,7617,E03322
4506,7598,E03311
4507,7577,E03301
4508,7627,E03328
4509,7645,E03339
4510,7641,E03337
4511,7642,E03338
4512,7622,E03325
4513,7697,E36387
4514,8134,E03063
4515,8080,E03230
4516,7688,E35297
4517,8187,E03080
4518,8178,E03066
4519,8175,E03057
4520,8192,E03082
4521,8193,E03079
4522,8171,E03122
4523,8028,E03125
4524,8184,E03074
4525,8196,E03086
4526,8216,E03123
4527,8186,E03078
4528,8236,E03016
4529,8246,E03023
4530,8201,E03100
4531,8229,E03135
4532,8266,E03047
4533,8245,E03022
4534,8263,E03049
4535,8248,E03131
4536,8251,E03026
4537,8257,E03024
4538,8270,E02622
4539,8274,E03073
4540,9817,E03170
4541,9813,E03168
4542,9822,E03172
4543,8298,E02690
4544,9277,E34135
4545,9266,E33570
4546,9838,E03142
4547,9834,E03140
4548,8287,E03130
4549,8293,E02514
4550,9819,E03171
4551,9874,E03159
4552,9826,E03174
4553,9905,E03182
4554,9829,E03175
4555,9855,E03149
4556,9937,E03194
4557,9935,E03192
4558,9870,E02720
4559,9939,E03195
4560,9866,E03155
4561,9968,E03212
4562,9949,E03201
4563,9931,E03191
4564,9899,E03095
4565,9924,E03189
4566,9943,E03197
4567,9975,E03218
4568,2657,E02918
4569,4589,E30401
4570,167A,E39254
4571,9966,E03211
4572,2682,E02929
4573,9945,E03200
4574,2725,E02943
4575,2658,E02919
4576,2744,E02950
4577,2710,E02939
4578,1352,E00017
4579,2724,E05237
4580,2703,E02937
4581,2759,E02954
4582,2714,E02940
4583,2766,E02957
4584,2729,E04761
4585,2761,E02956
4586,3052,E03001
4587,3061,E03002
4588,3022,E02996
4589,2777,E02961
4590,3095,E03008
4591,3043,E05600
4592,3348,E02976
4593,3330,E02972
4594,3343,E02975
4595,3165,E24576
4596,3364,E02981
4597,3209,E00551
4598,3429,E02942
4599,3383,E02990
4600,3356,E02970
4601,3394,E05546
4602,3390,E05523
4603,7432,E02799
4604,7457,E02822
4605,7468,E02830
4606,7473,E02834
4607,7489,E02844
4608,7503,E02849
4609,7542,E02867
4610,7535,E02863
4611,7563,E02629
4612,7574,E02880
4613,7517,E02853
4614,7558,E02873
4615,7620,E02901
4616,7519,E02854
4617,7591,E02890
4618,7612,E02899
4619,7631,E02906
4620,7597,E02893
4621,7594,E02891
4622,7587,E02887
4623,7648,E02913
4624,7904,E00620
4625,8027,E02591
4626,8042,E02577
4627,7903,E00628
4628,8062,E02565
4629,8036,E02617
4630,8044,E02575
4631,8109,E02637
4632,8112,E02638
4633,8110,E25656
4634,8120,E02648
4635,8087,E03107
4636,8090,E02564
4637,8108,E02612
4638,8148,E02669
4639,8191,E02653
4640,8205,E03105
4641,8249,E02696
4642,9814,E02736
4643,9844,E02707
4644,9884,E02726
4645,9883,E02725
4646,9897,E02733
4647,9810,E02640
4648,9836,E02702
4649,9912,E02751
4650,9916,E02754
4651,9961,E02768
4652,9938,E02550
4653,9892,E02730
4654,9898,E02734
4655,177A,E38689
4656,9963,E02771
4657,130A,E39268
4658,9909,E02750
4659,9957,E02766
4660,4535,E00950
4661,4542,E00964
4662,4537,E00946
4663,9992,E02784
4664,9964,E01297
4665,9967,E02772
4666,4508,E00924
4667,4517,E00960
4668,4514,E00929
4669,4566,E00982
4670,4567,E00983
4671,4541,E00963
4672,4557,E00978
4673,4555,E00976
4674,4550,E00971
4675,4573,E15678
4676,4585,E27038
4677,4895,E38905
4678,9217,E37414
4679,3404,E00875
4680,3552,E00997
4681,4006,E00753
4682,4003,E00750
4683,4007,E00754
4684,4096,E00788
4685,4105,E01023
4686,4106,E00803
4687,4033,E01037
4688,4219,E00831
4689,4117,E00813
4690,4223,E00844
4691,4201,E00817
4692,4115,E00812
4693,4217,E01013
4694,4271,E00835
4695,4239,E02107
4696,4614,E00894
4697,4364,E00859
4698,4850,E05747
4699,4915,E01025
4700,4954,E00914
4701,4961,E01038
4702,4924,E01062
4703,4965,E01043
4704,4952,E21969
4705,4962,E00889
4706,4989,E01012
4707,7882,E00869
4708,4999,E01010
4709,7858,E00870
4710,7909,E00862
4711,9314,E04297
4712,9321,E04316
4713,7891,E00865
4714,7895,E02429
4715,9320,E04308
4716,9317,E04338
4717,5839,E38666
4718,9388,E33610
4719,9378,E04368
4720,5836,E38164
4721,7323,E33935
4722,9358,E04335
4723,9370,E04360
4724,7339,E35826
4725,8685,E05772
4726,8686,E05776
4727,8754,E03826
4728,9375,E04364
4729,7169,E27579
4730,8761,E03833
4731,8755,E03827
4732,146A,E39407
4733,166A,E39259
4734,8767,E05421
4735,8729,E05714
4736,3239,E04067
4737,3243,E04073
4738,3235,E04066
4739,3225,E04058
4740,3259,E04083
4741,3265,E21280
4742,3272,E24549
4743,3274,E25310
4744,3268,E07837
4745,3251,E05715
4746,3230,E05628
4747,3250,E04078
4748,3258,E04084
4749,5530,E38512
4750,4744,E05064
4751,8809,E03860
4752,8821,E03912
4753,8815,E03857
4754,8834,E03919
4755,8833,E03917
4756,7308,E02261
4757,8838,E03922
4758,3528,E00568
4759,8806,E03861
4760,8840,E03929
4761,8866,E03965
4762,8872,E03972
4763,8851,E03946
4764,8875,E03976
4765,8879,E03980
4766,8900,E03999
4767,8880,E03982
4768,8910,E04006
4769,8895,E03995
4770,8907,E04004
4771,8870,E03970
4772,8913,E04010
4773,8939,E04035
4774,8993,E04043
4775,8997,E04046
4776,3188,E31733
4777,8915,E04012
4778,8885,E04055
4779,8998,E04045
4780,3893,E00689
4781,8933,E04030
4782,8922,E04020
4783,8909,E04005
4784,3971,E00662
4785,142A,E39367
4786,151A,E39476
4787,153A,E39397
4788,176A,E39488
4789,157A,E39408
4790,160A,E39448
4791,1742,E05050
4792,2123,E05637
4793,3956,E00737
4794,2135,E05654
4795,2133,E05636
4796,2140,E05666
4797,2147,E05696
4798,2128,E05616
4799,2132,E05620
4800,1954,E00078
4801,2131,E04749
4802,2145,E05681
4803,2167,E05724
4804,2144,E05596
4805,2166,E05723
4806,2155,E05693
4807,2177,E21327
4808,2189,E22582
4809,2165,E05718
4810,2310,E05249
4811,2151,E05685
4812,2306,E05290
4813,2182,E21682
4814,2318,E05296
4815,2333,E05311
4816,2347,E05321
4817,2159,E05704
4818,2355,E05329
4819,2356,E05330
4820,2360,E05334
4821,2190,E22551
4822,2363,E05337
4823,2322,E05298
4824,2174,E05733
4825,2368,E05429
4826,2176,E20922
4827,2178,E21322
4828,2191,E22621
4829,2392,E05380
4830,2394,E05382
4831,2396,E05386
4832,2369,E05349
4833,2403,E05404
4834,2409,E04737
4835,2414,E05468
4836,2362,E05335
4837,2399,E05394
4838,2420,E05437
4839,2423,E05441
4840,2400,E05398
4841,2419,E05436
4842,2426,E05435
4843,2431,E05461
4844,2430,E05459
4845,2398,E05393
4846,2417,E05433
4847,2405,E05396
4848,2446,E05488
4849,2444,E05475
4850,2434,E05464
4851,2406,E05408
4852,2460,E05529
4853,2463,E05526
4854,2451,E05499
4855,2447,E05489
4856,2478,E05566
4857,2450,E05501
4858,2466,E05522
4859,2490,E05586
4860,2496,E05591
4861,2458,E05520
4862,2494,E05614
4863,2495,E05610
4864,3233,E05626
4865,3146,E22041
4866,3736,E05388
4867,3735,E05384
4868,3722,E05358
4869,3749,E05427
4870,3745,E05418
4871,3767,E05472
4872,3781,E05531
4873,3755,E05434
4874,3786,E05542
4875,3812,E05612
4876,3813,E05613
4877,3818,E05632
4878,3821,E05634
4879,3846,E05683
4880,3838,E05671
4881,3783,E05534
4882,3820,E05644
4883,3685,E30461
4884,4070,E34023
4885,4296,E05208
4886,4302,E05216
4887,4305,E05185
4888,4306,E05220
4889,4309,E05222
4890,4315,E05203
4891,4311,E05224
4892,4314,E05227
4893,4322,E05234
4894,4329,E05246
4895,4352,E05387
4896,4357,E05284
4897,4282,E05196
4898,4330,E05250
4899,4675,E04989
4900,4321,E05235
4901,4654,E04968
4902,4327,E05243
4903,4336,E05256
4904,4727,E05038
4905,4342,E05263
4906,4723,E05034
4907,4711,E05019
4908,4738,E05057
4909,4713,E05022
4910,4724,E05035
4911,4749,E04714
4912,4656,E04971
4913,4649,E04962
4914,4747,E05068
4915,4789,E05131
4916,4653,E04967
4917,4788,E05130
4918,4822,E05158
4919,4794,E05136
4920,4831,E05171
4921,4669,E04984
4922,4695,E05004
4923,4841,E05165
4924,4696,E05003
4925,4699,E05006
4926,4708,E05014
4927,4798,E05141
4928,5242,E38163
4929,5871,E35118
4930,6032,E31103
4931,6051,E25271
4932,6052,E25786
4933,6053,E25677
4934,6068,E26708
4935,6075,E27567
4936,6065,E26716
4937,6170,E31703
4938,6064,E26631
4939,6079,E27900
4940,6084,E27311
4941,6067,E26836
4942,6077,E27723
4943,6097,E30738
4944,6261,E05568
4945,6187,E32144
4946,6531,E32456
4947,6534,E32458
4948,6559,E33548
4949,6541,E32811
4950,6553,E33295
4951,7032,E34089
4952,6575,E33903
4953,7045,E34479
4954,7070,E35014
4955,7365,E36268
4956,7560,E04993
4957,8588,E04778
4958,8734,E05582
4959,8992,E05589
4960,9157,E38524
4961,9228,E37743
4962,9333,E38960
4963,9238,E39089
4964,9349,E38510
4965,9330,E38849
4966,9345,E38450
4967,9604,E04584
4968,9615,E04909
4969,9617,E04907
4970,9611,E04915
4971,9623,E04901
4972,9373,E04361
4973,9654,E04871
4974,9667,E04829
4975,9608,E04918
4976,9648,E04881
4977,9737,E04786
4978,9750,E04811
4979,9741,E04802
4980,9624,E04900
4981,9641,E04888
4982,9784,E04938
4983,9680,E04860
4984,9789,E04935
4985,9736,E04774
4986,9794,E04577
4987,9631,E04588
4988,9674,E04607
4989,9671,E04602
4990,9815,E04797
4991,9695,E04576
4992,9707,E04844
4993,9681,E04605
4994,9747,E04808
4995,9728,E04828
4996,9734,E04763
4997,9792,E04930
4998,9797,E04924
4999,5104,E01089
5000,1702,E01153
5001,5267,E01159
5002,5274,E01187
5003,5276,E01193
5004,5286,E01215
5005,5234,E01128
5006,5345,E01220
5007,5335,E01132
5008,5383,E01213
5009,5289,E25160
5010,5390,E00756
5011,5389,E01194
5012,5398,E01168
5013,5358,E01145
5014,5387,E01197
5015,8489,E03726
5016,8514,E03722
5017,8426,E03737
5018,8564,E03698
5019,8073,E02687
5020,8568,E03714
5021,8423,E05446
5022,8571,E03710
5023,8574,E03708
5024,8513,E03690
5025,8519,E04963
5026,8421,E03729
5027,8744,E03719
5028,8735,E03741
5029,2059,E02473
5030,3716,E00742
5031,8718,E22102
5032,4244,E02495
5033,168A,E39273
5034,3534,E02434
5035,5855,E02454
5036,8586,E04779
5037,8589,E03697
5038,6429,E02460
5039,7778,E27910
5040,8787,E05507
5041,7842,E02465
5042,7845,E00637
5043,7843,E00740
5044,7824,E02486
5045,7825,E02487
5046,7866,E02451
5047,7835,E05491
5048,7834,E02476
5049,7861,E00727
5050,7853,E02468
5051,7838,E00746
5052,7862,E00726
5053,7855,E00732
5054,7873,E02446
5055,7934,E01117
5056,7869,E02449
5057,7935,E02418
5058,7907,E00623
5059,7889,E02433
5060,7913,E00694
5061,7954,E02405
5062,7920,E00704
5063,7960,E02400
5064,7945,E02413
5065,7959,E02401
5066,7993,E02370
5067,7968,E02392
5068,7961,E00621
5069,9340,E38139
5070,8170,E03098
5071,184A,E39653
5072,187A,E39426
5073,186A,E39661
5074,198A,E39708
5075,197A,E39645
5076,190A,E38905
5077,192A,E37627
5078,195A,E39662
5079,194A,E39640
5080,196A,E39668
5081,189A,E39646
5082,202A,E39691
5083,205A,E39671
5084,206A,E39751
5085,215A,E39760
5086,218A,E39788
5087,220A,E39778
5088,211A,E39729
5089,219A,E39759
5090,212A,E39732
5091,208A,E39505
5092,228A,E39846
5093,231A,E39864
