,Symbol,Sharpe,Sortino
0,AAPL,0.64,1.03
1,META,0.7,1.27
2,GOOGL,0.72,1.26
3,PDD,0.75,1.55
4,GOOG,0.73,1.26
5,LULU,0.57,1.02
6,TSM,0.54,0.88
7,ZIM,0.01,0.02
8,ZM,0.4,0.74
9,AVGO,1.13,2.16
10,CLR,0.47,0.8
11,NFLX,0.76,1.36
12,EQNR,0.56,0.91
13,ESTE,0.45,0.91
14,SBUX,0.63,1.0
15,ETSY,0.91,1.8
16,DELL,0.66,1.03
17,MO,0.64,0.98
18,MRNA,0.98,2.45
19,LIN,0.61,1.04
20,NTES,0.75,1.59
21,EPD,0.69,1.12
22,CAN,0.47,1.27
23,LOGI,0.5,0.86
24,ENB,0.65,1.03
25,BX,0.59,0.93
26,SONO,0.46,0.85
27,NDAQ,0.6,1.02
28,BJ,1.06,2.37
29,YUMC,0.55,0.91
30,IBN,0.51,0.9
31,HD,0.76,1.29
32,CLAR,0.57,0.83
33,TRMD,1.1,2.17
34,RVLV,0.49,0.73
35,NE,0.74,1.3
36,BNS,0.53,0.84
37,SCCO,0.56,0.97
38,CSIQ,0.47,0.86
39,DGX,0.57,0.99
40,KDP,1.1,2.36
41,BNTX,1.0,2.14
42,TD,0.56,0.85
43,FLNG,1.21,2.27
44,CNQ,0.56,0.92
45,CSAN,0.21,0.32
46,MAR,0.46,0.77
47,ASO,1.26,2.49
48,SCHW,0.58,1.0
49,DLTR,0.58,0.93
50,CHK,1.98,4.01
51,CRC,1.34,2.84
52,PENN,0.59,1.06
53,TALO,0.49,0.82
54,INMD,0.61,0.93
55,ZTO,0.62,1.06
56,CF,0.74,1.23
57,HCA,0.86,1.6
58,OGN,0.01,0.01
59,TH,0.48,1.19
60,RACE,0.89,1.7
61,BMO,0.56,0.87
62,UNH,0.8,1.25
63,FISV,0.65,1.06
64,GNRC,0.83,1.59
65,EXPD,0.66,1.12
66,OTEX,0.47,0.9
67,SRE,0.6,0.93
68,RY,0.67,1.09
69,ATKR,0.62,1.22
70,TSLX,0.62,0.94
71,SWBI,0.47,1.02
72,CHTR,0.88,1.57
73,GRMN,0.51,0.8
74,GIII,0.47,0.78
75,ERO,0.43,0.77
76,CTVA,1.28,2.35
77,POWI,0.49,0.87
78,FRHC,1.5,4.07
79,DFS,0.6,0.89
80,DG,0.94,1.69
81,ABBV,0.8,1.38
82,DEN,1.59,3.8
83,CHT,0.74,1.32
84,MMP,0.69,1.09
85,SMCI,0.54,0.85
86,AHCO,0.55,0.93
87,BLK,0.7,1.19
88,OZK,0.56,0.92
89,VIST,0.57,0.84
90,AN,0.37,1.03
91,VRRM,0.47,0.65
92,LKQ,0.69,1.08
93,AMGN,0.64,1.19
94,ALGN,0.58,1.07
95,DEO,0.51,0.8
96,EXPI,0.73,1.84
97,CWEN,0.9,1.49
98,CQP,0.61,1.07
99,CCAP,1.25,2.13
100,GIL,0.61,0.99
101,XPO,0.5,0.91
102,HDB,0.69,1.2
103,RYI,0.53,0.94
104,ITT,0.51,0.82
105,THRY,0.99,2.11
106,KMX,0.43,0.8
107,YUM,0.59,0.96
108,GPI,0.47,0.77
109,EME,0.56,0.91
110,ECPG,0.43,0.97
111,FLGT,0.6,1.39
112,POOL,0.82,1.52
113,HOMB,0.53,0.81
114,SBSI,0.57,0.99
115,ACA,0.86,1.51
116,WHD,0.5,0.77
117,ASLE,0.73,1.24
118,CSWI,0.82,1.47
119,WD,0.72,1.26
120,BANF,0.67,1.05
121,ARES,0.88,1.56
122,MBUU,0.54,0.83
123,BLD,0.86,1.44
124,BKI,0.43,0.65
125,PB,0.56,0.9
126,BAH,0.94,1.83
127,ROP,0.68,1.12
128,AVTR,0.47,0.86
129,PWR,0.44,0.68
130,FOXF,0.66,1.07
131,MTD,0.69,1.12
132,EQH,0.67,1.07
133,ICE,0.65,1.09
134,HII,0.91,1.54
135,WH,0.48,0.71
136,ESQ,0.59,0.82
137,RLI,0.68,1.11
138,CNI,0.71,1.22
139,DIOD,0.55,1.05
140,VIR,0.62,1.89
141,USNA,0.46,0.95
142,LII,0.63,1.07
143,LITE,0.64,1.13
144,SJR,0.41,0.68
145,CTXS,0.49,0.93
146,UONE,0.24,1.55
147,RUSHA,0.51,0.87
148,SYBT,0.63,1.09
149,FND,0.45,0.71
150,CCB,0.79,1.52
151,LCII,0.56,1.01
152,IOSP,0.43,0.79
153,BSIG,0.51,0.84
154,IBCP,0.65,1.79
155,STRL,0.4,0.91
156,ICFI,0.54,0.94
157,ERIE,0.51,0.94
158,NXST,0.45,1.05
159,MED,0.48,0.98
160,EBC,0.59,0.96
161,AZO,0.62,1.03
162,FSV,0.76,1.16
163,NVT,0.54,0.8
164,ULTA,0.74,1.22
165,HESM,0.53,0.93
166,SKX,0.5,0.9
167,OGS,0.6,1.02
168,ABG,0.54,0.99
169,MOH,0.58,0.93
170,RLGT,0.52,1.06
171,MCB,0.46,0.7
172,NEP,0.62,0.97
173,NSP,0.48,0.82
174,DHR,0.76,1.35
175,VCTR,0.93,1.73
176,MIDD,0.61,1.07
177,FNKO,0.72,1.19
178,PNFP,0.59,0.99
179,KEYS,0.85,1.48
180,APH,0.64,1.06
181,BIP,1.11,1.96
182,WAT,0.58,0.92
183,CNC,0.66,1.11
184,ABC,0.57,0.89
185,TDY,0.54,1.04
186,IBP,0.69,1.15
187,TBK,0.68,1.11
188,DTM,0.99,1.55
189,SAH,0.38,0.84
190,BRO,0.73,1.34
191,LGIH,0.62,1.08
192,PKG,0.56,0.9
193,TNET,0.5,0.78
194,AYI,0.56,0.92
195,YETI,0.7,1.15
196,DKS,0.6,1.01
197,SAIA,0.59,1.0
198,AXTI,0.33,0.69
199,MGY,0.6,1.03
200,JBT,0.73,1.29
201,SYNA,0.54,0.92
202,RBA,0.56,0.91
203,SNBR,0.38,0.77
204,CCS,0.52,0.8
205,GDEN,0.67,1.11
206,ORLY,0.69,1.23
207,VRTS,0.71,1.28
208,MYFW,0.78,1.49
209,ATSG,0.37,1.08
210,CLBK,0.48,0.78
211,HRT,0.24,0.46
212,HLI,0.88,1.66
213,SYK,0.64,1.07
214,KEN,1.04,2.12
215,ENSG,0.81,1.43
216,RSG,0.55,0.79
217,AMSF,0.59,1.02
218,ASR,0.58,0.9
219,ICHR,0.58,1.01
220,RE,0.49,0.81
221,CFR,0.68,1.16
222,CNXC,0.61,1.06
223,WMS,0.81,1.41
224,AMEH,0.58,2.41
225,CTLT,0.57,0.91
226,SNX,0.55,0.89
227,ACGL,0.52,0.81
228,RS,0.6,1.0
229,LECO,0.53,0.87
230,WSC,0.77,1.17
231,DXPE,0.43,0.76
232,HLIO,0.47,0.84
233,FSBW,0.85,1.36
234,SOHU,0.4,0.84
235,FCN,0.51,0.81
236,ONTO,0.78,1.36
237,JKHY,0.83,1.59
238,IMXI,0.62,1.3
239,MUSA,0.86,1.78
240,AMTB,0.6,1.15
241,BWB,0.66,0.98
242,AMPH,0.48,0.82
243,PFHD,1.39,3.82
244,LOVE,0.46,0.94
245,CHRW,0.58,1.01
246,ACMR,0.92,2.3
247,CHRD,2.06,7.17
248,NVEE,0.92,1.68
249,NPO,0.58,1.0
250,COLM,0.45,0.77
251,CC,0.8,1.38
252,EL,0.56,0.91
253,EXLS,0.54,0.82
254,CABO,0.7,1.11
255,IQV,0.76,1.4
256,SNEX,0.46,1.03
257,ELV,0.67,1.06
258,CBZ,0.36,1.02
259,SAFT,0.69,1.14
260,TSCO,0.6,1.13
261,CALM,0.46,1.0
262,CENTA,0.52,0.84
263,CHH,0.52,0.82
264,STZ,0.62,1.02
265,EGBN,0.53,0.89
266,BOOT,0.58,1.0
267,AMRK,0.76,1.68
268,FRC,0.72,1.21
269,FIZZ,0.55,1.07
270,CVCO,0.58,1.02
271,GOLF,0.74,1.32
272,TDG,1.03,1.65
273,MEDP,0.76,1.37
274,NTAP,0.47,0.83
275,SITE,0.78,1.29
276,MBIN,0.62,0.99
277,VRTV,0.46,0.85
278,AJRD,0.63,1.21
279,ONEW,0.68,1.05
280,LSTR,0.59,0.99
281,DOOO,0.52,0.87
282,DPZ,0.76,1.24
283,RCUS,0.6,1.29
284,TQQQ,0.84,1.42
285,SOXL,0.71,1.16
286,DRUG,0.04,0.08
287,TSLA,0.97,2.38
288,GFAI,0.06,0.13
289,OSCR,0.12,0.2
290,NVDA,0.64,1.13
291,FNGU,0.78,1.39
292,NIO,0.75,1.6
293,UPRO,0.74,1.16
294,AMZN,0.67,1.32
295,AMC,0.35,1.4
296,SPXL,0.77,1.2
297,SHOP,1.0,1.72
298,QLD,0.67,1.04
299,OKTA,0.77,1.34
300,UEC,0.39,0.77
301,CHPT,0.54,1.51
302,LCID,0.65,1.75
303,MSFT,0.75,1.34
304,DKNG,0.56,1.25
305,VOO,0.87,1.38
306,SENS,0.36,0.89
307,BITF,0.82,2.27
308,HUT,0.69,1.52
309,SE,0.82,1.56
310,SIGA,0.39,0.8
311,SQ,0.7,1.14
312,BNGO,0.46,2.25
313,JD,0.54,0.85
314,SARK,1.44,4.12
315,SNDL,0.25,0.86
316,HYMC,0.23,1.3
317,SPLG,0.6,0.87
318,ALNY,0.58,1.06
319,DIA,0.47,0.69
320,BIMI,0.33,1.04
321,TECL,0.91,1.56
322,CRM,0.7,1.24
323,INDO,0.49,1.31
324,CGC,0.46,1.02
325,GOVX,0.39,1.05
326,GMAB,0.93,1.66
327,COMS,0.26,5.03
328,PINS,0.4,0.79
329,FREY,0.6,1.22
330,CVNA,0.55,0.85
331,FUTU,0.98,2.41
332,ROKU,0.42,0.74
333,SRNE,0.37,1.62
334,SXTC,0.49,3.87
335,GME,0.27,3.04
336,GPCO,4.57,57.19
337,ENVX,0.36,0.66
338,CRWD,1.21,2.37
339,CLSK,0.38,0.86
340,JMIA,0.53,1.53
341,BILI,0.52,0.9
342,TWLO,0.51,0.97
343,GRWG,0.6,1.27
344,KAVL,0.96,6.22
345,WQGA,1.27,2.44
346,NXE,0.43,0.97
347,NET,0.99,1.91
348,BILL,1.07,2.09
349,GBOX,0.78,3.72
350,DDOG,0.92,1.89
351,BIDU,0.6,1.11
352,VERB,0.54,1.32
353,VTNR,0.47,2.5
354,CFVI,0.33,0.5
355,WETG,1.13,3.0
356,ORGN,0.68,9.83
357,ENPH,0.9,1.92
358,TIGR,0.43,0.82
359,BKKT,0.33,1.07
360,PHUN,0.45,5.89
361,SPKB,1.27,2.37
362,XLP,0.45,0.66
363,SUNW,0.39,1.18
364,SPGP,0.95,1.49
365,WKHS,0.43,1.85
366,LAC,0.59,1.46
367,SCHG,0.86,1.42
368,HIBL,0.44,0.75
369,BND,0.55,0.85
370,OCGN,0.34,1.21
371,XLU,0.45,0.65
372,TTD,1.05,2.39
373,ASML,0.62,1.09
374,LNG,0.45,0.93
375,HIVE,0.37,0.82
376,RDVY,0.61,0.94
377,SOLO,0.49,1.8
378,LTHM,0.67,1.11
379,MDB,1.16,2.22
380,ASAI,1.39,2.97
381,BE,0.7,1.49
382,FTNT,0.88,1.5
383,FAZE,1.77,33.08
384,PIK,0.16,0.3
385,HOUR,0.91,1.83
386,BERZ,1.16,2.59
387,SMR,1.19,5.46
388,NOBL,0.74,1.15
389,SDY,0.59,0.86
390,FUV,0.34,0.83
391,METX,0.4,3.77
392,SCHB,0.83,1.31
393,ASTS,0.42,0.93
394,SCHX,0.85,1.36
395,KRBN,1.58,3.5
396,SCHD,0.97,1.59
397,AERC,0.62,3.39
398,FRGE,0.34,1.09
399,PGRW,2.28,6.12
400,O,0.67,1.06
401,CYBN,0.32,0.83
402,JEPI,0.65,1.13
403,V,1.09,1.94
404,YMM,0.11,0.18
405,DGRO,0.73,1.15
406,HMCO,1.12,2.43
407,MSTR,0.39,0.69
408,W,0.46,0.99
409,SACH,0.54,0.74
410,SGML,1.69,5.07
411,APGB,0.19,0.28
412,EBAY,0.41,0.68
413,ARLP,0.62,0.96
414,XLV,0.52,0.79
415,XLY,0.47,0.72
416,CCXI,0.55,1.44
417,BLOK,0.52,0.85
418,ATER,0.43,1.05
419,AGRI,0.44,1.06
420,EVO,0.4,0.9
421,FERG,0.49,0.69
422,SAVA,0.36,0.87
423,RYAAY,0.5,0.85
424,INUV,0.35,0.88
425,CPRX,0.45,0.98
426,AAAU,0.54,0.99
427,CYN,0.46,1.43
428,JCSE,0.48,1.17
429,METC,0.43,0.83
430,POWW,0.37,0.68
431,BSCM,0.89,1.64
432,BTCS,0.32,29.61
433,ZS,0.94,1.76
434,MTNB,0.48,1.04
435,GETY,0.63,4.34
436,ILMN,0.51,0.87
437,VTI,0.54,0.78
438,GRTS,0.22,0.75
439,USCT,1.12,2.17
440,ATIF,0.41,1.84
441,CEIX,0.51,1.04
442,SESN,0.41,0.81
443,GTHX,0.36,0.65
444,CODX,0.52,1.85
445,VCSH,0.75,1.12
446,GFS,0.2,0.3
447,RSP,0.56,0.83
448,APO,0.8,1.47
449,AMLX,0.85,1.91
450,PANW,0.84,1.46
451,TEAM,0.96,1.68
452,FCVT,0.67,1.08
453,NVO,0.74,1.21
454,FNGS,0.77,1.38
455,DCFC,0.04,0.07
456,ISPO,0.78,3.41
457,DXCM,0.59,1.0
458,FUTY,0.76,1.22
459,IGC,0.32,1.09
460,WANT,0.56,0.95
461,CRSP,0.6,1.12
462,IEI,0.51,0.8
463,EE,0.01,0.01
464,EGHT,0.35,0.79
465,PLL,0.57,2.05
466,USD,0.52,0.78
467,IZEA,0.35,1.09
468,NOVA,0.75,1.43
469,VICI,0.7,1.0
470,AXH,2.1,12.9
471,ARKW,0.61,0.94
472,PAYO,0.14,0.23
473,SLI,1.08,2.38
474,IRT,0.76,1.1
475,GLDM,0.55,1.0
476,APLD,0.91,1.74
477,BLTE,2.65,56.74
478,EH,0.33,1.0
479,MTA,0.66,1.23
480,SOS,0.32,2.53
481,AREC,0.56,12.2
482,VEEE,0.39,0.82
483,PRVB,0.6,1.62
484,NTRA,0.64,1.17
485,RCAT,0.73,1.13
486,SPIP,0.49,0.73
487,BGS,0.47,0.77
488,IMTE,0.45,1.54
489,IRM,0.5,0.83
490,COGT,0.61,1.49
491,ABGI,0.45,0.78
492,KRP,0.48,0.73
493,VNOM,0.52,0.81
494,SILV,0.55,1.04
495,AMTX,0.5,1.37
496,PAVE,0.47,0.69
497,PGY,0.91,6.02
498,CTA,5.03,
499,ARCH,0.39,148.59
500,FXL,0.57,0.87
501,SBEV,0.88,5.09
502,VLD,0.38,0.78
503,QUBT,0.2,0.33
504,RAIN,0.03,0.09
505,CELH,0.64,1.4
506,BIT,0.62,0.91
507,ALT,0.37,1.08
508,NFE,0.95,2.38
509,APCX,0.49,1.17
510,NOW,1.03,1.87
511,APPN,0.4,0.94
512,MDVL,0.32,1.56
513,MYOV,0.41,1.12
514,XENE,0.41,0.82
515,AXSM,0.65,1.83
516,SCHV,0.75,1.16
517,SEDG,0.9,1.66
518,RNDV,0.46,0.68
519,MAIN,0.73,1.12
520,RAM,1.74,29.13
521,HCWB,0.51,0.93
522,PRCT,1.26,2.65
523,OILU,1.8,3.54
524,PFHC,2.21,
525,EPIX,0.37,4.58
526,IGIB,0.48,0.68
527,DO,0.21,0.29
528,SKE,0.52,0.99
529,VUG,0.61,0.93
530,SGEN,0.53,0.97
531,INSW,0.54,0.87
532,MPWR,0.74,1.21
533,PIPP,0.31,0.42
534,UAMY,0.4,0.86
535,GSUN,3.21,
536,NRGU,0.67,1.27
537,FMIV,0.48,1.06
538,IIII,1.22,2.14
539,HASI,0.65,1.07
540,GSLC,0.74,1.11
541,GSRM,0.02,0.04
542,VHT,0.7,1.09
543,IJJ,0.51,0.73
544,SHLS,0.6,1.08
545,SI,1.03,2.55
546,MTCH,0.51,0.96
547,CURE,0.9,1.5
548,VPU,0.65,0.94
549,FLME,0.68,1.1
550,TAK,0.23,4.06
551,SLYV,0.51,0.75
552,NMG,0.43,1.03
553,BTO,0.23,4.66
554,TMX,0.5,0.77
555,FVRR,0.53,1.02
556,IBIO,0.34,1.46
557,THAC,1.68,2.85
558,SBRA,0.41,1.0
559,SKYX,0.3,0.75
560,AUPH,0.43,1.06
561,CRU,1.75,6.41
562,SITM,1.05,2.04
563,CLDS,1.52,3.42
564,NTLA,0.66,1.4
565,CRDO,0.6,1.24
566,RHE,0.54,1.44
567,VERV,0.54,1.09
568,CII,0.54,0.78
569,ANET,0.85,1.44
570,GNPX,0.49,2.41
571,IMOS,0.54,0.95
572,MA,0.93,1.61
573,DRCT,1.28,4.3
574,CPSH,0.32,0.86
575,MDY,0.54,0.79
576,INTU,0.55,1.0
577,FHLC,0.76,1.2
578,RYTM,0.34,0.88
579,AVLR,0.84,1.48
580,MNTK,1.48,3.72
581,SYM,0.7,1.69
582,BAR,0.41,0.73
583,ITOT,0.56,0.82
584,BACA,1.43,2.98
585,TRKA,0.2,0.47
586,TKAT,0.36,2.65
587,ZLAB,0.56,0.91
588,JPST,0.47,0.66
589,BL,0.57,0.96
590,SBFM,0.04,0.06
591,CTDD,0.41,0.63
592,LNTH,0.88,2.47
593,SKYT,0.38,0.95
594,STSS,0.25,0.48
595,BSV,0.58,1.04
596,KODK,0.28,1.77
597,MNST,0.87,1.77
598,KOD,0.68,1.32
599,RETA,0.4,0.89
600,CBAT,0.32,12.12
601,FICV,0.25,0.32
602,GPN,0.57,0.88
603,COLI,0.26,0.41
604,IDYA,0.49,0.88
605,DAVA,1.12,1.75
606,INTR,12.42,
607,NYMTM,0.4,0.72
608,BUG,0.78,1.51
609,EPHY,0.72,1.37
610,CFIV,0.68,1.18
611,ARBG,3.03,9.45
612,KIQ,0.41,1.01
613,VEEV,0.73,1.23
614,POND,0.37,0.82
615,BOWL,1.43,3.65
616,VHAQ,3.29,15.39
617,SPAB,0.61,0.96
618,CEG,2.4,8.88
619,AGCB,0.02,0.02
620,ISRG,0.62,1.22
621,SNRH,2.74,5.57
622,MELI,0.58,0.94
623,MCRB,0.27,1.18
624,VIG,0.63,0.94
625,BIV,0.58,0.94
626,SNSR,0.55,0.82
627,EW,0.79,1.35
628,KOSS,0.2,1.92
629,USIG,0.48,0.72
630,TTNP,0.21,2.09
631,AOR,0.74,1.14
632,FDIS,0.64,1.08
633,DRIV,0.82,1.35
634,POLA,0.34,1.24
635,AOM,0.73,1.11
636,PLD,0.47,0.67
637,IIPR,0.77,1.72
638,QUAL,0.69,1.07
639,JO,0.63,1.0
640,ZTS,0.95,1.6
641,GSHD,0.59,1.11
642,VV,0.58,0.85
643,LAX,2.32,5.77
644,PJP,0.64,1.0
645,LSI,0.59,0.94
646,SCWO,0.38,1.18
647,CME,0.73,1.4
648,BR,0.75,1.2
649,CWB,0.74,1.19
650,VCKA,4.21,67.82
651,FULC,0.43,1.3
652,BNSO,0.3,1.08
653,ARKQ,0.62,1.03
654,NXRT,0.89,1.31
655,IRTC,0.72,1.39
656,PALC,0.66,1.15
657,TLSA,0.31,0.88
658,CHNG,0.58,1.0
659,PRT,0.57,1.18
660,EZM,0.55,0.8
661,CIBR,0.73,1.18
662,CVET,0.54,1.1
663,VLAT,0.02,0.03
664,SWAV,1.57,3.35
665,FTCS,0.58,0.87
666,PFIX,1.93,4.52
667,CYRX,0.89,1.89
668,PAYC,1.0,1.76
669,DALN,0.86,2.51
670,CPRT,0.62,1.05
671,CLAQ,1.98,27.63
672,AQN,0.82,1.4
673,IPVA,1.41,3.28
674,KAHC,0.21,0.43
675,LW,0.62,0.89
676,FTEV,0.92,1.73
677,LION,1.74,3.64
678,LPSN,0.47,0.87
679,BRY,0.47,0.72
680,HYW,1.15,3.28
681,GDS,0.61,1.09
682,ATOM,0.49,0.97
683,SPUU,0.6,0.91
684,EGLX,0.31,0.7
685,AIMD,0.4,1.09
686,LYEL,0.22,0.4
687,HCC,0.57,0.87
688,TWST,0.53,0.87
689,MBTC,2.54,7.42
690,ADMP,0.22,1.15
691,WFRD,1.46,3.85
692,XMTR,0.1,0.16
693,WKSP,0.57,5.25
694,ATEN,0.56,0.95
695,MFA,0.45,0.63
696,AAC,1.91,5.14
697,ITA,0.54,0.77
698,ELYS,0.65,1.94
699,CDW,1.1,1.97
700,MITK,0.48,1.04
701,CMG,0.74,1.28
702,KXIN,0.19,0.8
703,TMDX,0.82,1.66
704,COVA,1.14,2.49
705,HPK,0.74,1.37
706,CFFN,0.49,0.84
707,PLNT,0.85,1.42
708,CELZ,0.48,60.55
709,NSTB,1.74,3.43
710,MACA,2.37,9.16
711,AIB,2.28,9.5
712,BOSS,0.42,0.65
713,USMF,0.47,0.67
714,LWLG,0.39,2.04
715,PCPC,1.29,2.21
716,AVB,0.56,0.86
717,PNTM,0.89,1.75
718,IQMD,1.56,8.76
719,SFBC,0.68,1.11
720,SDCI,0.64,0.98
721,PAQC,0.11,0.15
722,ECLN,0.68,1.08
723,OMQS,0.44,1.27
724,HSTM,0.49,0.98
725,BIOT,0.06,0.1
726,REVE,0.88,1.65
727,FNLC,0.53,0.9
728,VRSN,0.44,0.77
729,FAD,0.51,0.73
730,AKTS,0.51,1.08
731,HTD,0.54,0.76
732,FIAC,0.22,0.39
733,IFN,0.52,0.86
734,FBGX,0.67,1.03
735,PMN,0.48,1.58
736,EDEN,0.78,1.29
737,OXUS,0.52,1.0
738,ICNC,0.76,1.16
739,KVLE,0.72,1.24
740,STER,0.35,0.55
741,APPF,0.91,1.73
742,CPUH,0.57,0.9
743,GPAC,2.4,6.96
744,SUSL,0.52,0.8
745,ATAK,1.24,2.81
746,UTES,0.81,1.35
747,GIGM,0.29,0.83
748,ENER,0.99,1.77
749,CMPX,0.41,0.92
750,ZETA,0.18,0.28
751,FNA,0.12,0.19
752,NWFL,0.42,0.71
753,REPL,0.54,1.17
754,MCAG,1.49,3.26
755,GNAC,0.66,1.14
756,RWL,0.86,1.39
757,AZ,0.68,2.32
758,TRUP,0.8,1.46
759,ENCP,2.99,8.44
760,RCM,1.0,1.74
761,BSGA,4.28,486.51
762,SECT,0.51,0.75
763,XPAX,0.32,0.48
764,LVRA,0.53,1.34
765,AVUV,0.56,0.81
766,PCX,3.21,8.24
767,QQH,0.45,0.68
768,GIACU,0.31,0.48
769,ROAD,1.07,2.44
770,AIRR,0.55,0.85
771,PDOT,1.56,3.29
772,IUS,0.87,1.42
773,TOMZ,0.33,1.23
774,GEEX,2.16,6.85
775,MAAQ,3.61,
776,EES,0.5,0.74
777,PEXL,0.74,1.19
778,CTV,0.11,0.19
779,ASND,0.7,1.5
780,IXAQ,0.92,2.11
781,IMAQ,1.97,6.57
782,IWS,0.54,0.76
783,PXSAP,0.96,1.66
784,NOVV,2.88,12.22
785,RILYM,0.82,1.44
786,WARR,3.9,70.34
787,DRAYU,0.64,1.27
788,VRSK,0.82,1.4
789,PLAOU,0.73,1.13
790,PANA,0.19,0.3
791,EXR,0.82,1.35
792,DTST,0.52,1.35
793,MOTG,0.67,1.03
794,VENA,3.81,18.32
795,ARB,1.25,2.6
796,ALTR,0.6,0.96
797,CFA,0.62,0.92
798,CRGY,1.11,1.69
799,OSTR,0.53,0.85
800,ACAXU,0.02,0.03
801,IOAC,2.55,5.73
802,AGBA,1.76,3.52
803,NULC,0.46,0.71
804,SAGA,0.5,1.08
805,GCBC,0.73,1.35
806,MAGA,0.44,0.64
807,CPAR,0.38,0.58
808,BHVN,0.89,1.76
809,SPXN,0.74,1.13
810,CHSCO,0.71,1.19
811,HERA,0.65,1.01
812,RWJ,0.68,1.13
813,RPD,0.66,1.14
814,PROC,0.62,102.75
815,GDMA,0.81,1.4
816,NVOS,0.58,2.28
817,LBBB,0.01,0.03
818,CCRV,1.76,3.45
819,RYU,0.58,0.85
820,LJAQ,1.64,2.77
821,CLGN,0.52,1.14
822,IEA,0.41,0.91
823,SWCH,0.54,0.93
824,ZYXI,0.5,1.0
825,IAUF,0.46,0.81
826,GSY,0.84,1.15
827,DSTL,0.94,1.61
828,BRKH,1.55,3.77
829,IMCR,1.18,2.15
830,QLV,0.47,0.71
831,WAVD,0.49,1.38
832,FTC,0.53,0.76
833,CDNA,0.49,0.99
834,ESGRP,0.47,0.67
835,RNER,0.56,0.86
836,IMRN,0.42,0.88
837,CACG,0.44,0.66
838,PLAO,7.95,
839,MAA,0.6,0.91
840,TFSA,0.47,0.86
841,GGAA,4.2,
842,ICVT,0.7,1.13
843,IGSB,0.53,0.78
844,ISAA,0.65,1.06
845,DIVB,0.55,0.83
846,RILYL,0.69,1.31
847,PCTY,0.87,1.54
848,PSMB,0.41,0.57
849,CAPD,1.0,1.65
850,TGAA,1.42,2.84
851,PFDR,1.78,3.48
852,WOW,0.43,0.81
853,GLEE,1.81,3.43
854,CTEX,0.14,0.22
855,HNDL,0.5,0.73
856,CLSN,0.24,1.8
857,ITM,0.48,0.7
858,ASCB,0.31,0.65
859,ANAC,0.54,0.8
860,PALT,0.37,1.6
861,UTG,0.54,0.79
862,CRZN,0.52,0.72
863,DBMF,1.21,2.83
864,BME,0.64,0.96
865,WINV,1.97,4.3
866,IMCG,0.56,0.82
867,GAMC,0.82,1.6
868,DSI,0.55,0.8
869,VIGL,0.56,1.34
870,PSCC,0.82,1.35
871,BOUT,0.79,1.33
872,SLAM,1.45,3.05
873,GET,1.12,3.24
874,DMB,0.68,1.02
875,VFMF,0.6,0.86
876,WCN,0.69,1.19
877,EKAR,0.72,1.17
878,LMAO,1.43,3.45
879,AAQC,0.47,0.92
880,GATE,1.7,3.56
881,UCIB,0.66,1.03
882,RHS,0.77,1.19
883,CNTQU,0.69,1.43
884,MKL,0.7,1.19
885,EDNC,1.64,3.65
886,FNGR,0.39,1.72
887,CLAA,1.43,3.71
888,PAC,0.56,0.81
889,PLMIU,0.16,0.25
890,PHIC,0.85,1.23
891,HFBL,0.63,1.02
892,NEO,0.61,1.14
893,AXAC,1.82,5.24
894,NSTD,0.16,0.24
895,UI,0.77,1.42
896,IRRX,2.1,5.44
897,TRVI,0.41,1.62
898,FICO,0.63,1.08
899,ROCG,0.27,0.41
900,PRLH,1.49,2.41
901,JMOM,0.55,0.84
902,SHCA,1.41,6.7
903,GIA,3.52,11.64
904,DWIN,2.31,6.77
905,DPSI,0.8,1.5
906,SPMV,0.56,0.83
907,TRON,2.29,11.11
908,IHE,0.6,0.91
909,AEAC,1.01,1.63
910,FDS,0.67,1.21
911,JMAC,1.67,3.53
912,ARRW,0.8,1.48
913,APAC,1.73,5.11
914,JPUS,0.68,0.99
915,PWSC,0.46,0.95
916,IVCB,1.4,3.19
917,VLU,0.76,1.17
918,CDAY,0.55,0.82
919,IETC,0.92,1.53
920,PKW,0.54,0.8
921,TTAC,0.63,0.93
922,CFO,0.68,1.03
923,AGNG,0.57,0.87
924,SBII,0.23,0.35
925,JCE,0.59,0.87
926,ETV,0.59,0.87
927,JQUA,0.61,0.93
928,FZT,0.49,1.03
929,AESC,0.46,0.81
930,LSAF,0.54,0.79
931,NVSA,0.99,1.62
932,WING,0.81,1.9
933,CTAQ,1.5,2.85
934,PPYA,0.11,0.19
935,MPAC,3.93,52.27
936,ONYX,1.44,2.94
937,JHMI,0.55,0.81
938,GACQ,11.2,
939,GLTA,0.12,0.15
940,ACSI,0.62,0.92
941,PTH,0.56,0.81
942,EGP,0.69,1.09
943,ACT,1.36,2.25
944,LBBBU,0.42,0.85
945,SDGA,0.54,0.82
946,IPAX,0.49,0.77
947,COCO,0.97,1.69
948,IVDA,0.47,1.5
949,BSEP,0.51,0.8
950,BSKY,0.15,0.23
951,PSMG,0.44,0.63
952,NVQ,0.71,1.1
953,VOOG,0.92,1.51
954,FXG,0.68,1.1
955,ESML,0.6,0.89
956,BLUA,1.16,2.15
957,MPV,0.5,0.78
958,CBH,0.43,0.65
959,DTOC,0.03,0.04
960,IUSS,0.68,1.08
961,BST,0.8,1.34
962,HIFS,0.72,1.19
963,PAYX,0.74,1.29
964,PTNQ,0.82,1.31
965,SNP,0.47,0.82
966,FMX,0.43,0.65
967,CTSH,0.63,1.07
968,DPCS,1.39,4.75
969,LIBY,0.76,1.32
970,DUET,0.65,1.04
971,EDTX,1.57,2.82
972,USNZ,0.79,2.35
973,KRUS,0.87,1.64
974,DLR,0.76,1.22
975,DFND,0.63,0.96
976,KOIN,0.72,1.17
977,DBEH,0.67,1.2
978,BTAI,0.72,1.87
979,TMCI,0.42,0.73
980,LFAC,0.75,1.39
981,MTUM,0.75,1.17
982,FLQL,0.54,0.8
983,LKFN,0.52,0.84
984,TEQI,0.79,1.31
985,TETC,0.28,0.64
986,HHGC,1.52,3.46
987,MON,1.33,2.66
988,DWMC,0.65,0.94
989,FATBP,0.48,1.09
990,DNZ,0.65,1.11
991,FSNB,0.99,2.14
992,VTIQ,0.83,1.78
993,CFFE,2.69,9.2
994,BWSN,0.02,0.03
995,ETX,0.79,1.38
996,CDLX,0.48,0.84
997,OMEG,0.86,1.41
998,TRDA,0.14,0.26
999,CSGP,0.55,0.99
1000,VCKAU,0.65,1.4
1001,MDH,0.02,0.03
1002,JJE,0.6,0.86
1003,PRBM,1.36,3.69
1004,PONO,5.34,
1005,KIDS,0.66,1.16
1006,FDRR,0.62,0.9
1007,IRMD,0.5,0.76
1008,ACN,0.63,0.98
1009,AUSF,0.63,0.87
1010,AHRN,1.36,2.2
1011,JYNT,0.51,0.84
1012,PACWP,0.8,2.38
1013,EVA,1.09,1.83
1014,FNDX,0.67,1.02
1015,CSLM,1.13,2.31
1016,VFMV,0.64,0.9
1017,HLAL,0.63,1.03
1018,RNR,0.52,0.89
1019,FEX,0.53,0.76
1020,STRRP,1.06,2.05
1021,CREC,3.09,12.6
1022,WAVE,0.45,0.84
1023,CLOE,2.54,9.33
1024,MJIN,1.02,2.4
1025,PTRS,1.34,2.57
1026,GPACU,0.02,0.03
1027,OUSA,0.69,1.06
1028,SSPY,0.53,0.81
1029,LFVN,0.42,1.19
1030,XLSR,0.47,0.74
1031,GLLI,1.01,1.7
1032,LEAD,0.81,1.31
1033,GAMR,0.56,0.99
1034,TPHD,0.46,0.64
1035,VGT,0.68,1.06
1036,FBT,0.56,0.91
1037,LOV,0.22,1.37
1038,DWAW,0.48,0.82
1039,RCS,0.42,0.61
1040,SCAQ,0.12,0.19
1041,OSS,0.57,1.18
1042,VFLQ,0.52,0.78
1043,CCNEP,1.19,1.66
1044,TERN,0.05,0.09
1045,DDT,0.41,0.68
1046,ARCK,1.32,2.63
1047,RRH,0.86,1.94
1048,EBMT,0.58,1.1
1049,DCRD,0.7,1.38
1050,CCF,0.56,0.95
1051,RNLC,0.46,0.68
1052,RGCO,0.58,0.99
1053,DHAC,3.15,11.67
1054,CZFS,0.68,1.1
1055,PGNY,0.51,0.9
1056,FSFG,0.82,1.32
1057,ALPA,0.45,0.82
1058,RYH,0.73,1.12
1059,TIOA,0.32,0.47
1060,CSSEN,1.35,3.01
1061,MTRY,1.77,3.52
1062,SZZL,0.67,1.34
1063,IPVI,0.7,1.05
1064,CSM,0.81,1.26
1065,DUOT,0.47,8.22
1066,ZWRK,0.74,1.29
1067,MRBK,0.54,0.82
1068,FSRX,0.3,0.44
1069,RXST,0.51,1.03
1070,VEGN,0.46,0.72
1071,NVCN,0.34,2.03
1072,MARB,0.63,0.96
1073,VCLN,0.16,0.26
1074,CHSCM,0.56,0.88
1075,VDC,0.77,1.21
1076,MAQC,5.9,
1077,IHDG,0.62,0.92
1078,FBCV,0.75,1.28
1079,EUSA,0.72,1.09
1080,HGLB,0.6,0.83
1081,IWY,0.94,1.57
1082,EVTV,0.26,0.73
1083,CPAQ,0.17,0.31
1084,SNDX,0.61,1.13
1085,LAAAU,0.44,0.88
1086,IBDO,0.71,1.13
1087,DECA,3.36,
1088,FNGO,0.84,1.49
1089,PWV,0.57,0.83
1090,AJXA,0.42,0.54
1091,HCI,0.65,1.22
1092,XPEL,1.16,2.51
1093,AIEQ,0.43,0.64
1094,SPLV,0.93,1.48
1095,NETC,1.08,1.96
1096,TRFK,0.94,3.06
1097,GFGD,1.15,2.29
1098,ROBT,0.53,0.87
1099,CBRG,0.62,1.09
1100,MSSA,1.49,4.05
1101,XFIN,0.4,0.88
1102,KLAQ,0.25,0.4
1103,NRAC,1.69,4.27
1104,ASGI,0.58,0.94
1105,MOAT,0.84,1.39
1106,CNGL,2.61,11.98
1107,GLOB,1.01,1.81
1108,JHS,0.42,0.63
1109,MLAI,0.43,0.67
1110,CENQ,1.55,3.63
1111,METCL,0.43,0.66
1112,MTVC,1.44,4.86
1113,AMPS,0.34,0.56
1114,XOUT,0.46,0.73
1115,BSAQ,0.03,0.04
1116,USMV,1.0,1.6
1117,SMAP,1.3,2.24
1118,CATH,0.71,1.08
1119,AEAE,0.44,1.1
1120,APCA,1.23,3.12
1121,BOAT,0.4,0.63
1122,AWK,1.04,1.84
1123,VLYPO,0.49,0.68
1124,PFX,1.24,3.43
1125,NIQ,0.62,0.98
1126,IVCP,0.3,0.49
1127,BAOS,0.73,3.88
1128,UOCT,0.53,0.77
1129,TBCP,0.27,0.48
1130,PSAG,0.84,2.49
1131,GFX,1.79,3.46
1132,PYR,0.68,2.02
1133,ITCI,0.47,1.21
1134,DUKB,0.63,0.99
1135,FLAC,2.81,12.55
1136,HVBC,0.43,0.66
1137,TPLC,0.47,0.7
1138,NFYS,0.12,0.18
1139,FLTW,0.52,0.78
1140,AFAC,1.08,3.69
1141,RYT,0.61,0.92
1142,FFIN,0.65,1.1
1143,PSJ,0.6,0.95
1144,RVT,0.44,0.64
1145,PNOV,0.44,0.67
1146,CITE,1.57,8.65
1147,BCYC,0.92,1.57
1148,UTRN,0.67,1.21
1149,AOK,0.73,1.08
1150,NBST,0.52,0.98
1151,GRX,0.52,0.78
1152,FRNW,0.15,0.22
1153,JOFF,0.61,1.09
1154,MTBCO,0.57,1.28
1155,ROCL,0.49,0.76
1156,CALF,0.41,0.61
1157,FNDB,0.65,0.98
1158,RYAN,0.4,0.72
1159,AVHI,1.8,6.24
1160,AAMC,1.13,2.85
1161,QQEW,0.6,0.9
1162,HLAH,0.92,2.16
1163,PAWZ,0.49,0.75
1164,SNPX,0.6,1.31
1165,CCAI,0.43,0.83
1166,PETV,0.54,1.26
1167,PFRL,10.02,
1168,LFMD,0.53,1.45
1169,CLRC,19.7,
1170,KGRN,0.38,0.65
1171,PICC,1.03,1.9
1172,ICSH,0.75,1.17
1173,EMLD,0.65,0.89
1174,HPLT,0.24,0.35
1175,BRTX,0.3,17.67
1176,XPDB,0.21,0.29
1177,SRVR,0.72,1.16
1178,AVNW,0.69,1.82
1179,ORMP,0.4,0.81
1180,SIER,5.55,
1181,JUST,0.8,1.26
1182,ACIO,0.63,1.09
1183,AIO,0.42,0.71
1184,NBCT,0.69,1.56
1185,MHH,0.66,1.44
1186,FITE,0.55,0.84
1187,RXRA,0.44,0.67
1188,SGFY,1.47,4.48
1189,PI,0.56,1.0
1190,SUAC,0.62,1.32
1191,MFUS,0.51,0.74
1192,HTCR,0.35,0.71
1193,HAIA,1.47,2.43
1194,ESGU,0.73,1.1
1195,VHNA,2.03,5.0
1196,FDMO,0.66,1.02
1197,REZ,0.5,0.7
1198,AACI,0.93,1.59
1199,SOVO,0.21,0.33
1200,MNM,0.52,1.05
1201,NTIP,0.47,1.07
1202,VALQ,0.56,0.81
1203,DKDCA,3.34,14.02
1204,JHML,0.71,1.06
1205,UDI,0.49,1.23
1206,HHLA,1.31,2.62
1207,XLG,0.6,0.89
1208,MGC,0.6,0.88
1209,OXAC,1.01,1.83
1210,JJS,0.76,1.22
1211,LOKM,0.22,0.42
1212,USAI,1.54,2.54
1213,AMTR,1.66,2.84
1214,EPWR,1.24,2.87
1215,CDMO,0.3,0.85
1216,WK,0.7,1.26
1217,NCAC,2.38,6.86
1218,BLNG,1.4,3.1
1219,WTMA,1.8,4.88
1220,KBWP,0.82,1.3
1221,SCMA,2.09,8.58
1222,SRTS,0.51,0.97
1223,XSD,0.6,0.92
1224,STRE,0.98,1.78
1225,AESR,0.48,0.73
1226,MKTX,0.6,0.99
1227,GOF,0.7,0.99
1228,HERO,0.52,0.89
1229,USPX,0.57,0.83
1230,FHLTU,0.55,1.03
1231,CMCA,0.88,1.94
1232,AWH,0.21,26.34
1233,AVAC,0.69,1.18
1234,CBL,0.03,0.05
1235,PCT,0.22,0.3
1236,JPME,0.57,0.8
1237,XOMAO,0.42,0.87
1238,PGSS,2.04,5.84
1239,XITK,0.57,0.88
1240,SPMO,0.82,1.3
1241,EAC,0.52,0.85
1242,SBAC,0.48,0.87
1243,DNLI,0.49,0.87
1244,DJCB,1.65,2.74
1245,POW,1.05,2.15
1246,PPA,0.59,0.86
1247,HCMA,0.26,0.52
1248,MNRL,0.64,1.03
1249,LEGR,0.55,0.82
1250,GOGN,2.54,10.41
1251,TMAC,0.34,0.58
1252,SAFE,0.65,1.01
1253,BRP,0.67,1.36
1254,TECTP,0.45,0.66
1255,WWAC,1.12,2.21
1256,MCAA,1.28,2.38
1257,VELO,0.78,1.39
1258,TMFS,0.48,0.76
1259,DWUS,0.59,0.95
1260,MBTCU,0.02,0.04
1261,QGRO,0.84,1.42
1262,FEXD,7.44,
1263,JGGCU,0.07,0.11
1264,HUSV,0.68,1.02
1265,WEL,1.35,3.14
1266,SCHK,0.56,0.84
1267,OSCV,0.58,0.82
1268,SVRA,0.32,1.5
1269,AOTG,1.31,5.63
1270,LMBS,0.67,0.97
1271,TLGA,0.61,1.08
1272,APGN,0.36,0.72
1273,AHOY,0.57,1.49
1274,LGH,0.44,0.68
1275,EGGF,0.12,0.22
1276,APXI,1.99,4.98
1277,JMIN,0.64,0.94
1278,SMPL,0.57,1.06
1279,LRGE,0.65,1.03
1280,JHMT,0.86,1.37
1281,PSL,0.63,0.95
1282,RMGC,0.83,1.28
1283,BENE,3.4,12.86
1284,TRAQ,1.58,3.8
1285,CHIS,0.68,1.05
1286,CMBM,0.71,1.58
1287,KRYS,0.94,2.17
1288,BLEU,1.08,2.63
1289,SVNA,1.11,2.38
1290,CRGE,0.59,32.3
1291,GDYN,0.65,1.01
1292,FWRG,0.15,0.3
1293,OLED,0.42,0.89
1294,CNVY,0.7,1.7
1295,JHMS,0.7,1.15
1296,DIVZ,0.07,0.1
1297,WETF,0.23,1.76
1298,UTSL,0.47,0.71
1299,AAON,0.69,1.25
1300,AIQ,0.73,1.17
1301,SPGS,0.87,1.53
1302,AMER,0.81,1.55
1303,REVH,0.19,0.3
1304,FLYU,2.47,
1305,ARYE,0.18,0.26
1306,LEGA,0.51,0.72
1307,ASZ,0.15,0.25
1308,AVUS,0.55,0.82
1309,AADI,0.57,6.55
1310,IBCE,0.87,1.53
1311,JJA,0.82,1.56
1312,EVE,1.38,2.72
1313,KNTK,0.21,0.75
1314,DHHC,1.1,2.31
1315,UTZ,0.57,1.19
1316,SZNE,0.61,0.94
1317,BLCN,0.46,0.74
1318,BTCY,0.62,1.76
1319,HEI.A,0.56,0.93
1320,QQQE,0.91,1.52
1321,NAAC,0.1,0.14
1322,MTAL,0.1,0.23
1323,HERD,0.5,0.74
1324,BJUL,0.66,1.03
1325,REAX,0.75,2.05
1326,TGVC,1.06,2.36
1327,FMIL,0.73,1.15
1328,RENN,0.37,1.37
1329,BALT,0.2,0.3
1330,KRTX,0.91,2.59
1331,GIW,5.1,
1332,IIF,0.53,0.88
1333,LVHD,0.7,1.05
1334,AVTE,1.06,3.13
1335,GSQB,0.73,1.56
1336,OXLCM,0.45,0.57
1337,NVR,0.2,2.86
1338,FACT,2.01,7.21
1339,AVGOP,0.7,1.12
1340,OAIE,0.69,1.91
1341,IQSU,0.65,1.07
1342,CNNB,1.12,1.87
1343,SVAL,0.59,1.04
1344,IYK,0.66,1.03
1345,CHCT,0.78,1.25
1346,ESGV,0.78,1.24
1347,BFAC,1.61,4.49
1348,ARGU,0.47,0.96
1349,AFRI,0.34,0.63
1350,KCGI,0.96,2.02
1351,WNNR,0.97,3.48
1352,BYTS,0.02,0.03
1353,TRCA,1.76,6.89
1354,KWT,1.8,3.43
1355,MGK,0.66,1.01
1356,HCII,0.44,0.63
1357,ONG,0.29,0.43
1358,NRSN,0.61,1.42
1359,GAQ,0.09,0.14
1360,FGMCU,0.2,0.33
1361,BMEA,0.94,3.09
1362,PLMI,1.0,1.55
1363,EPOW,1.6,6.24
1364,SMIH,0.11,0.14
1365,MODD,1.4,2.63
1366,RTH,0.54,0.85
1367,ALRM,0.68,1.32
1368,FSSI,1.02,2.16
1369,CMTG,0.47,0.8
1370,AHPAU,0.69,1.31
1371,KLNE,0.3,0.52
1372,AGAC,1.42,3.62
1373,MBB,0.58,0.87
1374,TWOA,0.73,1.16
1375,SWAN,0.49,0.7
1376,FNVT,1.0,1.55
1377,KACL,2.24,14.83
1378,ISDR,0.72,2.29
1379,KNSL,1.23,2.53
1380,CNRG,1.11,2.15
1381,MDRRP,0.85,3.08
1382,QRFT,0.61,1.01
1383,BAL,0.66,1.02
1384,EDOW,0.41,0.61
1385,TW,0.6,1.05
1386,RXL,0.66,1.01
1387,INMB,0.52,1.41
1388,AXNX,0.97,1.98
1389,SPSC,0.89,1.52
1390,SHUAU,0.53,0.84
1391,COWZ,0.67,1.02
1392,VIVK,0.47,1.27
1393,KREF,0.46,0.65
1394,XT,0.71,1.07
1395,SCOA,2.87,11.82
1396,FV,0.6,0.9
1397,APLS,0.66,1.06
1398,VCXA,2.52,8.41
1399,DVY,0.53,0.73
1400,TZPS,1.19,1.97
1401,CLBR,0.54,1.01
1402,IWR,0.54,0.78
1403,XRLV,0.77,1.15
1404,NIE,0.49,0.72
1405,HWKZ,0.65,1.48
1406,SWSS,0.99,2.7
1407,SMLR,0.82,1.88
1408,ADAL,1.89,5.5
1409,NHIC,0.69,1.06
1410,LITT,0.03,0.05
1411,SOTK,0.49,1.09
1412,VSMV,0.56,0.82
1413,CBNK,0.9,1.76
1414,SHAC,0.19,0.25
1415,JATT,0.92,1.47
1416,SEPZ,0.68,1.08
1417,TETEU,0.1,0.14
1418,DRE,0.32,1.4
1419,IMPPP,0.88,1.93
1420,NEWP,0.55,1.02
1421,DVLU,0.59,0.82
1422,SNPE,0.59,0.92
1423,QWLD,0.59,0.89
1424,GPOR,1.12,2.29
1425,FRLA,2.67,5.64
1426,VONG,0.91,1.51
1427,SJIV,1.1,7.19
1428,SGII,0.49,0.77
1429,MORF,0.54,1.19
1430,ATA,2.48,8.35
1431,SSBK,2.17,9.81
1432,AMOM,0.45,0.71
1433,GVCI,2.49,8.76
1434,GTAC,1.72,2.97
1435,PWUP,1.37,2.59
1436,VINP,0.04,0.06
1437,RGLD,0.41,1.38
1438,BSVN,0.66,0.97
1439,MCI,0.55,1.43
1440,FVT,0.69,2.04
1441,PECO,0.11,0.18
1442,STET,1.75,3.66
1443,LVLU,0.23,0.43
1444,TRNO,0.71,1.23
1445,SPTK,0.21,0.3
1446,VBOC,0.06,0.09
1447,MGMT,0.62,1.0
1448,PRVA,1.37,2.62
1449,UTAA,0.25,0.44
1450,NTSX,0.76,1.21
1451,VII,2.38,7.31
1452,ELS,0.66,1.02
1453,FCTR,0.71,1.16
1454,MCO,0.57,0.86
1455,FCAX,0.88,2.18
1456,MILN,0.57,0.87
1457,IRBO,0.48,0.74
1458,FTLS,0.66,0.99
1459,UCC,0.58,0.89
1460,MIST,0.56,1.04
1461,TMKR,0.14,0.19
1462,MUB,0.49,0.74
1463,FRXB,0.48,0.83
1464,VAL,1.14,1.96
1465,PBUS,0.59,0.91
1466,DXR,4.06,22.7
1467,BYRN,0.65,2.63
1468,LEGN,0.83,1.93
1469,GXII,0.49,0.89
1470,ACAQ,1.6,3.71
1471,GIPR,1.0,3.1
1472,ACAB,1.0,2.81
1473,ICLR,0.52,0.78
1474,FLSW,0.65,1.0
1475,GBF,0.5,0.79
1476,MRTX,0.61,1.12
1477,URNM,1.06,2.65
1478,IHAK,0.63,1.15
1479,PSEP,0.52,0.81
1480,HYGI,0.73,2.09
1481,ACI,0.85,2.09
1482,SYII,1.03,3.58
1483,BURL,0.68,1.05
1484,PETS,0.41,0.94
1485,BCSA,1.98,4.56
1486,AGGR,0.62,1.05
1487,BBCA,0.63,0.94
1488,ROSE,1.46,3.09
1489,SPYX,0.76,1.17
1490,PBTP,0.81,1.24
1491,AUVIP,1.41,2.88
1492,EVOJ,0.82,1.89
1493,SLP,0.45,1.23
1494,PPHP,1.83,3.66
1495,SSAA,0.63,1.18
1496,MLPR,1.65,2.81
1497,RAPT,0.45,0.77
1498,KYCH,1.36,2.9
1499,NETZ,0.26,0.4
1500,LAZY,0.72,1.53
1501,COM,0.78,1.38
1502,CXAC,1.23,2.72
1503,OEPW,1.11,2.25
1504,BHAC,0.25,0.38
1505,OBT,0.44,0.65
1506,EQHA,1.62,5.12
1507,AMCI,0.53,1.02
1508,PFXNL,1.22,2.93
1509,HEI,0.65,1.17
1510,CDAQ,0.36,0.48
1511,NUMG,0.59,0.9
1512,NULG,0.81,1.27
1513,KVSA,0.61,1.26
1514,SHUA,0.91,2.09
1515,GVIP,0.58,0.89
1516,NVAC,1.07,2.2
1517,XPOF,0.09,0.14
1518,IVT,0.03,0.05
1519,GIAC,0.76,1.48
1520,STZ.B,0.7,1.18
1521,FVC,0.59,0.87
1522,CTRE,0.55,0.84
1523,ADC,0.55,0.87
1524,AEHA,0.77,1.44
1525,AMPI,0.34,0.66
1526,AGM,0.57,1.07
1527,FIVG,0.53,0.86
1528,HMA,0.91,2.59
1529,CSTA,1.3,2.27
1530,NUVL,0.17,0.3
1531,DALI,0.72,1.06
1532,FDN,0.61,0.94
1533,KRMD,0.49,1.22
1534,JAZZ,0.44,1.2
1535,CCOI,0.45,0.96
1536,QDEF,0.81,1.24
1537,CHSCL,0.66,1.07
1538,VEL,1.22,3.05
1539,AMAO,0.05,0.07
1540,ARIS,0.91,1.84
1541,CWS,0.63,0.96
1542,FIW,0.55,0.79
1543,APVO,0.22,1.04
1544,ARWR,0.45,1.13
1545,NSA,0.97,1.79
1546,WPCA,0.27,0.4
1547,TINV,3.3,19.82
1548,QQXT,0.56,0.85
1549,ARIZ,0.86,1.55
1550,SLNH,0.35,1.31
1551,KTH,0.72,1.16
1552,VONE,0.84,1.33
1553,JAQC,0.43,0.79
1554,VCXB,2.1,4.67
1555,BIBL,0.47,0.69
1556,GBRG,4.6,59.67
1557,TBSA,0.49,0.7
1558,ENTF,1.01,1.82
1559,BBUS,0.51,0.78
1560,JJT,0.49,0.74
1561,GWII,2.52,14.69
1562,LHC,1.23,2.23
1563,IBDD,0.86,1.48
1564,ACBA,3.21,7.51
1565,IDRV,0.62,1.03
1566,OKYO,5.53,
1567,GRN,1.29,2.5
1568,MSCI,0.73,1.15
1569,JVAL,0.42,0.61
1570,QLC,0.46,0.69
1571,HCAR,1.13,2.05
1572,PAYS,0.63,1.42
1573,ANVS,0.75,2.11
1574,RSF,0.99,1.6
1575,FNX,0.51,0.74
1576,DSAQ,1.21,2.83
1577,BANFP,0.55,0.9
1578,IXJ,0.52,0.78
1579,BAFN,0.67,1.12
1580,BCI,0.49,0.71
1581,RGC,0.29,0.42
1582,PWUPU,0.17,0.24
1583,GRRR,1.07,5.72
1584,WPC,0.63,1.04
1585,WAFU,0.63,1.69
1586,NIMC,0.61,1.17
1587,RDVT,0.75,1.33
1588,GECCO,0.5,0.8
1589,HTIBP,0.25,0.44
1590,VAQC,0.42,0.62
1591,TWNI,1.16,2.09
1592,OMEX,0.35,0.9
1593,RAYS,0.1,0.14
1594,RMD,0.7,1.29
1595,FTXL,0.7,1.09
1596,POCT,0.75,1.16
1597,RESP,0.54,0.77
1598,PUYI,0.39,0.75
1599,FHLT,1.55,4.82
1600,EQL,0.83,1.32
1601,GRIN,0.9,1.78
1602,NRACU,0.26,0.41
1603,ROKT,0.54,0.85
1604,TCBC,0.98,1.53
1605,NFNT,0.77,1.84
1606,ASCA,1.2,2.55
1607,ARVN,0.59,2.32
1608,DIVO,0.81,1.31
1609,CDRE,0.24,0.35
1610,SPXE,0.77,1.17
1611,GVI,0.55,0.95
1612,HAAC,2.68,21.74
1613,CLAS,2.46,5.88
1614,PSET,0.77,1.17
1615,ESM,1.73,4.69
1616,HALO,0.5,1.04
1617,DMAQ,1.83,5.87
1618,TTWO,0.5,0.86
1619,PLMR,0.57,0.94
1620,IBHB,0.51,0.72
1621,TDV,0.68,1.14
1622,VHC,0.4,0.9
1623,ETHO,0.71,1.07
1624,MCAF,0.42,0.67
1625,PORT,0.55,1.0
1626,HORI,1.97,4.03
1627,CSSEP,0.56,0.83
1628,MDXG,0.63,1.12
1629,MACC,0.13,0.23
1630,WPCB,0.57,0.98
1631,IBER,1.02,2.04
1632,ARGX,1.07,2.21
1633,CHSCP,0.76,1.18
1634,RECS,0.6,0.96
1635,PYCR,0.25,0.35
1636,TOAC,2.6,10.06
1637,CDZIP,0.61,1.11
1638,CMF,0.49,0.74
1639,ANZU,0.41,0.62
1640,VSDA,0.67,1.02
1641,LQDI,0.48,0.63
1642,FLAG,3.47,9.54
1643,DFRA,0.24,0.34
1644,USMC,0.57,0.88
1645,WOMN,0.9,1.51
1646,OXLCP,1.92,5.17
1647,DRSK,0.61,1.03
1648,VOOV,0.71,1.1
1649,BUFQ,1.13,4.22
1650,ALSA,3.36,11.01
1651,SCOB,1.27,2.77
1652,FNV,0.58,1.11
1653,BRLI,0.85,1.1
1654,CNDB,0.12,0.18
1655,INKA,2.4,5.85
1656,FLQM,0.54,0.79
1657,OTEC,1.61,5.24
1658,BEP,0.66,1.07
1659,VEV,0.47,1.08
1660,SANB,3.89,9.8
1661,XHE,0.81,1.22
1662,AMH,0.62,1.09
1663,RLYB,0.75,1.21
1664,AMNA,1.65,2.84
1665,DJD,0.7,1.06
1666,INTE,0.21,0.4
1667,BHFAL,0.67,1.34
1668,DYAI,0.55,1.47
1669,KIII,1.44,2.43
1670,LFG,0.9,2.25
1671,AYX,0.6,1.05
1672,ACII,0.57,1.61
1673,SCCC,1.84,3.1
1674,RKTA,0.02,0.03
1675,DZSI,0.57,0.97
1676,WAVC,0.41,0.65
1677,FDVV,0.59,0.83
1678,RWK,0.72,1.15
1679,HNRG,0.37,0.82
1680,RJAC,0.97,2.36
1681,PSCH,0.79,1.25
1682,NOCT,0.53,0.85
1683,NEN,0.83,1.61
1684,INAQ,0.5,0.79
1685,IBDN,0.73,1.23
1686,IFRA,0.75,1.13
1687,TSPQ,0.03,0.04
1688,CHSCN,0.54,0.85
1689,KRMA,0.69,1.03
1690,ASPA,2.41,6.23
1691,FXU,0.54,0.8
1692,JWSM,1.25,2.23
1693,OVL,0.49,0.74
1694,OMFL,0.65,1.07
1695,PTY,0.55,0.82
1696,EQIX,0.38,0.85
1697,RISR,1.73,4.97
1698,BMAC,1.36,2.38
1699,HCIC,0.7,1.28
1700,ULCC,0.16,0.44
1701,ONEV,0.69,1.02
1702,FEAM,0.14,0.21
1703,CDL,0.74,1.08
1704,HLNE,0.63,1.18
1705,PFFA,0.64,1.08
1706,ESTA,0.64,1.18
1707,RFDA,0.67,0.99
1708,XSW,0.82,1.32
1709,FQAL,0.7,1.06
1710,MEAC,0.84,1.59
1711,IVRA,0.95,1.7
1712,CMDY,0.88,1.34
1713,BNNR,0.65,1.02
1714,QIPT,0.71,1.6
1715,BBRE,0.47,0.66
1716,XAIR,0.49,0.88
1717,FLSA,0.79,1.23
1718,BMAQ,2.22,7.41
1719,LONZ,3.71,
1720,LTRPB,0.52,1.73
1721,YORW,0.54,0.95
1722,DTRT,1.1,2.23
1723,FRW,0.4,0.77
1724,ALTU,0.23,0.29
1725,QDF,0.76,1.15
1726,MLAB,0.55,0.96
1727,PACX,0.02,0.02
1728,LMST,0.29,1.01
1729,DVOL,0.65,0.94
1730,SAIC,0.63,1.04
1731,FWONK,0.51,0.77
1732,QDIV,0.64,0.95
1733,TWLV,1.0,2.32
1734,ESPO,0.86,1.46
1735,ISUN,0.54,2.08
1736,BUL,0.57,0.89
1737,FCUV,0.67,1.41
1738,RPG,0.59,0.88
1739,GAME,0.45,1.59
1740,LGLV,0.83,1.3
1741,SIZE,0.66,0.99
1742,JJG,0.73,1.44
1743,LIVE,0.39,1.4
1744,DRIO,0.4,5.1
1745,RRAC,1.3,1.94
1746,FTVI,0.77,1.68
1747,TRTL,0.03,0.05
1748,UTMD,0.6,1.02
1749,MBSC,1.18,2.67
1750,SCUA,1.98,8.09
1751,KSI,0.95,1.93
1752,GSBC,0.62,1.19
1753,YLDE,0.53,0.81
1754,RWAY,0.27,0.4
1755,HIII,0.52,0.77
1756,SSTI,0.57,1.01
1757,CLRM,0.29,0.43
1758,TDIV,0.83,1.29
1759,EPAM,1.01,1.63
1760,HCOM,1.58,2.75
1761,PACI,1.55,3.36
1762,LOUP,0.5,0.76
1763,MANH,0.44,0.88
1764,BOCN,1.94,8.2
1765,SPT,1.0,2.25
1766,AHPA,0.88,1.57
1767,PRSR,2.85,8.15
1768,INDS,0.87,1.46
1769,SHAP,1.06,2.1
1770,LGVC,2.23,4.48
1771,VNSE,0.61,0.95
1772,SFBS,0.87,1.6
1773,KXI,0.57,0.86
1774,APN,1.22,2.37
1775,COOL,1.18,1.84
1776,FTEC,0.95,1.64
1777,WAVSU,0.16,0.26
1778,JJM,0.54,0.84
1779,SMBC,0.61,1.01
1780,TRIS,0.67,1.39
1781,PODD,0.58,0.95
1782,AKIC,1.13,2.83
1783,IXSE,0.55,0.77
1784,MOND,1.0,5.77
1785,AUS,0.1,0.16
1786,HGBL,0.37,0.98
1787,PTIC,1.04,1.84
1788,GLHA,0.78,1.41
1789,OGIG,0.51,0.82
1790,DHCA,1.08,2.46
1791,RGI,0.53,0.79
1792,LCA,0.21,0.38
1793,LATG,0.43,0.93
1794,UMI,0.43,0.59
1795,CDC,0.84,1.37
1796,BSBK,1.1,3.67
1797,CPII,3.68,
1798,OZ,0.06,0.11
1799,CLIN,0.08,0.14
1800,SDAC,0.42,0.65
1801,KAIR,0.84,1.55
1802,FATP,2.64,8.1
1803,IHF,0.62,0.93
1804,RCFA,1.72,3.34
1805,ATY,0.52,1.05
1806,IHI,0.71,1.04
1807,NLIT,2.08,44.0
1808,MBNE,0.21,0.36
1809,REXR,1.02,1.75
1810,PBJ,0.62,0.94
1811,CLIM,1.19,2.27
1812,CCD,0.66,1.1
1813,REGL,0.71,1.08
1814,LAAA,0.48,0.79
1815,SPUS,0.65,1.04
1816,TGR,0.24,0.44
1817,BDEC,0.49,0.74
1818,AOA,0.71,1.1
1819,PLX,0.28,2.11
1820,TMFC,0.85,1.43
1821,SDG,0.72,1.21
1822,AQUA,0.42,0.59
1823,CNFRL,0.52,0.86
1824,ATAQ,1.18,2.41
1825,TLGY,0.35,0.53
1826,PV,1.84,4.71
1827,GTIP,0.62,0.97
1828,WRAC,2.73,5.02
1829,VECT,0.45,0.97
1830,SHQA,2.17,6.4
1831,ESG,0.72,1.09
1832,OCCIO,0.24,0.43
1833,CNTQ,2.68,22.57
1834,COMB,0.49,0.7
1835,ESLT,0.63,1.05
1836,DAOO,2.84,12.73
1837,ELTK,0.3,0.88
1838,FRBN,0.97,1.8
1839,JWAC,1.64,3.73
1840,EBAC,1.0,1.81
1841,PJUL,0.69,1.1
1842,FSI,0.42,1.24
1843,CFVIU,0.36,0.57
1844,NACP,0.81,1.31
1845,TDF,0.35,2.11
1846,ROLLP,0.74,1.69
1847,SFY,0.52,0.8
1848,VXF,0.58,0.85
1849,ALTL,0.87,2.08
1850,BRD,0.92,1.39
1851,MVBF,0.63,1.17
1852,CINC,1.43,2.78
1853,ANEB,0.06,0.1
1854,ROC,2.3,6.44
1855,JHMU,0.64,0.99
1856,FVAL,0.61,0.88
1857,PEPL,0.99,1.59
1858,TENB,0.54,0.99
1859,MNTN,1.46,3.35
1860,DHCAU,0.26,0.44
1861,RDNT,0.47,1.14
1862,LFEQ,0.42,0.62
1863,CERE,0.7,1.9
1864,INVH,0.56,0.82
1865,JJN,0.79,1.34
1866,NSIT,0.48,0.81
1867,PAFO,1.52,3.63
1868,SWET,0.78,1.28
1869,RAMMU,0.05,0.08
1870,FDLO,0.79,1.19
1871,HUBS,0.88,1.55
1872,MEOA,1.09,2.35
1873,TIPD,0.72,1.18
1874,GSRMU,0.63,1.01
1875,GDNR,1.8,6.5
1876,RGF,0.62,1.7
1877,ALHC,0.58,0.85
1878,DILA,1.08,1.85
1879,ZT,0.15,0.22
1880,PCCT,5.76,27.47
1881,CLAY,2.07,7.01
1882,MSAC,0.75,1.17
1883,CCVI,0.12,0.21
1884,IWL,0.88,1.41
1885,NTZG,0.76,2.21
1886,NGC,0.43,0.66
1887,ROSS,0.58,0.97
1888,CCOR,0.67,1.28
1889,BCD,0.73,1.14
1890,IE,21.86,
1891,HGER,0.22,0.4
1892,NPAB,1.29,6.02
1893,BNRG,14.11,
1894,EQWL,0.59,0.85
1895,PUCK,0.95,1.71
1896,ANSS,0.61,1.02
1897,MUDS,5.18,26.48
1898,LVAC,0.83,1.42
1899,ACAH,0.02,0.03
1900,VFVA,0.61,0.88
1901,PHYT,1.85,5.55
1902,NREF,0.96,1.61
1903,DURA,0.58,0.89
1904,GNSS,0.35,1.06
1905,JCIC,1.36,2.55
1906,CLAQU,0.64,1.47
1907,GVLU,1.14,4.24
1908,ROM,0.62,0.95
1909,TETE,1.87,3.99
1910,QTEC,0.63,0.97
1911,SIXH,0.72,1.13
1912,IMNM,0.34,0.94
1913,NIC,0.89,1.68
1914,CHGX,0.5,0.75
1915,ESGR,0.5,0.77
1916,MMTM,0.88,1.36
1917,DGRW,0.79,1.26
1918,AFAQ,0.33,0.54
1919,SLVM,1.34,2.2
1920,PPI,0.19,0.25
1921,HTAQ,2.78,14.61
1922,ROLL,0.63,1.03
1923,ADRA,1.18,2.2
1924,ANTX,0.79,1.96
1925,KAII,0.79,1.33
1926,IGNY,2.02,5.49
1927,RXDX,0.84,1.74
1928,TRI,0.57,0.85
1929,FLYA,1.14,2.21
1930,ACES,0.93,1.6
1931,AIBBU,0.52,0.85
1932,LANDO,1.71,3.73
1933,SPFI,0.49,0.74
1934,UVE,0.36,3.01
1935,IEDI,0.7,1.17
1936,PBAX,1.92,5.7
1937,PNQI,0.84,1.43
1938,ILCG,0.57,0.87
1939,PMGM,0.95,1.91
1940,VCR,0.54,0.85
1941,GSEW,0.45,0.67
1942,LGAC,1.18,2.28
1943,LUMO,0.35,1.39
1944,OCAX,0.47,0.84
1945,BRG,0.58,1.08
1946,FXH,0.71,1.06
1947,SOGU,1.1,2.7
1948,CBOE,0.74,1.26
1949,ACDI,2.0,4.4
1950,FEMA,0.6,1.57
1951,FLIN,0.52,0.73
1952,XOMAP,1.29,3.01
1953,KMLM,1.67,4.51
1954,BF.A,0.63,1.11
1955,FIVN,1.07,2.61
1956,QDYN,0.75,1.13
1957,MURF,0.98,1.99
1958,QTUM,0.97,1.58
1959,PFIE,0.47,1.23
1960,KINZ,0.15,0.21
1961,SAMA,0.02,0.03
1962,BDCX,1.05,1.95
1963,EPS,0.56,0.81
1964,INSP,1.04,1.96
1965,BGNE,0.77,1.58
1966,QUS,0.76,1.14
1967,QARP,0.78,1.24
1968,HCXY,0.71,1.04
1969,UBA,0.42,0.68
1970,AX,0.65,1.05
1971,KARS,0.85,1.48
1972,KRNL,0.98,1.82
1973,CZA,0.6,0.83
1974,MOXC,0.39,0.89
1975,ACQR,1.32,2.9
1976,LSPR,0.87,3.17
1977,GMFI,0.89,1.91
1978,MBNKP,0.43,0.74
1979,LCAHU,0.1,0.16
1980,DISA,0.09,0.12
1981,PFTA,0.01,0.01
1982,ZEN,0.58,0.9
1983,CHAA,0.66,0.95
1984,KLCD,0.48,0.72
1985,ALOR,0.46,0.62
1986,ESS,0.69,1.11
1987,EDRY,0.51,0.95
1988,CMSC,0.46,0.79
1989,ATEK,1.23,2.81
1990,SPB,0.51,0.86
1991,MPRA,2.54,9.64
1992,AQNA,0.5,0.93
1993,AMR,2.27,7.01
1994,LBAY,1.35,2.64
1995,KNG,0.7,1.09
1996,CRWS,0.43,1.46
1997,MOTO,0.59,0.96
1998,DBTX,0.5,1.29
1999,VTYX,0.43,0.69
2000,TCBS,0.27,0.44
2001,LMAT,0.57,0.89
2002,SRPT,0.42,0.87
2003,FXCO,2.8,16.96
2004,NOAC,0.74,1.06
2005,BWAQ,1.1,2.39
2006,EPRT,0.65,0.92
2007,BFC,1.03,2.13
2008,EVER,0.61,1.12
2009,VYM,0.53,0.76
2010,FCPI,0.49,0.72
2011,LCAA,1.19,2.76
2012,DSGN,0.32,0.48
2013,ESGRO,0.66,1.01
2014,AXON,0.61,1.22
2015,SLVR,0.03,0.04
2016,BNIX,4.29,48.62
2017,GTLS,0.55,0.92
2018,SQFTP,2.1,3.64
2019,DRAY,0.83,1.57
2020,DT,0.56,0.89
2021,MGV,0.5,0.72
2022,ESAC,1.52,3.0
2023,USSG,0.51,0.79
2024,KOMP,0.65,1.1
2025,JDIV,0.46,0.65
2026,DAWN,0.79,3.69
2027,FPX,0.55,0.81
2028,VTHR,0.82,1.27
2029,BSCN,0.62,1.04
2030,ITEQ,0.48,0.75
2031,BITE,0.46,0.77
2032,ONCS,0.3,4.9
2033,CYBR,0.55,1.1
2034,NVCT,0.7,1.6
2035,VSAC,1.35,2.78
2036,GPJA,0.73,1.31
2037,XMLV,0.68,0.98
2038,APT,0.35,0.83
2039,UGE,0.58,0.91
2040,ARTNA,0.58,0.96
2041,FSTA,0.7,1.14
2042,AMT,0.36,0.75
2043,QQQX,0.54,0.81
2044,FLLV,0.8,1.23
2045,KIIIU,0.02,0.04
2046,DLCA,1.74,5.15
2047,ORIA,0.86,1.68
2048,BOCT,0.8,1.25
2049,TSIB,0.46,0.91
2050,ILCB,0.59,0.85
2051,OSI,0.03,0.04
2052,VFQY,0.64,0.98
2053,IFIN,3.2,19.61
2054,QLYS,0.79,1.39
2055,CLPS,0.31,0.87
2056,GAPA,1.52,3.11
2057,GSEV,0.03,0.04
2058,RWGV,0.6,1.03
2059,PNRG,0.47,0.85
2060,DEF,0.61,0.86
2061,ITQ,1.02,1.96
2062,ACLX,0.24,0.46
2063,CIIG,0.28,0.45
2064,SPXV,0.72,1.12
2065,SUI,0.58,0.97
2066,FOXW,2.94,10.61
2067,LGST,1.89,4.3
2068,FINM,1.46,2.8
2069,VFMO,0.8,1.27
2070,FVD,0.7,1.03
2071,GRCY,0.91,1.27
2072,ZING,0.21,0.31
2073,NSTC,0.13,0.25
2074,CLOI,2.93,
2075,ONEQ,0.6,0.92
2076,UPTD,1.49,3.49
2077,VMGA,0.83,1.76
2078,AMND,1.55,2.62
2079,BRAC,0.53,1.11
