,Symbol,Rironkabuka
0,7203,3418
1,8306,1101
2,6758,1665
3,6501,2516
4,6861,39255
5,9983,32989
6,7974,4556
7,8316,2189
8,9432,201
9,4519,7163
10,6098,6511
11,8058,3702
12,8766,4547
13,9984,9774
14,8001,9033
15,8035,35882
16,9434,179
17,9433,3053
18,7011,1221
19,8411,2302
20,4063,6286
21,8031,4218
22,2914,4293
23,4568,2516
24,7267,2023
25,4502,3242
26,7741,13870
27,6503,2620
28,6702,2477
29,3382,1574
30,9613,2648
31,7182,1323
32,8725,3390
33,4661,1253
34,6857,7779
35,6902,3116
36,6201,14310
37,6701,1885
38,8002,1914
39,6367,15794
40,8630,4192
41,8053,5936
42,7751,5931
43,5108,6225
44,6301,5430
45,4543,1721
46,6178,1324
47,4901,3355
48,8801,1024
49,8750,635
50,6981,1799
51,6752,2087
52,6146,32913
53,8267,1520
54,4689,380
55,4578,9036
56,6954,3049
57,7269,3591
58,9020,2517
59,6273,53751
60,4307,4432
61,2802,1144
62,6594,2708
63,1925,7115
64,8591,3491
65,6723,1030
66,8802,2074
67,8015,5658
68,7832,3203
69,6762,1268
70,5401,5483
71,9022,6457
72,2502,1820
73,4452,4156
74,7532,3144
75,8308,652
76,8309,2468
77,9766,11829
78,4684,3950
79,8830,5500
80,8604,747
81,6971,1817
82,4612,1003
83,4503,900
84,9735,4661
85,9101,7648
86,1605,8601
87,7936,3538
88,4716,18738
89,1928,5584
90,4091,4950
91,7733,1587
92,8113,1035
93,3659,2755
94,5802,4050
95,4507,4054
96,7013,7838
97,7270,7163
98,6326,2666
99,6988,3439
100,9104,6535
101,9531,4538
102,9503,3297
103,5020,1290
104,4755,190
105,9697,3156
106,1812,3518
107,9843,14933
108,2503,3082
109,9435,26554
110,7309,14678
111,8697,173
112,3402,983
113,5803,6799
114,8795,1914
115,3064,2014
116,1802,1830
117,6869,1854
118,8136,6826
119,7012,5416
120,9021,3340
121,8593,996
122,2587,6020
123,1801,6115
124,9532,4844
125,7259,3014
126,4704,7885
127,7453,3091
128,3092,2563
129,2801,1172
130,9202,3421
131,9719,3204
132,6383,3056
133,3407,1686
134,9502,2745
135,2413,1321
136,9107,2563
137,7550,6096
138,7202,3728
139,8601,775
140,9602,4130
141,6920,33151
142,7201,314
143,9201,3688
144,6532,10508
145,6586,4106
146,3088,3014
147,285A,10453
148,8473,2976
149,4151,2025
150,7911,4455
151,5929,5705
152,5838,1243
153,6361,2665
154,3003,1836
155,7181,3008
156,4768,2871
157,1878,25091
158,5019,978
159,9023,1347
160,4523,2782
161,3626,4131
162,9684,4711
163,1803,1194
164,4188,1270
165,7186,646
166,7912,2822
167,9005,1670
168,7272,2713
169,4204,3243
170,7735,19391
171,5411,2321
172,7701,2566
173,3038,2632
174,2875,12498
175,9024,1574
176,9042,4429
177,2267,2921
178,5334,8775
179,2897,3121
180,4911,1034
181,6305,6942
182,8331,920
183,5201,6937
184,9143,1627
185,6504,9135
186,2269,3771
187,6841,3821
188,5713,4503
189,7752,1656
190,1911,11542
191,5831,1255
192,6506,2828
193,6479,2436
194,2702,5475
195,4324,2107
196,3635,1992
197,9404,3914
198,9009,1351
199,3099,2167
200,6967,2438
201,6465,4764
202,3231,1082
203,1773,0
204,9401,4866
205,4732,2150
206,4784,509
207,6645,4041
208,3289,1505
209,1944,4467
210,8227,12227
211,3288,15200
212,8354,2702
213,8439,1951
214,5016,1021
215,2670,4262
216,2768,5861
217,3197,980
218,3349,4907
219,6525,2967
220,4751,769
221,2327,2911
222,4528,2311
223,6845,1142
224,4062,3496
225,4816,1940
226,4676,2803
227,3563,3137
228,5844,1972
229,9147,3084
230,9064,1545
231,2212,3157
232,3861,926
233,9501,343
234,8572,591
235,5332,3653
236,7167,544
237,4042,3862
238,5406,3220
239,3769,4039
240,8905,1864
241,6460,3052
242,6448,3762
243,7211,728
244,6724,2380
245,9508,2312
246,7747,1774
247,9142,4331
248,8253,4208
249,2181,434
250,1942,3804
251,2501,2307
252,7649,3359
253,3405,3018
254,4183,4983
255,8060,6838
256,6370,5582
257,9962,2277
258,4733,4516
259,3086,1783
260,9007,1510
261,4021,6585
262,3291,3474
263,1808,3237
264,8252,1840
265,4005,546
266,6963,1615
267,9041,3183
268,8359,1148
269,5101,9078
270,7261,1588
271,6806,17094
272,7276,2293
273,6417,5089
274,3391,11487
275,8804,2886
276,4403,2914
277,9468,1733
278,4004,2530
279,9989,4787
280,4536,1219
281,5021,12607
282,5444,7799
283,2282,5502
284,9001,2883
285,7163,659
286,2331,1111
287,5947,4631
288,5333,2844
289,9506,2122
290,2371,3300
291,8056,6049
292,2002,2136
293,6753,158
294,3141,2099
295,4527,2112
296,5830,1580
297,3774,2450
298,7951,1193
299,5938,1489
300,5110,3425
301,2871,2130
302,6113,1925
303,8334,869
304,2809,3272
305,9513,3612
306,4812,5245
307,6965,1199
308,4088,3725
309,6481,2809
310,7731,1712
311,2579,1978
312,9706,4624
313,7164,3896
314,6406,3532
315,4912,1463
316,1969,7319
317,5105,6210
318,6028,4486
319,5631,3539
320,4186,4416
321,7459,3490
322,6856,15338
323,9006,1105
324,5233,7829
325,2433,1205
326,5344,43041
327,7564,5303
328,6141,2723
329,3350,106
330,4182,3381
331,9008,4117
332,9533,4182
333,3923,2699
334,9301,942
335,5901,4016
336,6923,4485
337,3697,959
338,4385,1380
339,8111,14423
340,8279,9228
341,4967,3144
342,2229,2862
343,9072,2764
344,1721,4833
345,9418,2287
346,3116,5125
347,3397,1168
348,2784,2388
349,5801,7281
350,9449,1592
351,2222,3757
352,3549,2726
353,1951,2609
354,7337,939
355,9364,4716
356,9831,692
357,6473,1513
358,6302,5037
359,8233,2011
360,4194,9755
361,6368,10673
362,1959,7999
363,7240,3793
364,8341,4425
365,9045,4015
366,9605,6390
367,7282,5280
368,4681,1192
369,8424,5036
370,4613,3376
371,7732,729
372,4666,3047
373,6005,3604
374,9412,1385
375,7729,10514
376,8088,2953
377,3436,1369
378,5991,2979
379,4530,4781
380,9065,8858
381,4506,1343
382,6269,12523
383,8377,2884
384,2726,5289
385,2593,3600
386,7988,7110
387,9048,2174
388,9076,3027
389,4202,2241
390,6526,1093
391,2432,3315
392,4980,2800
393,6544,2703
394,6324,624
395,5393,7910
396,4203,4419
397,6436,5006
398,4922,5164
399,3132,2300
400,7180,686
401,8129,3871
402,9336,2903
403,6976,2050
404,8012,3915
405,2206,4358
406,5832,1642
407,7984,2833
408,7327,3004
409,6849,1834
410,3387,411
411,6471,787
412,4927,955
413,8410,182
414,8418,1555
415,8304,1750
416,4626,5311
417,6755,1436
418,8425,1028
419,4680,1622
420,9987,5291
421,1963,1280
422,2264,4269
423,7189,2178
424,6268,2119
425,141A,1813
426,7419,6526
427,5711,2575
428,5076,2139
429,8366,5077
430,9069,2012
431,3591,5454
432,6770,1589
433,1860,1016
434,4205,1906
435,7205,375
436,6323,2494
437,5214,5058
438,8174,2666
439,4540,5292
440,7451,6644
441,6592,2918
442,9409,4387
443,8570,1229
444,2810,3393
445,7867,3253
446,9616,3694
447,5714,7086
448,2811,2912
449,1332,1189
450,1719,1823
451,9302,2729
452,9504,1126
453,6674,5431
454,8876,2640
455,4401,4783
456,2607,1680
457,2296,5750
458,3048,1754
459,4443,203
460,1662,1721
461,4114,2254
462,4631,4367
463,3994,598
464,8283,5967
465,5706,7972
466,9759,3810
467,8242,2688
468,1893,1135
469,5463,6422
470,9044,2567
471,1414,6713
472,8358,935
473,2531,1452
474,6728,6355
475,9744,5011
476,7581,3780
477,6952,1191
478,6135,11129
479,9787,4141
480,8273,4833
481,9936,2739
482,7947,2725
483,4118,6040
484,4206,5692
485,4587,3488
486,4902,802
487,5032,8116
488,3107,5216
489,4516,6533
490,6103,4923
491,9303,3074
492,5741,8943
493,2121,3720
494,4478,275
495,9507,2175
496,7105,2166
497,7003,2300
498,8524,536
499,6432,14991
500,7906,2304
501,8022,3701
502,8020,5318
503,8282,1910
504,4686,4428
505,9934,5845
506,2782,2715
507,8086,1419
508,2127,1188
509,3401,1649
510,7956,1469
511,4592,16
512,9003,2702
513,6744,3774
514,4208,4256
515,5301,1245
516,9436,5975
517,8078,12759
518,7994,3769
519,6412,3913
520,5471,1924
521,7762,1115
522,4373,3296
523,9746,4696
524,6454,4692
525,6951,5982
526,2201,3070
527,4272,1736
528,6134,3129
529,4483,1921
530,3046,8933
531,9861,1397
532,5805,10837
533,1949,6383
534,4819,1070
535,8850,8837
536,1417,4038
537,7278,5762
538,8194,3515
539,6754,1525
540,4043,6648
541,3148,4194
542,8381,1106
543,7616,514
544,6995,3445
545,4046,1932
546,1820,5340
547,2815,5832
548,6371,2927
549,2730,2774
550,7313,2497
551,1961,6555
552,9627,6089
553,6507,7651
554,9793,4480
555,6632,1373
556,7966,4582
557,6508,4544
558,2270,3748
559,1980,6955
560,8515,417
561,1941,5761
562,6960,11676
563,2659,3790
564,7148,8149
565,8133,2402
566,8628,238
567,3941,1211
568,290A,137
569,8278,2434
570,1766,17194
571,6707,4475
572,215A,1505
573,7220,2923
574,9601,4702
575,3865,1584
576,1861,5456
577,268A,1123
578,4722,2937
579,4551,3837
580,3222,863
581,7380,4203
582,4544,1774
583,3360,3001
584,7476,2300
585,4665,3456
586,3050,2572
587,9682,6681
588,9869,5924
589,4887,2424
590,8368,619
591,2001,3685
592,9031,2967
593,8848,1504
594,8050,5729
595,6807,3015
596,5191,3582
597,7458,2104
598,8130,4055
599,8698,294
600,4061,2898
601,2337,299
602,5423,2474
603,8803,3197
604,9948,3980
605,2154,2410
606,4547,4310
607,7173,5815
608,8098,4957
609,9166,619
610,6588,3199
611,7716,2130
612,8566,5517
613,4023,3836
614,8919,3553
615,6787,7917
616,8066,4429
617,6136,3031
618,8370,2094
619,6750,2646
620,1833,4188
621,6013,2253
622,1979,3184
623,7744,6265
624,2602,6550
625,4041,3714
626,4045,2067
627,7004,1251
628,5451,7836
629,3110,5332
630,7846,6910
631,7157,1524
632,9025,4550
633,1333,5355
634,7981,3378
635,8714,460
636,9974,10371
637,3765,3119
638,6925,2005
639,6457,4114
640,7242,4840
641,9505,1132
642,9509,1040
643,2124,2063
644,7630,447
645,6407,3350
646,7014,3727
647,8609,716
648,5482,10574
649,6055,2250
650,5930,2665
651,1377,4085
652,4776,6198
653,1950,3922
654,4928,5011
655,8218,5953
656,4634,5222
657,8154,4971
658,2678,1463
659,4095,2175
660,9090,1014
661,4966,13705
662,9882,2298
663,4521,3543
664,7864,4564
665,3105,1321
666,3097,3549
667,8511,833
668,5384,2408
669,7740,9508
670,6966,731
671,6622,7770
672,2317,721
673,6871,4266
674,3880,1039
675,4180,462
676,9348,40
677,7296,5331
678,4553,5175
679,7806,3464
680,7821,2680
681,8585,751
682,9075,4370
683,6736,1829
684,3543,2639
685,5857,2398
686,9830,3687
687,9956,5397
688,3778,860
689,8584,4006
690,4432,3459
691,7485,10734
692,7817,3280
693,1934,2964
694,4628,16029
695,2685,5893
696,8595,3451
697,7222,1012
698,7545,2764
699,7970,2265
700,5253,2869
701,7734,3750
702,2160,13586
703,3186,1733
704,3167,1504
705,7412,46
706,6670,2337
707,9068,10331
708,8367,3728
709,1890,1232
710,8179,1627
711,6420,4848
712,2928,132
713,2695,1695
714,3569,4024
715,9672,6966
716,4368,5016
717,7611,2582
718,4107,25840
719,3191,2499
720,4914,7965
721,5232,6307
722,9715,5192
723,8522,7182
724,8214,2251
725,1885,2241
726,7512,692
727,7389,2451
728,6395,1689
729,9678,4625
730,8276,3862
731,2379,4417
732,2692,9585
733,1835,5662
734,6523,917
735,7730,1436
736,2175,1448
737,8923,4163
738,9066,7996
739,3498,25352
740,4958,3742
741,9603,913
742,3863,1002
743,3087,3215
744,7516,8293
745,9960,5659
746,8051,1281
747,7552,6659
748,6890,4187
749,7283,3027
750,6472,247
751,6947,3504
752,1419,1178
753,2791,9334
754,8871,3416
755,6516,13162
756,9832,1999
757,7976,3217
758,8616,532
759,4694,3518
760,8153,2195
761,6315,1746
762,2281,2818
763,2767,3948
764,6651,4154
765,6036,6079
766,9757,4428
767,6703,1962
768,1515,8419
769,9708,294
770,8117,4349
771,8097,2550
772,7943,4034
773,2384,4390
774,1946,1907
775,9010,1836
776,8131,2495
777,9267,3784
778,9722,15248
779,4985,3576
780,9699,6686
781,3106,7125
782,8219,3638
783,7595,6917
784,1884,2748
785,9119,1267
786,7381,4082
787,9887,2048
788,4617,4127
789,8386,3082
790,2733,5494
791,9842,3089
792,3076,2823
793,1926,4061
794,7599,2620
795,8388,2236
796,8544,666
797,4480,1593
798,8336,2870
799,3433,3191
800,2109,4258
801,9039,4308
802,5449,3106
803,5331,6014
804,9413,4176
805,7739,3770
806,7172,2430
807,2742,7173
808,8600,538
809,1952,3406
810,4413,6902
811,8255,1577
812,5186,4867
813,4534,3678
814,7972,2741
815,6804,3108
816,9663,5348
817,167A,2863
818,8934,5648
819,9347,3020
820,3002,3755
821,6345,1579
822,8198,5409
823,9037,2344
824,5911,3539
825,1968,9747
826,5192,4057
827,5273,10343
828,5703,2552
829,9716,1029
830,9889,1717
831,8361,2017
832,6498,2116
833,4996,1414
834,4559,3113
835,6088,2346
836,8014,8047
837,5975,3671
838,2146,4660
839,8892,1265
840,7685,4129
841,6455,4140
842,2326,9973
843,2585,2453
844,8125,1930
845,4633,3611
846,7575,3001
847,3201,2258
848,8074,8894
849,4974,800
850,2004,4680
851,3993,3085
852,6458,2009
853,5842,1256
854,2590,2059
855,1879,4136
856,7226,3091
857,6590,9555
858,1821,318
859,5161,2531
860,6957,5897
861,3632,457
862,2492,147
863,1720,986
864,6379,2840
865,9070,10396
866,6183,1697
867,7177,360
868,4369,3692
869,5352,5035
870,6486,3321
871,7965,1428
872,2653,2803
873,7224,2189
874,3962,2819
875,5122,5274
876,6351,5613
877,9110,6036
878,8032,1267
879,6332,2679
880,6250,5039
881,3028,2975
882,4189,4749
883,6490,5781
884,2760,3328
885,6425,1072
886,6101,6466
887,6875,5404
888,6254,1247
889,6080,4097
890,9997,1522
891,3341,2078
892,6340,5412
893,8346,323
894,3612,5390
895,2157,2420
896,3762,1867
897,4825,3234
898,6737,2688
899,7839,3593
900,1762,4583
901,2292,3664
902,5310,6541
903,2588,5287
904,186A,49
905,7780,1324
906,4298,2924
907,6459,2116
908,4569,2042
909,5440,3351
910,4099,2573
911,7944,4194
912,6814,4797
913,5943,2137
914,3479,1469
915,4471,6924
916,4290,881
917,9552,3234
918,8057,12583
919,3465,11110
920,2329,555
921,6200,2344
922,9902,3256
923,2220,3979
924,8793,4218
925,9543,1738
926,4293,464
927,6284,8086
928,7513,1168
929,6727,1476
930,4919,3181
931,6366,356
932,2168,2450
933,3480,4832
934,7483,4049
935,7287,2096
936,4975,7810
937,2353,358
938,4071,4352
939,8244,1211
940,3101,995
941,6866,11008
942,7456,6403
943,6996,1483
944,7199,1566
945,7250,2568
946,8360,2407
947,1871,2172
948,1982,4762
949,9692,2968
950,5351,3149
951,5595,159
952,5715,3104
953,6376,2343
954,9729,3301
955,8016,860
956,7979,2147
957,6810,2665
958,4326,1483
959,4849,926
960,9551,2568
961,5011,3166
962,3964,2628
963,9828,8191
964,4565,485
965,3608,1438
966,1882,1648
967,6474,4133
968,4956,1966
969,7421,397
970,1870,2466
971,4216,6162
972,8771,1609
973,2117,3067
974,5727,646
975,3001,2424
976,3445,6353
977,9824,7706
978,2805,4646
979,1663,4690
980,8059,4165
981,7917,6766
982,3636,5613
983,7433,3606
984,5970,3325
985,8818,1336
986,1822,792
987,4044,4412
988,6929,3949
989,6104,3895
990,3302,3164
991,3156,3829
992,6349,2267
993,5195,2789
994,7818,4506
995,8037,4805
996,7130,5857
997,8132,5347
998,7322,2792
999,9621,4336
1000,4746,5990
1001,3034,5054
1002,4028,3732
1003,4384,534
1004,6196,13235
1005,4419,418
1006,9247,4454
1007,6652,2140
1008,6027,1568
1009,6413,1197
1010,9279,3501
1011,6745,4988
1012,3733,28360
1013,2003,7807
1014,7241,1798
1015,8337,1062
1016,7868,692
1017,5851,3241
1018,8877,10925
1019,8079,3304
1020,5988,2225
1021,1976,2196
1022,6278,6180
1023,8043,2108
1024,1965,6517
1025,9536,2558
1026,8160,1277
1027,3661,2456
1028,7958,3497
1029,7826,5889
1030,5036,2133
1031,4687,1822
1032,6463,2676
1033,247A,9197
1034,3687,1860
1035,9474,1060
1036,1723,9576
1037,2613,3616
1038,3668,552
1039,9790,5817
1040,6282,3282
1041,6287,4309
1042,6209,4443
1043,1407,3557
1044,4549,1315
1045,7915,1765
1046,2681,2763
1047,1518,8209
1048,7931,5147
1049,3854,6188
1050,299A,1729
1051,7447,1995
1052,8159,4253
1053,2752,232
1054,7292,10559
1055,9755,3271
1056,5602,7501
1057,3539,5574
1058,4431,2303
1059,2664,4958
1060,8841,960
1061,6235,2677
1062,1939,1856
1063,2931,165
1064,3491,877
1065,4886,2856
1066,7606,4519
1067,7279,1874
1068,9517,997
1069,6740,1
1070,7085,1084
1071,2208,3037
1072,7184,860
1073,2211,2003
1074,9519,790
1075,4008,8391
1076,5535,273
1077,4997,1080
1078,6908,3573
1079,3443,6334
1080,4481,9970
1081,4848,4354
1082,277A,2364
1083,6741,2021
1084,5946,2832
1085,8167,2431
1086,7350,2592
1087,1852,872
1088,7508,2702
1089,7388,7399
1090,8173,2882
1091,3950,5959
1092,6859,5268
1093,4674,2656
1094,3673,232
1095,4917,1540
1096,1975,3561
1097,8237,758
1098,4526,3753
1099,1799,5090
1100,9310,1598
1101,8200,652
1102,2216,4653
1103,6564,2734
1104,5480,9673
1105,7239,3374
1106,3836,2559
1107,4097,1567
1108,6258,3008
1109,4765,429
1110,6946,2632
1111,2698,703
1112,5889,4052
1113,2734,1313
1114,8613,765
1115,7593,786
1116,4212,3113
1117,7088,2041
1118,3182,1843
1119,3593,3270
1120,9823,8437
1121,6277,5460
1122,6381,2085
1123,9304,4445
1124,9416,2701
1125,5726,1076
1126,4552,295
1127,4365,46746
1128,1379,1821
1129,3151,1710
1130,7860,963
1131,6914,2631
1132,8897,686
1133,2170,1245
1134,7942,2989
1135,4116,5429
1136,3371,3631
1137,3395,2109
1138,6877,7434
1139,3844,2683
1140,6237,3953
1141,3817,9689
1142,9661,631
1143,5290,3455
1144,8084,3685
1145,9164,615
1146,5410,7289
1147,219A,223
1148,2980,3010
1149,197A,1759
1150,6517,4937
1151,6226,5049
1152,3104,8183
1153,6118,1463
1154,9324,2499
1155,5982,5285
1156,3091,2991
1157,4187,3389
1158,8393,2974
1159,2395,1503
1160,7128,2820
1161,3150,7100
1162,9733,2620
1163,4220,2291
1164,3399,11322
1165,6638,3821
1166,8914,2315
1167,9946,847
1168,7613,1857
1169,3663,2150
1170,7995,4690
1171,9900,948
1172,3825,2493
1173,8281,2087
1174,7718,2400
1175,8061,6024
1176,1921,1608
1177,1301,11121
1178,6364,3140
1179,4832,2594
1180,9305,4160
1181,4435,250
1182,3036,2741
1183,7721,2767
1184,8343,2304
1185,3328,2547
1186,6697,1255
1187,6363,2348
1188,5461,3041
1189,8075,3636
1190,3299,5999
1191,3978,2038
1192,2749,1030
1193,1898,1737
1194,8508,512
1195,8392,2368
1196,4343,3463
1197,3496,12834
1198,4894,547
1199,4362,3194
1200,7231,3173
1201,3010,106
1202,2874,1044
1203,4828,9830
1204,6777,12347
1205,9357,2687
1206,9743,1620
1207,9028,8637
1208,9928,3219
1209,4477,90
1210,7504,3099
1211,262A,2975
1212,3093,3848
1213,2226,4738
1214,319A,1151
1215,8163,694
1216,3458,2344
1217,9534,1780
1218,5445,20136
1219,8345,2784
1220,5184,9291
1221,6620,561
1222,7246,932
1223,6333,4187
1224,4417,8333
1225,3232,826
1226,4047,1114
1227,3198,1890
1228,2790,2400
1229,4221,5836
1230,8715,449
1231,8707,3892
1232,1786,408
1233,4820,578
1234,7803,686
1235,1888,4888
1236,9511,1080
1237,3431,1735
1238,6099,1500
1239,3679,921
1240,6419,9450
1241,4475,1229
1242,2908,2046
1243,7408,1670
1244,3245,4131
1245,9369,1815
1246,4931,3511
1247,4449,569
1248,7366,1637
1249,6630,398
1250,3540,1061
1251,8399,885
1252,5302,7166
1253,4719,4896
1254,8739,2881
1255,2288,3061
1256,7745,4698
1257,4971,4369
1258,6524,2984
1259,4323,2184
1260,4641,4815
1261,2986,13833
1262,4109,4410
1263,8929,2437
1264,5208,1720
1265,8387,1009
1266,9438,598
1267,6937,1648
1268,3252,4220
1269,3133,17
1270,3196,2152
1271,7874,1044
1272,7990,3352
1273,9052,2180
1274,6941,5942
1275,8706,1486
1276,4246,1228
1277,8344,1477
1278,2053,2366
1279,6905,1152
1280,9081,4405
1281,4337,960
1282,6644,1481
1283,2792,4190
1284,9467,2439
1285,6023,2076
1286,8157,4304
1287,6339,1242
1288,3983,3787
1289,7921,4794
1290,9274,1213
1291,3946,5509
1292,7071,1107
1293,6143,1300
1294,4165,498
1295,4078,5005
1296,6309,2072
1297,7840,1566
1298,2573,2930
1299,6240,549
1300,7352,329
1301,1929,1401
1302,9639,4886
1303,3932,3814
1304,7383,209
1305,6623,9535
1306,8052,4000
1307,3482,8426
1308,2594,1065
1309,4923,978
1310,6718,4724
1311,1938,3061
1312,6058,3035
1313,7384,1401
1314,1375,874
1315,4718,2948
1316,9632,5064
1317,1899,7848
1318,7095,6860
1319,3284,2323
1320,6078,605
1321,6331,4185
1322,2938,1919
1323,7522,1423
1324,9539,1819
1325,9470,1740
1326,6820,5135
1327,5949,1325
1328,4375,123
1329,2325,4321
1330,5992,2448
1331,3708,5958
1332,9381,3235
1333,1967,2310
1334,3176,3116
1335,5262,1900
1336,8844,2555
1337,2751,4488
1338,3561,1791
1339,5202,568
1340,7679,3391
1341,5304,4071
1342,7914,1714
1343,4218,2014
1344,2540,2767
1345,287A,1503
1346,1815,3401
1347,4714,269
1348,4051,4077
1349,8185,1420
1350,6834,4823
1351,6197,722
1352,7059,4671
1353,2910,1078
1354,8935,3633
1355,6062,1908
1356,2918,3654
1357,2268,3102
1358,3660,419
1359,4318,4052
1360,6289,1560
1361,1514,376
1362,6328,4767
1363,8362,1476
1364,147A,220
1365,9384,5996
1366,3692,2291
1367,4619,3134
1368,7607,3743
1369,9991,2430
1370,8541,899
1371,4685,11022
1372,9739,4547
1373,286A,687
1374,8708,1177
1375,2998,2563
1376,7949,3251
1377,350A,0
1378,6330,772
1379,2429,4636
1380,1945,1794
1381,3688,1036
1382,4094,2335
1383,9932,2275
1384,2737,9949
1385,9619,3933
1386,2705,3629
1387,9795,3510
1388,5702,1248
1389,1887,632
1390,9837,1719
1391,3791,1227
1392,2923,5171
1393,3916,4226
1394,8699,1080
1395,7033,5314
1396,7244,775
1397,8008,1826
1398,3153,3078
1399,8217,1316
1400,7609,7009
1401,6768,705
1402,5959,1416
1403,2676,2845
1404,4548,858
1405,7749,4494
1406,255A,6968
1407,5038,3254
1408,4970,3819
1409,3183,1186
1410,4658,1499
1411,4743,2589
1412,4593,12
1413,2217,886
1414,4377,2405
1415,2475,2884
1416,8864,1122
1417,7280,1461
1418,9368,1516
1419,6140,1113
1420,256A,2812
1421,8137,3119
1422,8005,2143
1423,7229,4240
1424,3475,3246
1425,7438,2125
1426,8550,253
1427,9284,0
1428,3915,1786
1429,4771,3534
1430,6480,630
1431,9441,2796
1432,6617,4586
1433,5408,962
1434,2060,1908
1435,3333,2840
1436,9740,3764
1437,2221,3925
1438,5989,4800
1439,2820,2769
1440,7937,3844
1441,6879,621
1442,5464,1737
1443,4464,2876
1444,2305,2201
1445,7715,4265
1446,7605,5029
1447,7414,2116
1448,3139,4614
1449,166A,1901
1450,8275,1901
1451,5288,1906
1452,8081,2892
1453,9856,3360
1454,8395,1857
1455,8011,4078
1456,5563,374
1457,4393,12615
1458,2207,2683
1459,4725,1788
1460,8142,9623
1461,1869,2483
1462,341A,641
1463,6625,134
1464,9629,1643
1465,6247,2015
1466,9896,2423
1467,9742,2460
1468,6637,5610
1469,4709,3903
1470,3486,5227
1471,9942,1181
1472,7596,1949
1473,2763,3999
1474,4249,4217
1475,1813,2979
1476,3193,4207
1477,4763,3996
1478,4611,1844
1479,2612,4946
1480,5659,1457
1481,4345,1510
1482,6809,2052
1483,8151,1452
1484,6547,8147
1485,5121,3517
1486,7198,643
1487,1810,1840
1488,5541,2220
1489,4992,2700
1490,6231,17476
1491,7723,4193
1492,1930,1939
1493,9628,2662
1494,4461,6419
1495,2209,2927
1496,2148,1906
1497,5976,1553
1498,6223,2104
1499,3798,10275
1500,3694,410
1501,6817,1459
1502,6788,5980
1503,6145,1917
1504,8614,310
1505,7467,6623
1506,2108,3022
1507,8622,566
1508,4259,60
1509,2975,1228
1510,4826,489
1511,3922,6850
1512,4813,0
1513,6430,4835
1514,4951,1793
1515,9338,3132
1516,7500,14141
1517,6272,2251
1518,5027,251
1519,6535,1012
1520,2902,4922
1521,7989,3334
1522,3199,1869
1523,2669,4218
1524,4554,2076
1525,6676,3465
1526,9204,347
1527,7769,3111
1528,8141,1251
1529,8065,2853
1530,1811,4719
1531,176A,2287
1532,3763,3638
1533,9158,1737
1534,2393,2044
1535,4792,2909
1536,4390,4441
1537,3546,1398
1538,6222,1203
1539,4577,2983
1540,5757,10137
1541,2831,4484
1542,3771,3634
1543,1793,1661
1544,6742,850
1545,5254,1998
1546,3580,1005
1547,9726,2697
1548,2915,3850
1549,6151,2519
1550,2780,7778
1551,7373,4203
1552,6794,2596
1553,6823,4992
1554,2498,7026
1555,6071,1299
1556,3159,463
1557,7102,3639
1558,6249,5297
1559,2753,1959
1560,7326,3492
1561,2533,678
1562,2294,2596
1563,336A,265
1564,4439,3456
1565,8038,11043
1566,4462,3865
1567,4933,4059
1568,9308,955
1569,9640,1753
1570,2418,1665
1571,4310,1242
1572,3843,3169
1573,6418,889
1574,4847,1217
1575,2462,2671
1576,6030,3735
1577,3864,980
1578,6932,4437
1579,3984,2267
1580,6369,5757
1581,9600,2079
1582,7717,4668
1583,6824,5797
1584,9622,1914
1585,1909,10995
1586,7510,2846
1587,7893,1281
1588,6144,2780
1589,4595,4505
1590,6800,2311
1591,8704,1952
1592,2150,915
1593,6411,7658
1594,4301,2038
1595,9273,1609
1596,7932,15609
1597,5261,5282
1598,5834,8397
1599,2461,354
1600,7420,2540
1601,9405,945
1602,3655,1636
1603,5013,4326
1604,6999,990
1605,6915,5085
1606,3221,4246
1607,8291,1003
1608,261A,2299
1609,6016,13180
1610,7844,471
1611,5592,3006
1612,1964,4928
1613,3271,1363
1614,4839,1454
1615,6266,4343
1616,9286,0
1617,4027,1833
1618,7185,3382
1619,5185,3536
1620,4072,3132
1621,9994,5927
1622,7520,6676
1623,7675,3723
1624,7925,2872
1625,2929,849
1626,250A,3556
1627,7463,1342
1628,9319,2270
1629,4801,2694
1630,5574,584
1631,2114,1621
1632,8103,1135
1633,8596,1887
1634,2484,217
1635,208A,3348
1636,7245,1081
1637,6357,3169
1638,4275,1853
1639,212A,3926
1640,6279,965
1641,3421,2366
1642,3989,2322
1643,7638,3715
1644,7238,113
1645,4058,3136
1646,2349,4139
1647,8713,1463
1648,6855,3602
1649,6306,957
1650,7570,1934
1651,5909,1338
1652,3901,4270
1653,3355,2800
1654,2936,32
1655,3548,628
1656,7760,1443
1657,7971,859
1658,6485,1987
1659,3678,1692
1660,9955,3157
1661,4025,3698
1662,7683,2259
1663,9211,1831
1664,6125,8188
1665,7475,3996
1666,8558,626
1667,9278,2030
1668,2471,358
1669,9788,797
1670,2153,3344
1671,2922,1947
1672,5218,1523
1673,5357,2822
1674,6238,1524
1675,8301,0
1676,8624,926
1677,3457,1711
1678,9035,1052
1679,8101,2674
1680,6677,4821
1681,7092,3202
1682,7537,1568
1683,1827,1334
1684,4499,494
1685,7525,5931
1686,7637,3526
1687,7482,2288
1688,9424,49
1689,7236,7520
1690,9168,1885
1691,2359,3600
1692,3835,938
1693,6405,2203
1694,2491,812
1695,6070,3192
1696,6489,3079
1697,2158,224
1698,9990,1881
1699,3952,2341
1700,4396,3734
1701,7628,3115
1702,7814,529
1703,5210,4001
1704,6137,3027
1705,5243,105
1706,3315,100
1707,3597,13194
1708,7962,639
1709,4972,4570
1710,7955,1056
1711,3452,2942
1712,6785,3440
1713,2674,3741
1714,4022,7725
1715,3073,3106
1716,325A,6683
1717,7823,1000
1718,8860,1162
1719,1429,1443
1720,2266,1159
1721,6675,7240
1722,7779,150
1723,3040,1432
1724,1904,5412
1725,296A,1149
1726,8018,987
1727,9644,742
1728,3741,6313
1729,9908,4084
1730,9769,5630
1731,9696,1854
1732,2933,1848
1733,6627,6560
1734,9216,1335
1735,9979,576
1736,9556,6926
1737,1780,3730
1738,2301,4467
1739,2819,2854
1740,6310,1005
1741,4783,6703
1742,2198,765
1743,3205,269
1744,9535,382
1745,7480,1830
1746,4112,2569
1747,7115,1707
1748,9386,3145
1749,3903,270
1750,3393,6192
1751,3788,1419
1752,7187,4609
1753,6050,2380
1754,3178,552
1755,8007,1575
1756,4979,3576
1757,2882,1042
1758,6539,1158
1759,7047,4481
1760,2804,1172
1761,4333,1349
1762,5902,3023
1763,7774,122
1764,2338,3
1765,9906,7733
1766,2884,1054
1767,5363,965
1768,8920,1718
1769,8881,598
1770,4671,3220
1771,202A,4184
1772,5246,69
1773,1972,11632
1774,3449,1517
1775,8551,2700
1776,5632,2756
1777,9850,398
1778,9658,4245
1779,9268,361
1780,8158,1270
1781,7952,3124
1782,8772,1335
1783,8139,675
1784,4344,44
1785,2497,443
1786,6958,445
1787,4968,1397
1788,8928,4569
1789,2477,4434
1790,1828,4513
1791,8203,1289
1792,3179,2721
1793,5139,880
1794,6997,1844
1795,8228,1161
1796,7305,7640
1797,4575,112
1798,7678,1230
1799,4659,4166
1800,2932,2900
1801,9913,2417
1802,5337,197
1803,6040,549
1804,7294,1149
1805,3921,3003
1806,5845,1484
1807,3388,3636
1808,6061,9195
1809,4563,7
1810,1866,8102
1811,1814,3335
1812,1736,2610
1813,5821,3117
1814,7466,4133
1815,5017,334
1816,6245,1982
1817,3696,3544
1818,9115,545
1819,135A,2956
1820,3154,717
1821,6626,3524
1822,6584,989
1823,4371,3473
1824,9377,1594
1825,6257,1973
1826,6199,3304
1827,6482,1086
1828,2830,1318
1829,3925,3211
1830,2120,303
1831,7856,2383
1832,5074,298
1833,4498,2955
1834,1847,8104
1835,6445,1952
1836,6191,523
1837,2009,1285
1838,9083,6827
1839,2469,4555
1840,6089,1029
1841,3662,629
1842,5957,1204
1843,8869,1442
1844,9845,1887
1845,6986,520
1846,8789,208
1847,9332,1655
1848,3276,2367
1849,6076,3265
1850,9057,5297
1851,9287,0
1852,4463,2654
1853,3075,1633
1854,5132,2175
1855,7820,1300
1856,6832,2479
1857,8285,538
1858,3489,9882
1859,9163,5207
1860,3877,3036
1861,6763,2996
1862,2389,1290
1863,9768,6322
1864,2163,3827
1865,2930,93
1866,3134,1629
1867,7621,1564
1868,6844,2238
1869,3180,1975
1870,6565,4493
1871,4258,1930
1872,6387,3925
1873,5981,2622
1874,3992,726
1875,3772,1740
1876,9233,1781
1877,4053,551
1878,7191,2286
1879,6961,6263
1880,4538,3529
1881,7554,661
1882,4599,105
1883,3939,710
1884,8338,190
1885,7094,2408
1886,4662,2343
1887,9687,5887
1888,5621,2497
1889,4410,1186
1890,4229,4606
1891,8089,2038
1892,6246,3085
1893,8070,904
1894,3565,2355
1895,5932,392
1896,3947,3524
1897,6874,9738
1898,5933,1773
1899,3773,1548
1900,7030,996
1901,3676,1696
1902,5015,941
1903,4448,60
1904,9709,1846
1905,3649,1120
1906,3068,1279
1907,7888,1492
1908,4493,1759
1909,5588,257
1910,2378,590
1911,9029,2926
1912,5945,3256
1913,6850,4097
1914,6470,919
1915,1712,1647
1916,1948,4349
1917,3834,1429
1918,3055,1108
1919,3553,897
1920,3611,4050
1921,3951,1383
1922,2204,3504
1923,9229,159
1924,8095,566
1925,7460,4342
1926,4434,1717
1927,2700,31982
1928,4809,3009
1929,8029,3884
1930,7320,2272
1931,8006,7238
1932,3837,1884
1933,9033,732
1934,165A,348
1935,6184,549
1936,2374,931
1937,9046,2174
1938,9359,1366
1939,6365,9249
1940,3891,3039
1941,4998,1867
1942,5142,1608
1943,7776,38
1944,4668,773
1945,6227,2502
1946,8091,4219
1947,5589,4238
1948,8093,2224
1949,6037,1840
1950,7481,5866
1951,3914,1194
1952,6572,187
1953,9880,2280
1954,9402,731
1955,218A,22
1956,4251,2498
1957,5586,229
1958,3166,1759
1959,7377,3319
1960,276A,3337
1961,2185,2734
1962,9537,5224
1963,3501,1848
1964,4013,721
1965,9059,1939
1966,3031,806
1967,6382,2298
1968,6653,2505
1969,6232,20
1970,6835,322
1971,4092,2634
1972,3712,8465
1973,5852,829
1974,8041,6798
1975,9704,21
1976,6157,1039
1977,1826,930
1978,9996,3137
1979,4192,53
1980,1381,4198
1981,6562,2969
1982,2415,3908
1983,4745,416
1984,2694,27
1985,4889,108
1986,6358,2964
1987,4973,2241
1988,3329,1690
1989,9782,3416
1990,2924,4829
1991,6643,9553
1992,4433,1302
1993,9799,1530
1994,1376,2034
1995,3484,1187
1996,338A,1566
1997,4113,2021
1998,4994,4021
1999,1832,1806
2000,5269,349
2001,3900,1183
2002,5078,9279
2003,6469,679
2004,9450,1239
2005,6194,1865
2006,7562,4762
2007,4404,2535
2008,7871,1413
2009,3968,439
2010,6378,1496
2011,3529,1486
2012,4064,3484
2013,9145,6161
2014,6255,1255
2015,6083,4950
2016,6927,942
2017,6706,2499
2018,6566,1904
2019,9414,1731
2020,3242,580
2021,1431,373
2022,3361,1908
2023,2340,485
2024,8076,3294
2025,297A,302
2026,7643,1735
2027,6293,954
2028,3526,5239
2029,9765,1498
2030,8364,1097
2031,3793,356
2032,8737,1100
2033,1491,30
2034,6264,1512
2035,5585,1206
2036,9702,2559
2037,2307,2485
2038,7699,1974
2039,3850,2577
2040,6073,1648
2041,5285,5354
2042,2335,1595
2043,7266,945
2044,2130,0
2045,3926,112
2046,6848,1156
2047,6540,2409
2048,4382,362
2049,8931,2337
2050,5484,3419
2051,2445,381
2052,6962,636
2053,6086,1845
2054,190A,38
2055,6779,995
2056,8085,7303
2057,8999,640
2058,4409,810
2059,6464,466
2060,7488,4690
2061,5892,1432
2062,3902,2280
2063,6484,4636
2064,7539,1269
2065,9248,2631
2066,4082,743
2067,6095,471
2068,5918,7897
2069,5922,24366
2070,6521,321
2071,4231,1150
2072,146A,11476
2073,3648,1549
2074,6035,873
2075,7777,15
2076,9312,5835
2077,6678,2956
2078,6298,1020
2079,7347,2443
2080,1716,3328
2081,6619,362
2082,7811,3798
2083,6571,1387
2084,8202,174
2085,7487,1767
2086,5941,4146
2087,1726,421
2088,4414,6210
2089,3140,280
2090,7417,2698
2091,6319,562
2092,9027,8004
2093,6989,2725
2094,7849,12107
2095,3417,1977
2096,6294,3342
2097,5658,325
2098,3023,2939
2099,7600,944
2100,4761,1946
2101,1981,1909
2102,4228,372
2103,2892,5117
2104,4978,76
2105,2193,153
2106,3300,4733
2107,5698,528
2108,6390,1293
2109,4977,2597
2110,1777,3706
2111,3905,95
2112,6047,425
2113,7455,423
2114,9251,1550
2115,9651,1741
2116,3157,1782
2117,4712,982
2118,2806,2721
2119,4691,1609
2120,6262,907
2121,5136,557
2122,4482,1568
2123,2904,826
2124,9713,1162
2125,6561,2735
2126,2814,1896
2127,6853,739
2128,4222,367
2129,4767,800
2130,7472,6281
2131,8023,2330
2132,2152,1540
2133,8908,1404
2134,5280,7125
2135,2982,729
2136,7299,3017
2137,6167,905
2138,9857,5404
2139,3454,1483
2140,9986,3057
2141,1435,178
2142,4620,606
2143,9686,2331
2144,7317,1636
2145,5137,749
2146,7634,8811
2147,3800,2091
2148,4299,2296
2149,8917,1357
2150,9171,2070
2151,9560,1962
2152,9982,2287
2153,7378,4558
2154,6797,2751
2155,8118,1328
2156,3558,1940
2157,7743,569
2158,2901,93
2159,4080,362
2160,3675,2725
2161,2440,64
2162,2816,883
2163,9612,1029
2164,2970,10512
2165,3504,1033
2166,8542,824
2167,6994,710
2168,8030,6316
2169,6224,2177
2170,3562,2850
2171,6648,10209
2172,7686,296
2173,4169,75
2174,1770,3035
2175,4425,222
2176,2991,3977
2177,2428,816
2178,4418,420
2179,7987,1043
2180,2937,1202
2181,8107,4
2182,9249,1009
2183,5388,2231
2184,4574,116
2185,3683,2023
2186,6798,2777
2187,4588,62
2188,9399,0
2189,4350,879
2190,8537,813
2191,6574,1858
2192,7692,10
2193,1776,1218
2194,4651,500
2195,7725,1712
2196,6955,422
2197,4054,1167
2198,9701,4119
2199,9272,5033
2200,3924,1979
2201,9341,1261
2202,4579,178
2203,9257,579
2204,3963,428
2205,9049,11584
2206,8165,169
2207,4465,3033
2208,1914,1212
2209,6444,108
2210,9307,1136
2211,1873,554
2212,3547,2103
2213,6087,2544
2214,4880,312
2215,3657,356
2216,7775,424
2217,9564,680
2218,7809,2862
2219,5258,200
2220,1384,3506
2221,3937,1765
2222,1960,1485
2223,5079,2626
2224,3418,883
2225,9221,1484
2226,3053,41
2227,6373,1289
2228,7068,1780
2229,2689,3199
2230,6317,1768
2231,6505,1961
2232,4011,1511
2233,9993,1283
2234,264A,217
2235,1787,6937
2236,2903,2297
2237,7991,3952
2238,5965,3009
2239,9275,4786
2240,8918,8
2241,2169,3201
2242,5958,8600
2243,6210,625
2244,1867,3720
2245,9270,702
2246,6203,1496
2247,7096,453
2248,7999,4657
2249,6312,1040
2250,7358,2134
2251,3911,864
2252,2597,424
2253,6496,5531
2254,9034,2691
2255,2818,687
2256,5967,676
2257,5816,1995
2258,4331,1330
2259,9731,7308
2260,3109,1266
2261,7505,3641
2262,5590,268
2263,7081,2515
2264,6616,1170
2265,4888,66
2266,4772,52
2267,4488,1435
2268,3544,718
2269,4376,155
2270,3991,3274
2271,2927,1419
2272,3665,253
2273,2586,66
2274,3640,13607
2275,6392,11228
2276,4093,667
2277,4026,2777
2278,8383,867
2279,5248,706
2280,9818,2336
2281,3415,563
2282,4347,1722
2283,2686,14
2284,7792,4521
2285,6918,3260
2286,5284,8274
2287,9067,600
2288,7636,1470
2289,7212,621
2290,2489,251
2291,5888,7720
2292,2935,1537
2293,2354,1245
2294,4238,2524
2295,3804,2072
2296,3695,288
2297,4811,4063
2298,8783,75
2299,5194,725
2300,1430,2195
2301,8898,1802
2302,5582,1277
2303,6863,3749
2304,6228,715
2305,4015,357
2306,3723,1772
2307,7133,3722
2308,9408,3269
2309,7450,543
2310,9636,882
2311,3856,1158
2312,2883,2196
2313,7048,112
2314,1450,2982
2315,3823,11
2316,3175,1
2317,2107,1887
2318,6715,2627
2319,3096,2433
2320,1433,1955
2321,9343,9572
2322,6882,1287
2323,5729,20650
2324,6322,3164
2325,7646,2847
2326,5018,2238
2327,7559,2774
2328,7521,2269
2329,7354,428
2330,5591,706
2331,7879,816
2332,4367,3150
2333,8904,1080
2334,6613,100
2335,5942,731
2336,1966,3012
2337,7119,1412
2338,4193,2987
2339,9846,2043
2340,5216,60
2341,3189,32
2342,3918,2840
2343,7711,2535
2344,6291,1756
2345,7885,1180
2346,9554,2208
2347,4320,1210
2348,4235,1461
2349,5885,2253
2350,4346,748
2351,2224,532
2352,6730,1409
2353,7908,427
2354,4304,1008
2355,1892,11671
2356,4267,797
2357,4512,260
2358,4762,3605
2359,8207,67
2360,4635,6193
2361,9325,3178
2362,6082,968
2363,7122,1746
2364,6393,4264
2365,4627,2594
2366,5869,2380
2367,7927,3676
2368,5921,6518
2369,4932,2623
2370,5951,1164
2371,5572,780
2372,2344,1641
2373,2485,752
2374,4800,2083
2375,6912,3699
2376,7416,940
2377,2652,818
2378,3542,1507
2379,9763,5953
2380,3969,2662
2381,2813,7196
2382,6149,4984
2383,9085,7545
2384,3943,2255
2385,7702,394
2386,4248,1073
2387,3538,2517
2388,3094,77
2389,9691,7205
2390,4056,73
2391,9890,2721
2392,3467,4009
2393,3979,1766
2394,1717,1601
2395,4936,257
2396,7794,178
2397,5721,16
2398,4389,3288
2399,8927,702
2400,9351,2075
2401,7444,3707
2402,8046,4270
2403,2162,568
2404,5955,71
2405,6440,323
2406,7514,1072
2407,8152,16183
2408,339A,3978
2409,5891,2318
2410,5819,3316
2411,5071,3640
2412,6668,2241
2413,5532,1038
2414,8190,772
2415,9306,2527
2416,8945,911
2417,4420,711
2418,3434,1453
2419,4168,945
2420,9407,4949
2421,7110,1570
2422,5204,4275
2423,4583,19
2424,3347,859
2425,7218,1490
2426,7614,3191
2427,8349,975
2428,6165,563
2429,3447,1268
2430,5009,1379
2431,4237,266
2432,5244,1084
2433,3082,1028
2434,9950,1678
2435,4263,215
2436,4875,0
2437,7061,2483
2438,7822,208
2439,5237,1854
2440,9553,138
2441,9074,4785
2442,254A,3005
2443,3777,10
2444,9904,413
2445,7445,10
2446,3934,2977
2447,3277,2035
2448,3420,2397
2449,7713,2793
2450,1853,419
2451,7318,3629
2452,7097,2049
2453,7247,305
2454,7441,2295
2455,9753,2805
2456,4441,1548
2457,4890,100
2458,206A,63
2459,6904,444
2460,5570,1052
2461,3955,1641
2462,9252,4463
2463,4264,761
2464,7841,2063
2465,6159,3077
2466,2798,1982
2467,6870,2009
2468,9428,3428
2469,5356,2211
2470,6919,1891
2471,6928,2373
2472,7551,1498
2473,4284,574
2474,7523,2349
2475,4644,1379
2476,2764,55
2477,6864,1717
2478,6560,4145
2479,6769,794
2480,6239,3606
2481,4495,2673
2482,1807,2406
2483,3321,2931
2484,7610,195
2485,6615,444
2486,8769,1045
2487,9245,1969
2488,8289,519
2489,3030,389
2490,3294,3316
2491,5984,893
2492,2735,1067
2493,6488,1782
2494,7727,821
2495,4308,550
2496,7682,922
2497,8150,3703
2498,5985,566
2499,4286,808
2500,9162,333
2501,5644,6716
2502,2410,7441
2503,3079,684
2504,7374,4404
2505,4479,388
2506,5871,1848
2507,7670,1471
2508,2907,2851
2509,4245,746
2510,6230,5608
2511,6554,1918
2512,6772,8902
2513,1436,1378
2514,4571,29
2515,7273,7152
2516,4055,1970
2517,7561,860
2518,6580,2324
2519,6316,3166
2520,4838,901
2521,153A,537
2522,6337,2086
2523,5282,398
2524,2112,958
2525,9193,1249
2526,1850,795
2527,8705,127
2528,9380,474
2529,6094,416
2530,8563,664
2531,2981,10730
2532,3435,2180
2533,6819,1157
2534,4896,142
2535,2877,1054
2536,3121,98
2537,2978,140
2538,7254,618
2539,4356,2300
2540,4019,148
2541,5129,424
2542,3080,716
2543,3392,933
2544,8039,2553
2545,9698,1991
2546,3103,438
2547,6161,2633
2548,4442,387
2549,5940,1267
2550,3135,1341
2551,7228,10102
2552,5391,2638
2553,5187,1925
2554,3776,132
2555,4176,92
2556,3063,216
2557,2993,2319
2558,6743,737
2559,6176,1481
2560,6557,577
2561,5707,1823
2562,9558,5680
2563,7161,233
2564,2315,21
2565,177A,2898
2566,6208,1162
2567,3160,456
2568,2934,275
2569,3571,890
2570,9959,1114
2571,4957,1858
2572,4524,3135
2573,3020,13710
2574,9322,1728
2575,6045,2438
2576,3853,674
2577,7022,270
2578,9206,6401
2579,4040,9688
2580,4412,124
2581,4175,764
2582,7196,1251
2583,5034,841
2584,9360,8472
2585,7038,578
2586,5368,1913
2587,4436,27
2588,6658,1219
2589,5026,179
2590,6493,362
2591,4374,1776
2592,9888,1336
2593,7386,2925
2594,4430,2949
2595,9980,154
2596,8365,1396
2597,6338,3008
2598,4582,49
2599,7134,2914
2600,7781,2337
2601,2173,1768
2602,7018,4397
2603,2391,1114
2604,7963,2843
2605,9285,0
2606,7486,1037
2607,6384,1955
2608,7235,1766
2609,2551,2951
2610,7050,3580
2611,3633,1672
2612,4074,1446
2613,3353,5187
2614,1798,10746
2615,9633,1264
2616,1848,693
2617,6533,957
2618,6180,7995
2619,6403,3874
2620,6018,3749
2621,2769,377
2622,2916,1007
2623,7082,2893
2624,8940,1732
2625,3954,2649
2626,9262,1148
2627,9445,1047
2628,2668,1421
2629,9664,684
2630,8747,2184
2631,8135,733
2632,9311,9464
2633,7277,385
2634,8119,1603
2635,4935,394
2636,3912,3234
2637,7367,763
2638,4392,352
2639,9246,266
2640,2370,13
2641,4031,912
2642,7674,651
2643,7227,2925
2644,3319,1
2645,2919,4740
2646,160A,3966
2647,3512,631
2648,6492,7353
2649,4934,553
2650,9723,330
2651,3981,3848
2652,9017,3159
2653,7409,1500
2654,4892,219
2655,8398,901
2656,6026,28993
2657,7435,1153
2658,7898,644
2659,8894,72
2660,7938,2921
2661,7494,316
2662,9235,41
2663,3069,154
2664,2134,10
2665,4262,2602
2666,3320,1877
2667,9160,502
2668,6568,1614
2669,8104,817
2670,7875,0
2671,3423,265
2672,151A,1667
2673,7819,925
2674,4490,859
2675,6748,1307
2676,6156,1282
2677,7673,1974
2678,3513,2166
2679,2983,4178
2680,5660,1568
2681,3168,425
2682,8562,173
2683,5607,940
2684,1420,1450
2685,241A,7
2686,4769,979
2687,4667,1435
2688,6044,2215
2689,5268,830
2690,7442,469
2691,2180,1929
2692,9218,1721
2693,3641,946
2694,8416,408
2695,5971,9612
2696,2438,495
2697,9791,1815
2698,3698,1314
2699,8208,793
2700,6612,359
2701,9872,1369
2702,4584,19
2703,7368,2523
2704,9130,989
2705,9223,193
2706,7604,404
2707,2397,93
2708,3541,101
2709,6356,2187
2710,7590,565
2711,8127,510
2712,1783,39
2713,5029,1536
2714,3892,3220
2715,9475,548
2716,5915,1475
2717,9227,47
2718,9514,449
2719,7608,2723
2720,7371,942
2721,6091,1284
2722,7434,3004
2723,3497,1966
2724,3840,26
2725,9761,3501
2726,9471,1889
2727,6930,1163
2728,4476,1652
2729,4845,316
2730,4642,1480
2731,2332,3166
2732,3560,4457
2733,4317,979
2734,3799,1760
2735,3004,4310
2736,7795,248
2737,7624,201
2738,7698,1365
2739,5923,1269
2740,5381,792
2741,2186,1127
2742,6497,1988
2743,5259,673
2744,2708,4984
2745,9720,2085
2746,2436,2630
2747,4406,244
2748,6039,3162
2749,2750,1775
2750,2303,3447
2751,6346,8294
2752,4397,91
2753,8144,1717
2754,3187,112
2755,2138,585
2756,6069,2578
2757,6428,381
2758,9927,1192
2759,1905,1890
2760,7079,8106
2761,4224,2655
2762,156A,2428
2763,3551,1572
2764,7722,1017
2765,3904,341
2766,9561,52
2767,9265,3465
2768,7291,336
2769,9679,1928
2770,9930,573
2771,3719,80
2772,3652,923
2773,3184,10867
2774,7049,524
2775,3374,3692
2776,6973,3465
2777,3021,1449
2778,8798,1
2779,5903,3109
2780,9264,2449
2781,7264,1677
2782,5578,2212
2783,7565,8443
2784,7039,4805
2785,2183,235
2786,4597,3
2787,4366,955
2788,4893,83
2789,7677,2245
2790,9780,1906
2791,1447,106
2792,173A,3330
2793,3847,7363
2794,4891,56
2795,6033,2272
2796,9827,737
2797,9063,4475
2798,5979,9857
2799,7461,900
2800,2330,52
2801,7490,1290
2802,3386,1584
2803,3760,2535
2804,4012,3839
2805,5983,7970
2806,5599,1594
2807,4925,2149
2808,3623,631
2809,9173,1849
2810,4629,2160
2811,2404,50
2812,5138,2041
2813,6542,2197
2814,4754,2495
2815,6513,1149
2816,6185,321
2817,4623,2694
2818,5966,5779
2819,7351,673
2820,3246,862
2821,4882,73
2822,3236,965
2823,7506,981
2824,6031,840
2825,7213,770
2826,1401,1412
2827,9656,891
2828,8560,651
2829,2488,2034
2830,1418,578
2831,3446,803
2832,4125,3015
2833,9337,2962
2834,5906,717
2835,8147,2313
2836,7425,5018
2837,6189,996
2838,1768,2030
2839,7635,2070
2840,7135,62
2841,2311,681
2842,7325,1150
2843,9885,585
2844,8938,698
2845,2122,1278
2846,3113,14
2847,7271,629
2848,6862,992
2849,245A,2549
2850,6402,2366
2851,3653,1130
2852,8045,1565
2853,1757,1
2854,3686,33
2855,5367,952
2856,7192,766
2857,7681,756
2858,3726,72
2859,1992,2366
2860,9367,1355
2861,4752,2880
2862,4256,640
2863,3656,146
2864,4777,35
2865,7343,1287
2866,7950,12313
2867,3628,18
2868,7872,655
2869,4234,764
2870,4929,419
2871,8700,2094
2872,3878,806
2873,2055,364
2874,3940,135
2875,4564,2
2876,9903,533
2877,1434,3059
2878,3750,42
2879,3807,9
2880,7066,778
2881,2483,3615
2882,3323,88
2883,3625,1477
2884,1438,1983
2885,3123,628
2886,6059,430
2887,6998,2189
2888,4883,36
2889,6093,144
2890,1446,460
2891,6858,867
2892,4398,3210
2893,9479,185
2894,5533,3867
2895,1718,7828
2896,7297,1323
2897,8554,537
2898,5695,3004
2899,3537,2354
2900,6551,1908
2901,3293,1297
2902,6546,1519
2903,3426,2422
2904,3066,227
2905,8226,550
2906,7531,2176
2907,6654,1657
2908,8891,5386
2909,5476,485
2910,3566,753
2911,6721,16
2912,8077,474
2913,4496,1613
2914,3396,1026
2915,6182,573
2916,1897,3553
2917,244A,3497
2918,7887,9429
2919,3948,1365
2920,4884,176
2921,3377,635
2922,4379,140
2923,2984,784
2924,192A,18160
2925,7084,1565
2926,2796,376
2927,6597,1952
2928,5576,4564
2929,7040,1695
2930,9625,1762
2931,2743,1
2932,7695,872
2933,6907,828
2934,4395,912
2935,6049,393
2936,4380,2410
2937,6778,693
2938,3173,1260
2939,1840,294
2940,9643,4438
2941,6888,902
2942,7883,455
2943,4428,928
2944,7857,2030
2945,7619,1619
2946,6158,1618
2947,8230,462
2948,4100,1079
2949,7940,811
2950,7370,1520
2951,3280,2452
2952,4198,1063
2953,6837,844
2954,7379,649
2955,3988,1029
2956,6570,2502
2957,3848,727
2958,9853,559
2959,5033,499
2960,9340,1153
2961,1844,295
2962,7980,1612
2963,5571,1143
2964,4531,396
2965,2195,589
2966,9876,613
2967,3920,1228
2968,4372,3578
2969,8518,215
2970,4598,20
2971,7111,33
2972,6495,60
2973,3933,940
2974,9346,4069
2975,4572,82
2976,4270,4225
2977,6899,2030
2978,5070,1835
2979,7087,1910
2980,7527,43
2981,7175,1965
2982,5283,7611
2983,9051,1011
2984,4446,673
2985,6286,1518
2986,2373,211
2987,7707,106
2988,4491,3767
2989,7833,1134
2990,4576,15
2991,3758,314
2992,9313,1388
2993,3440,1828
2994,194A,1995
2995,6391,5538
2996,3143,3728
2997,3671,1497
2998,3260,1
2999,3241,1061
3000,7812,4256
3001,3815,63
3002,8835,718
3003,6229,2272
3004,9976,1268
3005,4539,1730
3006,2293,1060
3007,7126,2527
3008,7808,8966
3009,3409,34
3010,6634,88
3011,6155,570
3012,2480,2252
3013,6408,3845
3014,198A,656
3015,2894,169
3016,3841,1149
3017,2776,51
3018,7509,6690
3019,9060,3985
3020,2788,796
3021,7089,2853
3022,4492,937
3023,3556,89
3024,8071,3145
3025,7078,137
3026,1771,2731
3027,7075,1463
3028,7080,3599
3029,7427,1894
3030,5843,2345
3031,6292,955
3032,3810,48
3033,3495,3836
3034,9282,0
3035,7726,1179
3036,4556,2639
3037,7065,823
3038,9867,15494
3039,5446,1861
3040,3065,669
3041,9219,260
3042,343A,2360
3043,280A,698
3044,4060,939
3045,2321,21
3046,4119,3560
3047,4624,5670
3048,4440,1106
3049,4486,2275
3050,7859,364
3051,5724,758
3052,3172,1923
3053,6171,614
3054,5936,2184
3055,3058,236
3056,5133,274
3057,2375,84
3058,9478,639
3059,6042,3502
3060,6942,508
3061,6327,704
3062,8025,1511
3063,4926,1087
3064,3131,6907
3065,6267,5697
3066,4990,688
3067,3997,484
3068,340A,3333
3069,7918,35
3070,155A,523
3071,2917,1302
3072,7804,4303
3073,6111,2861
3074,6343,142
3075,4172,4109
3076,6699,730
3077,5491,556
3078,1997,4712
3079,4076,3327
3080,3680,271
3081,4287,795
3082,2454,214
3083,4177,3610
3084,8260,494
3085,6092,1137
3086,9355,1569
3087,4437,1336
3088,9170,2616
3089,6964,943
3090,5542,1453
3091,7353,438
3092,6336,1356
3093,2464,551
3094,3070,5
3095,7060,751
3096,4829,103
3097,4728,869
3098,7127,288
3099,3261,687
3100,6838,499
3101,1383,801
3102,2654,454
3103,5956,657
3104,7953,578
3105,3936,40
3106,9036,996
3107,6629,523
3108,2136,1806
3109,3839,905
3110,9417,87
3111,4615,141
3112,4976,7397
3113,3169,579
3114,2795,1555
3115,269A,622
3116,7063,1
3117,4960,273
3118,2218,1928
3119,2408,818
3120,2493,651
3121,9212,114
3122,4260,214
3123,3996,193
3124,5900,1069
3125,6926,229
3126,2411,571
3127,8145,3588
3128,3469,511
3129,6577,3484
3130,7034,488
3131,4570,377
3132,2999,414
3133,5753,4694
3134,6614,429
3135,6776,394
3136,7091,754
3137,5527,2122
3138,3681,26
3139,5699,3405
3140,9446,881
3141,3267,994
3142,9366,1145
3143,5990,3059
3144,7214,649
3145,9778,4693
3146,196A,292
3147,2961,5924
3148,6297,966
3149,9159,1354
3150,6466,3598
3151,3359,706
3152,3965,877
3153,3816,2212
3154,5856,18
3155,3930,1401
3156,4319,348
3157,6142,1427
3158,2286,972
3159,5986,238
3160,6897,554
3161,4386,1558
3162,6131,751
3163,6549,3542
3164,6424,1904
3165,3286,1169
3166,2304,1739
3167,3441,1151
3168,6090,632
3169,2376,1309
3170,3059,910
3171,5343,88
3172,6038,1528
3173,4360,678
3174,130A,413
3175,4416,461
3176,1994,707
3177,4415,1056
3178,7571,103
3179,7208,1595
3180,6325,671
3181,9973,1
3182,5575,1670
3183,253A,723
3184,5939,4490
3185,3557,122
3186,2911,3973
3187,2179,1674
3188,5742,522
3189,3851,1302
3190,7538,493
3191,4391,2029
3192,5612,1635
3193,1380,369
3194,6360,4697
3195,3826,518
3196,3927,397
3197,3238,536
3198,3237,21
3199,3682,613
3200,9362,5344
3201,3190,1126
3202,7847,739
3203,4487,182
3204,9361,2347
3205,8115,1409
3206,205A,457
3207,1758,3087
3208,6494,98
3209,9385,2545
3210,1841,1539
3211,5884,59
3212,3858,173
3213,9929,607
3214,4068,976
3215,3067,410
3216,2437,388
3217,4167,342
3218,2058,1099
3219,6757,1028
3220,7120,7992
3221,8594,468
3222,7916,1366
3223,145A,362
3224,5355,977
3225,3967,466
3226,4450,2402
3227,9835,546
3228,7044,252
3229,4274,927
3230,5255,1
3231,137A,1902
3232,4445,2921
3233,7992,26
3234,5609,1341
3235,9444,727
3236,4069,652
3237,8887,474
3238,3917,351
3239,3896,458
3240,7807,2371
3241,4171,2311
3242,7975,1686
3243,3766,2176
3244,4881,48
3245,4591,55
3246,2481,1717
3247,2385,187
3248,3024,1898
3249,2345,40
3250,5134,303
3251,4736,622
3252,7746,47
3253,6901,1196
3254,8944,167
3255,4937,493
3256,4075,296
3257,6342,5301
3258,3521,210
3259,8617,416
3260,3536,51
3261,7694,348
3262,2747,3483
3263,5240,100
3264,6054,120
3265,7361,4051
3266,4351,615
3267,9259,1672
3268,2872,981
3269,2449,1730
3270,5257,8533
3271,3935,724
3272,6771,709
3273,3674,427
3274,7118,0
3275,7555,915
3276,9557,65
3277,9073,1145
3278,3422,225
3279,5250,979
3280,2215,913
3281,5596,6000
3282,7150,304
3283,3768,837
3284,6060,1933
3285,260A,81
3286,6072,45
3287,6034,616
3288,148A,1143
3289,3627,384
3290,3317,5004
3291,5010,316
3292,3770,469
3293,4594,8
3294,7443,370
3295,6096,503
3296,6545,1444
3297,3474,131
3298,7782,547
3299,7515,2683
3300,4429,966
3301,7399,766
3302,5987,2755
3303,9969,116
3304,9344,585
3305,9326,197
3306,4242,1679
3307,3524,2078
3308,3945,8982
3309,3437,3604
3310,2341,144
3311,3224,403
3312,6563,2988
3313,3161,1214
3314,6518,922
3315,7625,668
3316,3461,617
3317,5603,758
3318,6195,351
3319,3083,420
3320,2876,490
3321,7836,94
3322,4173,342
3323,9082,845
3324,4750,828
3325,7114,622
3326,248A,1199
3327,7446,5551
3328,9237,2447
3329,9647,17529
3330,7284,1153
3331,3204,584
3332,3895,721
3333,5994,623
3334,211A,7741
3335,7058,4697
3336,9127,2457
3337,3583,3276
3338,7256,0
3339,7021,2279
3340,3622,335
3341,4833,8
3342,7897,135
3343,5035,528
3344,1795,6135
3345,7369,1309
3346,6548,77
3347,7036,354
3348,4387,804
3349,6662,101
3350,5189,2657
3351,7544,2432
3352,6181,1
3353,6943,6181
3354,4174,1904
3355,5998,993
3356,4494,0
3357,6822,5230
3358,9685,1609
3359,9776,1787
3360,6538,331
3361,2424,1162
3362,4827,2290
3363,2291,332
3364,3690,355
3365,5868,1657
3366,7217,1231
3367,5973,693
3368,1764,3888
3369,3071,109
3370,4885,1193
3371,3297,1562
3372,7923,1101
3373,6993,6
3374,8742,355
3375,3727,118
3376,4484,135
3377,3358,41
3378,6552,122
3379,3796,254
3380,5103,25
3381,6734,2235
3382,3667,25
3383,3372,180
3384,6666,368
3385,9421,221
3386,7215,294
3387,3035,954
3388,7057,1090
3389,7265,5961
3390,4645,666
3391,5870,1358
3392,3909,1814
3393,8996,1598
3394,7919,489
3395,6522,170
3396,6335,425
3397,2762,8
3398,4625,822
3399,7314,969
3400,4447,1107
3401,6836,91
3402,4334,532
3403,5597,93
3404,5031,114
3405,6334,255
3406,7805,1220
3407,6265,3771
3408,6166,51
3409,7464,2256
3410,4586,29
3411,2722,528
3412,6635,861
3413,6467,472
3414,7983,1049
3415,3202,103
3416,4261,5902
3417,3195,185
3418,5126,4207
3419,8836,15
3420,9425,102
3421,9760,173
3422,3444,302
3423,3266,103
3424,6599,4773
3425,1443,331
3426,1743,3243
3427,5619,464
3428,265A,615
3429,9466,300
3430,6396,5877
3431,3439,714
3432,3808,1
3433,4247,2078
3434,6656,182
3435,7791,1604
3436,7687,908
3437,6655,1004
3438,9849,3854
3439,3352,2553
3440,4170,120
3441,4014,30
3442,5953,7095
3443,7810,70
3444,5867,811
3445,3958,645
3446,3710,737
3447,7072,635
3448,4102,1658
3449,6633,444
3450,2974,1352
3451,3177,15466
3452,7129,1389
3453,2388,56
3454,9271,1674
3455,7902,1043
3456,2425,2411
3457,5697,772
3458,9012,2107
3459,7793,2340
3460,9820,7823
3461,6150,7942
3462,7359,48
3463,7831,98
3464,7863,1872
3465,5820,1149
3466,3744,115
3467,6307,688
3468,7076,947
3469,3181,1825
3470,5587,885
3471,3045,2833
3472,9854,172
3473,8138,5602
3474,4705,1133
3475,4178,1081
3476,3931,924
3477,4335,2074
3478,9256,1530
3479,1724,1478
3480,5618,40
3481,3577,1013
3482,2499,519
3483,3138,1083
3484,3494,559
3485,3054,415
3486,3753,68
3487,6218,541
3488,281A,554
3489,3490,5875
3490,9812,108
3491,5271,3368
3492,5279,1720
3493,8040,1252
3494,5256,3238
3495,9165,2073
3496,3607,448
3497,3929,145
3498,4438,58
3499,150A,306
3500,9419,219
3501,228A,1140
3502,7183,89
3503,4120,3280
3504,3691,211
3505,3970,1433
3506,9040,6061
3507,6248,3105
3508,5858,3318
3509,3645,374
3510,3747,124
3511,4766,172
3512,7131,6231
3513,5386,426
3514,4421,1665
3515,2139,672
3516,2323,281
3517,8166,112
3518,7894,2398
3519,6550,56
3520,2693,342
3521,5997,878
3522,2334,161
3523,3550,217
3524,4388,287
3525,2789,594
3526,7219,3267
3527,4427,173
3528,4735,354
3529,5458,1896
3530,5950,112
3531,3739,107
3532,9423,51
3533,7162,264
3534,4690,4294
3535,4199,154
3536,7375,298
3537,2435,139
3538,8559,293
3539,7069,876
3540,4197,5486
3541,3842,1011
3542,9565,118
3543,4341,1098
3544,7602,224
3545,5028,410
3546,3137,20
3547,9439,27
3548,9258,262
3549,6063,698
3550,6694,1311
3551,5928,353
3552,2342,237
3553,6198,855
3554,8912,104
3555,2687,840
3556,6537,275
3557,7922,597
3558,5162,800
3559,1444,1237
3560,7112,631
3561,2683,285
3562,6543,1547
3563,3477,1900
3564,7813,813
3565,3185,14
3566,3953,1395
3567,7360,1418
3568,7623,1137
3569,6578,668
3570,3248,1151
3571,6696,67
3572,4596,17
3573,2656,8
3574,7986,4230
3575,304A,2951
3576,7709,9
3577,7046,1472
3578,9353,2477
3579,6380,1244
3580,4124,1455
3581,7850,1128
3582,9767,2649
3583,220A,2037
3584,7035,61
3585,6193,1284
3586,4394,989
3587,6217,480
3588,5199,3874
3589,7771,57
3590,2962,278
3591,8746,418
3592,8886,1348
3593,9220,3373
3594,4196,463
3595,4650,119
3596,5075,1792
3597,2300,614
3598,8105,38
3599,7356,17
3600,7603,48
3601,9363,853
3602,9388,4753
3603,9342,1733
3604,9225,956
3605,1788,5816
3606,4673,5765
3607,5616,92
3608,3987,113
3609,3775,457
3610,231A,2875
3611,2351,280
3612,3998,318
3613,3326,142
3614,9972,296
3615,6173,1
3616,3011,166
3617,5704,528
3618,6081,0
3619,7064,726
3620,7827,2730
3621,6177,3
3622,2667,30
3623,9087,1467
3624,4814,75
3625,6022,2345
3626,3042,189
3627,1711,43
3628,3598,216
3629,4098,1044
3630,7074,17
3631,5969,1650
3632,8123,1619
3633,5125,1395
3634,334A,2046
3635,2196,201
3636,6138,1057
3637,6659,38
3638,7870,553
3639,9327,56
3640,6894,3374
3641,8225,8065
3642,6433,325
3643,3985,152
3644,3672,16
3645,7865,389
3646,6803,82
3647,6233,587
3648,2459,40
3649,9339,1147
3650,8013,389
3651,4052,103
3652,5577,219
3653,7640,50
3654,3346,8
3655,5247,350
3656,9635,2441
3657,7567,721
3658,5817,574
3659,4840,469
3660,9563,183
3661,7578,199
3662,7037,578
3663,6840,541
3664,3976,93
3665,5341,124
3666,6573,10
3667,6647,2811
3668,3306,722
3669,7601,385
3670,3944,2281
3671,3647,32
3672,7077,744
3673,7896,671
3674,8181,1220
3675,3375,4357
3676,7422,731
3677,3986,1067
3678,2736,554
3679,7031,692
3680,8247,469
3681,7116,0
3682,6046,39
3683,7957,1590
3684,3419,499
3685,3802,505
3686,9816,215
3687,4057,512
3688,5131,82
3689,9895,1124
3690,3600,1849
3691,6731,6
3692,6186,525
3693,4558,182
3694,3928,128
3695,8946,74
3696,9914,1119
3697,1738,985
3698,3559,451
3699,9978,19
3700,3416,1528
3701,4720,129
3702,4920,1326
3703,7501,1127
3704,7255,667
3705,2666,361
3706,9236,1277
3707,7877,2335
3708,4370,160
3709,7376,419
3710,4288,99
3711,3845,28
3712,3041,202
3713,1999,7548
3714,7083,589
3715,3111,178
3716,6085,36
3717,9214,2320
3718,8254,99
3719,3907,626
3720,2479,807
3721,9476,703
3722,3192,216
3723,7800,808
3724,6775,29
3725,4444,1031
3726,4424,112
3727,7043,413
3728,3779,38
3729,5952,161
3730,6400,464
3731,9562,1357
3732,4678,578
3733,6898,3827
3734,246A,954
3735,6029,97
3736,5905,1595
3737,4707,567
3738,4657,366
3739,6347,186
3740,7928,873
3741,2778,229
3742,7073,4191
3743,3664,6
3744,7939,787
3745,3961,380
3746,7477,1586
3747,6048,150
3748,9941,763
3749,9365,2026
3750,3077,330
3751,3174,188
3752,5287,861
3753,4017,146
3754,3670,2979
3755,4166,237
3756,6867,806
3757,7413,1132
3758,4378,354
3759,9376,461
3760,6558,495
3761,3974,932
3762,7345,135
3763,4016,1910
3764,6555,805
3765,9242,3469
3766,9254,1201
3767,5974,770
3768,6969,2170
3769,6786,22
3770,3910,236
3771,4243,1151
3772,9331,274
3773,2467,80
3774,171A,0
3775,4241,277
3776,7041,675
3777,7719,247
3778,9250,512
3779,7357,345
3780,5025,587
3781,7062,433
3782,9253,720
3783,6074,1470
3784,4179,21
3785,4018,423
3786,9215,85
3787,7042,936
3788,7502,897
3789,3646,426
3790,9240,187
3791,4616,2919
3792,4240,323
3793,143A,616
3794,4918,748
3795,4422,243
3796,6664,269
3797,6190,475
3798,2997,855
3799,7585,84
3800,7524,47
3801,157A,472
3802,3913,556
3803,3639,251
3804,7837,381
3805,7615,88
3806,4664,1186
3807,7815,793
3808,4361,2629
3809,3089,798
3810,2673,181
3811,7090,187
3812,2721,3
3813,7372,336
3814,7363,913
3815,4255,104
3816,259A,0
3817,7878,1080
3818,5962,2432
3819,3442,4159
3820,2137,841
3821,6663,299
3822,5342,165
3823,2156,439
3824,7985,1628
3825,6579,83
3826,4059,245
3827,9878,55
3828,3908,211
3829,7067,960
3830,6982,606
3831,7140,437
3832,3624,42
3833,242A,4375
3834,3223,2688
3835,3787,545
3836,7689,281
3837,2164,109
3838,6147,237
3839,3136,1828
3840,4265,141
3841,1382,1110
3842,9241,267
3843,4073,59
3844,3814,20
3845,3634,166
3846,4834,1829
3847,2926,111
3848,4020,329
3849,4679,76
3850,9610,0
3851,7790,0
3852,8995,717
3853,4316,163
3854,4760,2189
3855,6025,991
3856,6276,393
3857,7426,1281
3858,7462,371
3859,5380,2285
3860,7997,949
3861,7362,1123
3862,7851,389
3863,7886,785
3864,4995,2260
3865,3384,2103
3866,3370,233
3867,4381,78
3868,7093,309
3869,6416,702
3870,7138,358
3871,9244,468
3872,7946,2276
3873,9213,682
3874,6977,969
3875,3803,540
3876,8209,1
3877,6846,1777
3878,3032,214
3879,3849,1072
3880,7901,478
3881,6439,470
3882,3047,494
3883,2976,1048
3884,5241,0
3885,4250,875
3886,8143,213
3887,7170,0
3888,2172,529
3889,3824,289
3890,1449,93
3891,3977,204
