Symbol,RironHiritsu
5351,5.413713770491803
4442,3.1743152129817447
2813,3.0100380582524275
9553,2.788221066319896
4360,1.310162153344209
9247,1.186568215767635
1514,1.1060887983706722
7148,1.1046960594795536
5966,1.0906028460543338
7068,1.0821348986125934
4319,1.0815387559808611
1438,1.0758794970986458
9119,1.0694113441372737
9268,1.0688352481873955
2109,1.0678046511627908
7523,1.0639040492957748
5210,1.062341517857143
7914,1.0608995215311006
6633,1.0583085333333333
5974,1.0553142857142859
4231,1.0539452857142857
2180,1.0529009852216749
9696,1.0519758720930232
4997,1.0517395738203956
5445,1.0501133711048158
5017,1.049408746355685
2602,1.048715890083632
9478,1.0478223728813558
9107,1.0477852272727273
5408,1.0465186740331491
1726,1.0462226158038148
7173,1.0460883462819088
5973,1.045452961672474
5612,1.0454004344048653
9127,1.0453871559633028
5451,1.0449915373765868
5440,1.044815879396985
6339,1.0445465265082268
5803,1.044269995838535
3153,1.0442111777944485
8368,1.0442057835820895
2792,1.043233822590938
9823,1.041478987341772
5185,1.0410342379958246
7242,1.0410216546018614
9763,1.0404331606217616
9386,1.0391159371492704
3246,1.0390154447702835
5401,1.0385700998573466
5406,1.0383654181631605
9304,1.0377494252873563
8051,1.0375287414965986
7261,1.03737671676982
7795,1.0368879581151833
2760,1.0368038363892806
2715,1.0365188108108108
5801,1.0357645675902603
7282,1.0355702054794522
3937,1.0352689169139466
1805,1.0350213150289016
3101,1.0346993039443155
7885,1.0345862068965517
4958,1.0345130163934426
2130,1.0341850796311818
5998,1.0336613160518444
6301,1.0335339104625276
7552,1.03341204
7916,1.033075825825826
5603,1.0328343642611684
8360,1.0327651624548737
9501,1.0324931220095697
3315,1.0321967479674796
8097,1.0318395085066163
3839,1.0316999999999998
7014,1.031433831990794
4092,1.0313871611253196
2924,1.0312565353345842
4125,1.031085475409836
8050,1.0308036697247707
8905,1.030771875
6658,1.0300170247933884
7991,1.0297881873727086
3116,1.0297798606016142
5186,1.0297725903614456
1605,1.0296053191489363
7211,1.0289729812711084
7455,1.0289396373056996
6371,1.028810322580645
3297,1.0288020530367836
5975,1.0284979375368297
5741,1.0283142038216562
3877,1.0282990687679086
2733,1.0282335125448028
9678,1.028093907083016
3447,1.0278891820580476
7995,1.0277872222222222
6231,1.0277631964809384
4705,1.0276408934707904
7564,1.0275152915291528
1451,1.0274855570839063
7347,1.0274498800959233
2975,1.027116693163752
6919,1.0269905158936945
1938,1.0266627209838586
7227,1.0266202440775305
9960,1.026525028790787
7245,1.0264400000000002
9888,1.0263216039279868
9517,1.0261405475880052
4437,1.0261379182156136
6474,1.0260151243781097
9536,1.0256260103626944
6417,1.0255910125474177
6622,1.0252795454545454
8001,1.0250868664446913
1921,1.025000874125874
4023,1.0248657692307692
1870,1.0246613672496026
8996,1.0246285714285714
6507,1.024577998756992
4992,1.0243949579831932
1419,1.0243205898876406
1775,1.024236538011696
3978,1.0241047748976808
5989,1.0239486857142857
7508,1.023725322580645
8706,1.0234248654467168
1980,1.0233911111111111
9070,1.023363365695793
8891,1.0233
7278,1.023142769701607
2681,1.0230275716694774
4631,1.022871237389335
3916,1.022695035460993
9384,1.022565320665083
7244,1.0225441696113073
6785,1.0224050632911392
6246,1.022049941107185
7990,1.0220269306930694
7050,1.0217221584385763
4182,1.0217008695652172
6137,1.0216266666666667
4386,1.021625294117647
7619,1.021487106017192
6702,1.0214194772727272
4220,1.0213981818181816
4061,1.021315131335553
9325,1.0212178938356165
7313,1.0210698113207548
9820,1.020971
3109,1.0209178735105409
4781,1.020799319727891
1771,1.0204048714479028
1814,1.0203189393939396
1515,1.0201748502994015
3242,1.0200951898734179
9658,1.0200091581868642
6899,1.0197953524804177
6571,1.0197500000000002
1815,1.0197032440056417
6440,1.0196440129449837
7187,1.019602621359223
5122,1.0195263905325445
3837,1.0194885898186075
4116,1.0194533450704226
8935,1.019313918017159
6584,1.0189573293172691
8700,1.0187330520393811
5816,1.0187279151943462
8046,1.0185661609776655
7702,1.0185614814814814
8929,1.0183658135283362
4022,1.018328329297821
3352,1.0183282013323465
3904,1.0182801597869509
7877,1.0180695815115552
2445,1.0180350305498982
3166,1.0180151898734175
7284,1.017977245508982
6652,1.0179518867924529
7894,1.0179242079207922
4685,1.0179032245532245
9869,1.0179024905660377
9171,1.0177398030942335
6432,1.0176878775510203
5071,1.0176358695652175
6165,1.0176108045977013
8203,1.0175852272727273
6568,1.0174455974842769
9249,1.0173542249580303
6218,1.01732722513089
8089,1.0172965044551063
6850,1.0170645719940625
5971,1.0169653405405406
8869,1.0169584574934267
4847,1.0169423692636073
1882,1.0167325842696628
7646,1.0167113350125945
8917,1.0166278807413376
6298,1.0166091573682186
7955,1.016590529247911
4809,1.0165408792319353
7721,1.0164805460750854
2790,1.016356243496358
6505,1.0163395727365208
7570,1.016325593667546
9361,1.0160502710027102
8904,1.0160414746543778
7615,1.0159827586206895
3611,1.0159483264826776
9057,1.0159246699669966
5108,1.0157647967061245
6199,1.0156419106317411
3733,1.015613865877712
9381,1.0155481648785998
6342,1.0153724910035986
6306,1.0153016717325227
3852,1.0152555303030302
2327,1.01507776733255
3388,1.0150574086836666
6040,1.0150207381370828
6964,1.0149855513307984
5994,1.0149623707787732
6086,1.0149570267131243
8940,1.0149535315985132
7839,1.0148565749235474
1376,1.0146823851953393
4404,1.014643914893617
3179,1.0145618037135278
7833,1.0144572327044026
7679,1.0144036099739488
7976,1.014274504692388
4709,1.0140434027777776
1847,1.0138556780067083
5943,1.0136841109709964
7294,1.0136309398099261
7744,1.0136216541353382
7084,1.01355370177268
2751,1.0134778535534816
1992,1.0134268181818182
6193,1.013411485148515
7821,1.0132978595317725
1878,1.0132829714285714
8015,1.0130499715747583
7609,1.0130422185430465
2009,1.0129848529411765
7196,1.0129242214532872
4627,1.0128060038734665
5038,1.0127476727785616
7705,1.0127256844850063
8887,1.0126408010012515
6927,1.012626923076923
6743,1.0125311750599522
6960,1.0125129281767957
8747,1.012462159624413
7975,1.0123911468812878
9099,1.0123889138576778
5923,1.0122350909090907
6504,1.0121389860658168
2674,1.0121059531772574
3003,1.012095302013423
5902,1.01208986083499
3106,1.0120503688524591
4569,1.0120162206444567
5901,1.011989213483146
9022,1.0119802475928472
9622,1.0119603020496224
5446,1.011888888888889
6737,1.0118586785009862
4980,1.011849430894309
5269,1.011789329268293
7912,1.011764884318766
5356,1.0117318327974278
7970,1.0117228699551568
5702,1.0115447932618684
9619,1.0115208072372999
4286,1.0114749379652603
5936,1.011473354231975
7102,1.011464156339371
7481,1.0113831599801881
8056,1.0112546866630958
2281,1.0111439054219322
7472,1.0111375191424197
9351,1.0111270212765957
6503,1.0110924824229315
2215,1.011
4204,1.0108712494194148
1926,1.010860494425594
7058,1.01082518109693
6898,1.0108153319283457
8168,1.010701096224117
2796,1.010700923076923
4634,1.0106884516680923
1434,1.0106016313213702
5947,1.010414142857143
4320,1.0103824620573356
8253,1.0102010546298248
7864,1.01003367003367
3300,1.0099885714285715
4548,1.0099592821782177
4114,1.009955064456722
3360,1.0097909631915365
9072,1.0097651692502372
6623,1.009671402359109
8141,1.0095822240943555
9930,1.009531498470948
7775,1.0095222222222222
9605,1.0093380670926517
3123,1.0092873563218392
9534,1.0092806573957016
5959,1.0092695073235685
6998,1.0092133924969746
2207,1.0092055865921787
4098,1.0091957295373666
7021,1.009069987699877
5076,1.0090620155038759
6044,1.009043682664055
3641,1.009018223234624
4987,1.009000898203593
5706,1.0089637944664032
3771,1.0089322845417237
3439,1.0089178807947021
6567,1.0088494011976048
5283,1.0087348382749326
2136,1.0086641181581233
7561,1.0085400273224046
7809,1.0084615350089767
5391,1.0084051982378854
3275,1.0083284501061571
3979,1.0082749627421759
5911,1.0082177881173944
2157,1.0082098723404256
6345,1.0082087912087914
9067,1.008193774319066
2914,1.0081355232558138
6788,1.0078872906403942
3161,1.0078144130757802
4304,1.0077748196248197
3569,1.0077364916773368
8125,1.0076343549536706
9362,1.0075774821852732
4625,1.0075263703703703
7377,1.0074645875251511
7812,1.0074392137592139
3139,1.007434923664122
4206,1.007422025771651
6230,1.007362125
1332,1.007357660243269
4350,1.0071960784313727
3245,1.007184375
3465,1.0071581168831167
4885,1.0071461346633417
4972,1.0070171722365038
7269,1.0068800199468086
7097,1.0068000000000001
6305,1.0067566871975362
6995,1.0067540102389079
4247,1.0067519341563786
5697,1.0066456260720413
7516,1.0065676923076923
9639,1.0064822009569376
8119,1.0063405431157695
3441,1.0057926660059464
2001,1.0057662218131613
7979,1.005733968401487
3816,1.0056150205761316
5956,1.0056080074487896
9788,1.0055475206611568
6923,1.0054725079365079
7898,1.0053566572237962
9221,1.0053528645833334
9445,1.0052620596205961
6357,1.0052050970873787
5189,1.0051691176470587
4112,1.0050806918238995
6293,1.0049538763493622
5367,1.0047746341463413
3992,1.0046469604863222
3392,1.004544251968504
7818,1.004505359056806
8052,1.0044475126903551
2498,1.0044412213740457
1925,1.004399501867995
9991,1.0043431771894094
7683,1.0043171830985915
3648,1.0042327221438645
3710,1.004201739130435
9162,1.0041769911504426
1914,1.0039286573146293
6037,1.0039218216318784
6104,1.0035262135922332
2747,1.0035160330578512
4668,1.003298452012384
4746,1.0032704669887278
8281,1.0032504
3167,1.0032149028077753
4750,1.0032057416267943
4628,1.0031930116959065
4951,1.003172654155496
8886,1.0031638247483718
8255,1.0030759946595462
7373,1.0029609015639376
7460,1.0029540206185568
9083,1.0029429325513197
6198,1.0028842931937172
1780,1.0028067361668003
3143,1.0027533180778032
3333,1.0027251184834123
3148,1.0027224778761064
6489,1.0026497551420175
1786,1.0025647416413375
6013,1.0025578165374676
3671,1.002501468624833
5753,1.0024883011190233
1873,1.002433510638298
6307,1.0021927083333335
4800,1.0021695322376738
4462,1.002146486825596
7925,1.0021072655217964
4409,1.00203550295858
3690,1.0020284710017573
5232,1.0020240947454397
6554,1.001885351787774
9791,1.0017691979522183
4957,1.001711267605634
1758,1.001691743119266
5355,1.0015772563176895
9307,1.0015512195121952
2915,1.0015428963623885
9934,1.0015292735703245
7565,1.0015272307692307
6497,1.0014990945674043
9564,1.001453157894737
7943,1.0013754672103297
6670,1.001332174688057
7264,1.0013303981623276
3583,1.0012754484304933
7831,1.0012732026143791
3798,1.001222332155477
9656,1.0012189340813464
3918,1.0012042735042734
3458,1.0011583333333334
4465,1.0010756834532375
6031,1.0009867256637168
7298,1.0008761215629522
7745,1.0008014101057578
4102,1.000799437807449
8772,1.0005247467438496
4621,1.0004583982990787
3943,1.0003555505004549
9778,1.0002887331081083
8789,1.0002540983606556
8071,1.0001932285714286
6038,1.0001584415584415
5979,1.0001311475409838
2919,1.0000945244956774
4935,1.0000677966101696
6287,1.0000462340123164
6171,1.0000215976331361
9537,1.0000153966189858
1999,1.0000120597652082
9790,0.999985440900563
3353,0.9999331864257381
6188,0.9999078947368422
9049,0.9998720971302427
8167,0.9998582568807339
8289,0.9998557471264369
9058,0.9998327111716622
9418,0.9998156417910449
8145,0.99979675
9780,0.9997827648766328
7399,0.9997743682310469
1866,0.9997669565217392
7490,0.9997668874172185
1400,0.9997499999999999
6121,0.9997482080924855
3546,0.9997127236580519
5945,0.9997115596330276
4556,0.9996976076555024
2749,0.9996640949554896
6888,0.9996457547169811
2376,0.9995792207792209
9837,0.999562776957164
9767,0.9994788483466363
3317,0.999318688981869
6706,0.9992716799329703
3028,0.9991110651499483
4901,0.9990585585585586
3386,0.9990500509683997
6848,0.9989520689655171
8030,0.9988471828665569
8147,0.9988341597796142
4629,0.9988072957969866
9082,0.9987652386780906
6033,0.9985699270072993
5941,0.9984172225591267
6142,0.9983337106918238
2288,0.9982321942446042
1887,0.9981325301204819
8934,0.9981099601593625
7092,0.9980169565217392
1905,0.998014705882353
6360,0.9978586056644879
4076,0.997716313454904
4645,0.9976926829268294
2481,0.9976704845814978
3804,0.9974735607675906
6902,0.9973434262948206
3449,0.9972886925795054
3173,0.9972867215041128
3045,0.9972325735294117
6655,0.9971055483870968
4423,0.9970164563351842
6026,0.9968625272331155
4429,0.9967963963963964
2970,0.9966132712456344
6814,0.9965904486251809
3538,0.9965353846153846
1964,0.99650763016158
6098,0.9963914081145584
9832,0.9963300252844501
4783,0.9962626272912423
7538,0.9962376237623762
1724,0.9962368650217707
3796,0.9962178294573644
7932,0.9961644312796208
6018,0.9958760757314975
5809,0.9957985714285714
4193,0.995566697080292
6644,0.9954879234167894
7175,0.9954609523809526
8742,0.9954545454545454
9063,0.9953381082933517
9929,0.9952880562060892
7599,0.9950969821673527
6479,0.9948309236125332
6859,0.9945887593671939
3799,0.9945601408450703
6023,0.994275
6433,0.9942697674418604
3542,0.9941940594059405
7059,0.9940999178307314
4421,0.9940758095238096
9876,0.9937247126436781
7600,0.9936701195219124
6294,0.9935398366170111
7087,0.993412803532009
9746,0.9933506868131866
8135,0.9932285223367697
7080,0.9931393689986283
7769,0.9931356715606309
6997,0.992732342007435
7343,0.9926772486772486
9885,0.9925912820512821
7485,0.992464129032258
4174,0.9923654867256637
3565,0.9922775280898875
4486,0.9919789215686275
3682,0.9919634577603142
6996,0.99195
7545,0.9916717444717444
9872,0.9915330578512397
2371,0.9914934739617667
2410,0.9905973819301848
6535,0.989817259651779
9846,0.989420148560817
3934,0.9894131079967022
7134,0.9893301759133964
5993,0.9889710843373493
3186,0.9888412795793164
9768,0.9882099999999999
1736,0.988175883306321
9218,0.9878928571428572
7974,0.9876858426966294
6323,0.987029738625363
3497,0.9869249150622876
7856,0.9868552774755167
6337,0.9867
7039,0.9866596273291924
6466,0.986526430517711
4694,0.9864622317596566
3035,0.9863194492254733
9256,0.9861336683417085
2488,0.9861231422505308
7635,0.985913789954338
8919,0.9855873278236914
3328,0.9848115942028985
7897,0.9848091603053435
7518,0.9845924242424243
7031,0.9841021651964716
9467,0.9838802099533438
3847,0.9838671090047394
3371,0.9836422745548534
6951,0.9829435621354866
2991,0.9828732175502742
6678,0.9826760498384866
7849,0.9824253061224489
7162,0.9821543859649122
6981,0.9820990490124359
9216,0.9807804908485859
3659,0.9807070880867776
1783,0.980250980392157
3004,0.9799929611650485
3431,0.9799457049180329
6338,0.9798190625
7371,0.9795393939393939
4752,0.9788486238532109
6943,0.9747565830115832
4837,0.9717986842105264
3955,0.9716166389351082
3426,0.9701506961506963
9927,0.9692186104218362
5817,0.9672301412872841
9558,0.9663502884615385
6840,0.9655773999999999
7426,0.9649739130434783
7827,0.963316813700052
9145,0.9617741923076921
7235,0.9564224299065422
8142,0.9529860740740741
7379,0.950100384985563
5983,0.9291503135313532
7350,0.857806553998351
7441,0.8248181619256016
6143,nan
7366,1.281887051792829
6358,1.0453785714285715
7505,1.0379478648820903
9446,1.0367575601374572
1518,1.0361920508166969
8151,1.0315977777777778
8150,1.030496095544327
5644,1.0279503979460847
8508,1.02357745302714
8931,1.023180682764363
7022,1.0218759124087593
7987,1.0211092307692309
6319,1.0202429149797572
6730,1.019026680896478
4356,1.016442504743833
5965,1.0160382103990326
5449,1.0155177620858231
3945,1.0154522907488988
5388,1.0153828351012537
6272,1.0139952023988006
9220,1.0134041860465115
7637,1.0129351541850222
1879,1.012326384364821
8185,1.0122733914940023
9385,1.0115800664451828
4040,1.0101666666666669
7921,1.0094205918119172
3172,1.009167209631728
5698,1.0084128129602357
4406,1.0083991379310344
7608,1.0083689361702126
7487,1.0076682728410513
6455,1.0072372881355933
9259,1.007021688613478
2117,1.0056870236372408
3988,1.005631525423729
8041,1.0052820766378243
2152,1.005190243902439
4635,1.004683403508772
3320,1.0042351746547522
7613,1.00418877216021
4578,1.0041159420289856
7299,1.0033294424673784
4674,1.0028389830508473
7297,1.0026319365798413
5368,1.0025970099667774
3443,1.001624520766773
6513,1.0006271428571427
5821,1.00047371024735
1948,1.0000414314928425
1832,0.9999983679525222
9357,0.9998452860596293
7634,0.9996122619047619
9782,0.9980612612612613
5527,0.9955528873642082
4495,0.9944554455445546
7488,0.9938591715976333
6570,0.9937642585551332
6971,0.9920958481613286
4380,0.9899956172388605
4074,0.9899032220269478
6915,0.9895189374774124
8031,0.9894257862759113
2708,0.9878199508599509
7826,0.9873966311713456
4026,0.9855688888888889
5074,0.984500380228137
3895,0.9836119047619046
6276,0.9824078488372092
6562,0.9772251351351352
6857,0.9709764410428127
7265,0.9667
2483,0.9650265625000001
9475,0.9635135951661633
7191,0.9557838983050847
4107,0.9431483082271147
5900,0.9142087100330761
2982,0.5436182509505705
4376,0.0
6192,0.0
4519,0.0
8518,-0.0
7338,0.0
2449,0.0
3989,0.0
4366,nan
8622,1.0701052631578947
3136,1.0699005217391304
8737,1.0599608294930876
7732,1.0589750227341619
9104,1.0552851581508516
3494,1.0524203196347033
7467,1.0507873577749682
7949,1.0503223661779748
7715,1.049087649095806
1884,1.0485158062799362
9857,1.048491680085883
3284,1.047320220588235
7539,1.0458747252747251
7525,1.045450501002004
8707,1.044826502575844
8020,1.0446359767891684
9505,1.0436870967741934
1840,1.0435714285714286
7268,1.0424069078947367
7287,1.0411104541559553
5482,1.039728388746803
8890,1.0396436363636363
8037,1.0389776712328767
9115,1.0388630410654829
7927,1.0387573170731708
2216,1.0385532786885248
9101,1.0383189912506434
4633,1.038101086956522
8630,1.0380869889631588
9160,1.0376842105263158
4078,1.0357525374577092
1945,1.0354395348837206
6460,1.035053280173976
6379,1.0343950481430537
5036,1.0334950166112957
7685,1.0334208
7277,1.0330409411764705
7201,1.0326381947599577
5602,1.0324200145032634
5461,1.0323272336359293
6745,1.0319412237330037
8053,1.0318878351206433
7326,1.031741507870754
4956,1.0315363157894737
1909,1.031364418938307
6363,1.0309753943217665
6292,1.030701238938053
2812,1.0302364188163884
3861,1.030096025437202
1384,1.0300131004366813
7537,1.029910278745645
5988,1.0295988636363638
4208,1.0294873686297838
8002,1.029134819897084
5986,1.0289855799373042
4047,1.0288466819221966
4595,1.028676275768841
6837,1.0286016746411482
9274,1.028571137026239
1813,1.0285496761335327
6249,1.0284969267139479
3802,1.0284476370510398
4243,1.028403409090909
6059,1.0282380952380952
6237,1.0277332212885153
8103,1.0271799392097265
8137,1.0264390879478829
3401,1.0263289745354438
6810,1.026271607890018
3490,1.025767094408799
7888,1.0254823943661973
9896,1.0251948347107438
8076,1.0251592188919163
6330,1.0249370802919708
1929,1.0248197802197803
2332,1.0246604115226337
7217,1.0245400767018216
2359,1.0244677137870857
3612,1.02444
1963,1.0243709545563837
6718,1.0242435769102436
2475,1.024188638589618
2585,1.0239348148148149
2374,1.0238185714285715
7872,1.02375910543131
7643,1.023483606557377
8005,1.023331419939577
5970,1.0231331868131868
2918,1.0231314225053076
6742,1.0230636550308008
4611,1.0230391752577321
5659,1.0229481132075473
1968,1.0229348894348895
8061,1.0228970917225952
6617,1.0227980485483104
8101,1.0226338582677166
9029,1.022610939112487
4524,1.0225951342281878
4662,1.0224592857142856
6778,1.0224457342657343
3442,1.022444
9740,1.0224148480000002
6317,1.0223966735966734
9904,1.0223701754385963
4932,1.0222795382165604
9068,1.0222214002642007
9827,1.0222097777777777
6480,1.0221638989169677
9852,1.021758463385354
2060,1.0214886934673366
3933,1.0214075362318842
6539,1.021308742194469
3105,1.0211625000000002
2997,1.0209652849740933
2722,1.0209623036649214
1871,1.0208594011976049
7870,1.0207787671232875
3708,1.020578596491228
6277,1.020510048780488
7804,1.0205036432160806
3289,1.0203584330794342
4318,1.0202105563480743
6167,1.0201575471698112
4554,1.0200998284734135
8881,1.0200774074074075
3489,1.0199934426229507
4743,1.019982320942883
2737,1.019723181818182
7952,1.0195779831932772
9514,1.0195129740518962
4172,1.0194051282051282
9232,1.019246271285966
4212,1.0192200838574426
2053,1.0191126142595979
8835,1.0189866666666667
6879,1.018904794520548
6472,1.0188970846505092
3440,1.0187792147806005
8708,1.0186601391650099
8157,1.0184942980561555
3104,1.0182191933240612
2418,1.018186590909091
6136,1.0178253688989782
9275,1.0175948275862068
4043,1.0174651914893618
4331,1.0173232931726908
7229,1.0173111940298507
5471,1.0172693964808421
1952,1.0172335966735966
7906,1.0170963704630789
5699,1.0169393258426966
5933,1.0168214352283316
3841,1.016720861900098
6042,1.016101496062992
4224,1.0154039946737683
6863,1.015329156626506
7013,1.0151586602870815
7504,1.0149793408755534
6196,1.0147740089418777
4687,1.01474804964539
3176,1.0145200148257967
9621,1.0144153503893214
3524,1.0140416337285905
5757,1.0139915
9365,1.013950439882698
8844,1.013792
6901,1.0137407142857144
5352,1.0136804984423677
6789,1.0136440588235294
6958,1.0136322388059702
6326,1.0133943738656987
7966,1.0131575757575757
5940,1.0130064935064935
7726,1.0128856164383562
4641,1.0128531755424064
8032,1.012814657113613
5976,1.0128134865134866
7417,1.0126012527964205
9479,1.0125184357541899
6752,1.012302390670554
5284,1.012251312335958
4215,1.012185888501742
3420,1.0120264638783272
1976,1.0120077151335312
7841,1.0119266932270916
6222,1.0118089435438793
3636,1.0117159504132232
4012,1.0117050105857446
6089,1.0116974169741697
1888,1.0116413953488372
4401,1.0115494230393116
6309,1.0115249346405228
3670,1.0114068196721313
2491,1.0113494505494505
6349,1.0113352219074598
5951,1.0112204884667573
6203,1.0112078104993598
3912,1.0112033415841586
5121,1.0110778723404255
6772,1.0110413333333332
6144,1.0108871201157743
7480,1.010876839237057
9471,1.0108544014084506
3036,1.0108382570162482
3784,1.0107011636927852
8864,1.010666371681416
6748,1.010609561752988
4398,1.0104811244979919
1776,1.0104799999999998
3946,1.0103813773431132
2932,1.0103727146171695
4334,1.0100727272727272
2168,1.0099485312117502
2389,1.009854518072289
9976,1.0098178484107578
6771,1.0097654676258994
5464,1.0097258154235145
7840,1.009458202802968
4005,1.009426044226044
7628,1.0094057038834952
4189,1.0091966884531591
9413,1.0091007075471699
3421,1.0090735446313066
1663,1.0090236058059587
4298,1.0089205445544556
4228,1.0087386609071274
2462,1.0086937949052905
6282,1.0086714143426294
3422,1.0085888135593222
2540,1.0084767479674797
1946,1.008463093270366
5805,1.0083984969469235
1967,1.008362839248434
6351,1.0083551140065146
9717,1.0083260726072607
2120,1.0082153846153847
8040,1.008071186440678
8173,1.008045918367347
6630,1.0079954500494561
1942,1.007714887436456
9450,1.0076626787057938
5463,1.0076281989247313
7370,1.0075594024604568
7513,1.0075258620689655
1762,1.0074622655663914
2169,1.0073539428571427
7236,1.0073513333333333
4317,1.0073369230769231
5909,1.0073312169312167
4262,1.0073031784841078
6822,1.0071802163833077
6648,1.0071459967759269
6635,1.0070961608775137
3080,1.0070744444444444
7064,1.0070044195804198
7088,1.0069984790874524
7807,1.0069899692937563
2754,1.0069186602870814
6566,1.006827560050569
9312,1.0064352226720648
6556,1.006435101404056
2664,1.006411540008042
6538,1.0063354430379747
3712,1.006241698178068
3294,1.0061606237816763
7270,1.0061434273916037
5380,1.0060595209580838
2329,1.0058479931682323
7808,1.0057530578512397
7606,1.005748851454824
4719,1.005699647390691
1885,1.005669241011984
3891,1.0056488877654197
8230,1.005580523255814
5011,1.0055398398398399
3666,1.0055299864314788
6393,1.0054855954465851
6938,1.0054699115044248
7510,1.0054044882320743
2875,1.005333947144075
5302,1.0053266300768386
9353,1.0052611940298508
6907,1.0050119191919191
7438,1.0049755725190839
3604,1.004955617352614
6516,1.0049005263157895
3562,1.0048517509727626
7984,1.0048086021505376
6151,1.004760386965377
6361,1.004703652446854
4109,1.0046612560386474
7739,1.0046413537810683
5078,1.00464
9733,1.00461796875
3433,1.0045866372980912
6060,1.0045695866141733
2326,1.0045414054054054
6381,1.0043202341137123
4990,1.004309090909091
1717,1.0042408219178083
6229,1.0042115384615384
4827,1.004156129032258
6768,1.0038998211091232
6405,1.0038313035204567
9380,1.0036982698961938
4770,1.003368275862069
4481,1.0033420649651972
8945,1.0031666666666665
2464,1.0029050505050505
1712,1.0027052810902894
7751,1.0026853625170997
6356,1.002678516624041
3983,1.002540976744186
7567,1.0025174825174825
6941,1.0025156794425087
4020,1.002429268292683
9035,1.0024185614849188
3984,1.002364835164835
6776,1.0022928746928748
5161,1.0022259109311742
1723,1.0021636994219654
7999,1.0021368677042801
2170,1.0021142857142857
4308,1.0020237623762376
9034,1.0019532066508314
2899,1.0018611036339167
3059,1.0018247258225323
3924,1.0017679668049793
2908,1.001673029045643
5333,1.0016498486377399
9986,1.00159684915321
9765,1.0013378803777546
4828,1.0012906544901066
6291,1.0012791411042945
7847,1.0011910224438902
2186,1.0011415112855742
1795,1.001079739130435
2294,1.0010294473578056
5991,1.0004693181818183
4507,1.0003861800777745
3184,1.0003720593557726
7531,1.0003638371290546
4728,1.0003347354138399
7677,1.0003190476190476
4792,1.0002564356435644
7681,1.0002386009423705
6728,1.0002329564411492
1764,1.0002076800000002
4642,1.0001978193146417
6099,1.0001752136752138
8118,1.0001273684210525
4238,1.0001181494661922
3953,1.0001064846416383
7887,1.0000834020618556
8123,1.0000708446866486
7183,1.0000193103448276
7192,1.0000097173144875
7624,0.9999226027397262
3032,0.9999054862842892
8006,0.9998984514003295
9028,0.9998960363872645
6346,0.9998893023255815
2058,0.9998127659574467
8138,0.9998043243243243
2385,0.9997122807017544
9928,0.9996666059502125
9367,0.9996213406292749
9980,0.9995654205607477
6190,0.9994578096947935
4725,0.9992450368689734
9692,0.9990505948653725
2179,0.999030337078652
7980,0.998812960609911
4341,0.9986429234338748
4975,0.998265273311897
6989,0.9982624472573841
2669,0.9982573743922205
9355,0.9979566003616636
7811,0.9977821471652591
2461,0.99761608040201
8059,0.997435230934479
8174,0.9974090252707581
7689,0.9973001615508883
3901,0.9972341275167785
6881,0.9971541666666667
5287,0.9969964110929852
4463,0.9969574750830565
1850,0.9967513432835821
8127,0.9967201238390093
2436,0.9966957746478875
6071,0.9966711811023623
9742,0.9966470802919707
6877,0.9966077720207253
6448,0.9965777039651235
7625,0.9965631768953068
4767,0.9965164556962024
2479,0.9964138461538462
9760,0.9964006896551723
6045,0.9959758551307847
5982,0.9957813070639117
3341,0.9957776422764228
9081,0.9956088958990535
6918,0.9954590809628008
1899,0.9951567801857585
7509,0.9950305131761442
6817,0.9949791748526523
9405,0.9947206751054852
9902,0.9946134082697712
9744,0.9945923076923077
5906,0.9943591623036651
4931,0.9941670157068064
7427,0.9941524355300858
4623,0.9940381246490735
2173,0.993956990881459
4732,0.9939306774519718
6701,0.9938676431424767
9060,0.9938134087694483
3150,0.9936423493714781
7461,0.9936091872791522
7521,0.9934786565547129
7983,0.993373138444567
4482,0.993366612111293
4531,0.9933053333333334
6517,0.9932299342105263
1716,0.9929778726708075
4333,0.9929735524256651
4839,0.9927669894366196
4832,0.9925890625
4361,0.9925801603206413
7079,0.992536091081594
6962,0.9923527272727272
6518,0.9922697898423818
6676,0.9921216372391654
2984,0.9919150655021833
9319,0.9918512658227848
1982,0.991730166880616
4362,0.9916913932844463
3482,0.9916823814655172
6961,0.9916596752626553
8876,0.9914816187828236
9322,0.9914492647058823
1429,0.9914107485604606
4726,0.9912812583074879
6858,0.9912612068965517
7292,0.9911180597014926
7372,0.9909393511988716
4491,0.9909308260577568
9691,0.9905119798234552
4433,0.9904797760671799
7938,0.9903014634146342
6235,0.9901864056552474
5386,0.9901482233502537
9242,0.989806978119456
9889,0.9897099719101123
6957,0.9897054485049834
3948,0.9895645790554414
6164,0.9891145774647886
1799,0.9889576449912126
7483,0.9886940807174887
4234,0.9886346863468634
3695,0.9872304434811604
3236,0.9865532894736844
2726,0.9863151702786377
7605,0.986280760095012
7727,0.9859849884526559
2195,0.9856005141388176
3238,0.9855805555555557
3968,0.9851290258449305
2806,0.9846717355371901
6668,0.9843163351416516
6149,0.98426916
7989,0.9841167609618104
9265,0.9826024551463644
6484,0.9825217582417582
3878,0.9822624633431085
8085,0.9821296953335904
6549,0.9807585034013607
6864,0.9800099084096586
6779,0.9791419354838709
6254,0.9788894581280789
2588,0.9778511312217195
1965,0.9751732592592592
7122,0.9747107591988823
6862,0.9729584677419354
6875,0.9726886842105262
7434,0.9715142698500834
2150,0.9709855394883204
6640,0.9698628768844221
9686,0.9684681415929203
5070,0.968303743315508
2780,0.9669294791666666
3830,0.9664910703725607
4290,0.9658977382875606
9914,0.9650436158192089
6707,0.964795038588754
9408,0.9646645161290323
3677,0.9646556634304208
7388,0.9515406008583691
9369,0.9417679802955665
3892,0.9348282442748092
7131,0.9246886046511628
8699,0.0
6723,0.0
8617,-0.0
7238,nan
4349,1.0822716235294119
9919,1.0675845994475137
9110,1.066400253807107
5410,1.0650899346405227
4617,1.0609074538745389
5480,1.054589666307858
9260,1.0526295975232198
8732,1.0524456953642383
8091,1.0520898630136986
9503,1.0510973285198557
9506,1.0503215171558495
9556,1.0497968674698797
7250,1.0497159106769016
4619,1.0496
2892,1.049523994778068
6103,1.0494337642585552
4994,1.0479126803086214
5013,1.0456406735751294
2778,1.0455383084577115
5632,1.0454235761589403
9504,1.0453586566677535
9302,1.045308943089431
8596,1.0451735521235521
8007,1.044952688172043
7414,1.0446316095293433
6247,1.0440199582027168
6328,1.0439312522952624
2146,1.0437398027790228
3863,1.042667804154303
9509,1.0424819073903708
4064,1.0424585673352436
1662,1.0424014209591472
6279,1.0418291768541157
6419,1.0417525277877377
7266,1.0415946236559142
6134,1.0410946643717727
9233,1.0409218262806237
7283,1.0408552729992522
1810,1.0404626474442988
8893,1.0404336973478938
9508,1.0402625589501744
2877,1.0402489361702127
7791,1.0400694259012015
4690,1.039925
3526,1.0396759844223278
7259,1.039150725663717
9248,1.039015552855407
6470,1.0388796440489434
6754,1.0387540983606558
6471,1.0387528530670471
5021,1.0387225475285171
7296,1.0386315789473684
9507,1.038578700537372
3050,1.0384102141680394
9535,1.0383640102827765
4042,1.0378861313868613
5981,1.0376975
9069,1.0376631679389312
5423,1.0376056379821958
7033,1.0374450053323854
3157,1.0372965012205047
9996,1.0372732504905167
3286,1.0368158362989324
7917,1.0366615612382235
8159,1.0363150714285714
8524,1.0358831024930748
7863,1.0355460335195532
1867,1.0349443559096947
4229,1.0348614457831327
8624,1.0340790896159318
5273,1.0338794366197182
7180,1.033626459143969
4205,1.0333074856046065
3950,1.033104152139461
3280,1.0327606367583213
4018,1.0325616724738675
5715,1.032197142857143
7105,1.0318983162518303
3513,1.0318744036105738
6675,1.0318062857142858
6615,1.0314059917355372
5958,1.031366093600764
7047,1.0311753086419755
9994,1.0308726366448953
6632,1.0306910688140556
5019,1.030467190226876
3204,1.0304410480349344
8065,1.0303956349206347
5563,1.0297210526315788
5992,1.0296980198019803
4216,1.0295409472259809
7267,1.0293420927467303
4027,1.0291117518248176
8704,1.029094395280236
6457,1.029039302481556
4275,1.0289893193717277
8088,1.0287119708029198
3952,1.0287065957446808
2292,1.0286072346786248
4246,1.0285956521739128
3040,1.028586695652174
1972,1.0285289987639061
9213,1.028507894736842
5852,1.0284299647473563
8877,1.0283021487603305
6257,1.0281941470378302
8334,1.0279231651376146
3134,1.0277960088691795
3055,1.027629589041096
4620,1.027614561027837
5411,1.0275494294842538
4539,1.0274746794871796
7981,1.027405288720993
6493,1.0273775075987843
7442,1.0272767759562842
6141,1.0272268973653165
4198,1.0272077257363592
9845,1.026794014084507
4838,1.0266674868189807
2267,1.0263732452518581
3299,1.0262345837145472
7226,1.0262090909090908
2395,1.0261424145299145
5851,1.0260888815789473
4348,1.0259611918604652
7280,1.0259481668773704
7760,1.0258664031620552
6378,1.0258037533512063
5105,1.025727280625543
1828,1.0257187898089173
4008,1.0257119205298013
1401,1.0255971042471042
7944,1.0255471219512196
7466,1.0254555844155846
6325,1.0254227848101265
2788,1.025252071005917
2730,1.0252267253044656
8570,1.025102677532014
7719,1.0250370370370372
8078,1.0249812644889358
4235,1.0249725931131413
1966,1.0245762977473065
6715,1.0245664739884393
8793,1.0244790153846153
6159,1.0243157224697643
7638,1.0242616796440491
5707,1.0242531784841076
8075,1.0241888601036269
1739,1.0241030674846627
9324,1.0240539831302717
6703,1.0240353876739563
3435,1.0240276442307692
6332,1.0239410606060606
7231,1.0238292730844794
1961,1.0238200862600124
9818,1.0236127331711273
7004,1.0235907032181168
9025,1.0235053774560496
7972,1.023427104042412
6412,1.0234056876456876
5334,1.0233358747044916
3501,1.0232892430278884
1743,1.0232768729641695
1333,1.023215900233827
2763,1.0232151898734179
6316,1.0231643617021278
2270,1.0231321412996075
4977,1.0230363892806773
5714,1.0230150935282736
8273,1.0229840868906288
8077,1.0228129032258064
6226,1.0226623520126281
6302,1.0226463607594938
6420,1.0226199794026776
8104,1.0225429553264604
3241,1.0225327800829875
4093,1.022424
8892,1.0224057877813504
9830,1.022388979591837
5711,1.0223477470028937
6626,1.0223096907216496
6486,1.0219526564344747
4031,1.0219287958115182
4979,1.0218863350485994
6369,1.0218196153846155
9995,1.0216989247311827
8566,1.0216794526795896
3741,1.021650916905444
6463,1.0215136438356165
2531,1.0214970024979186
9303,1.0214893081761005
3865,1.0214543778801843
6638,1.0214415094339622
5075,1.0214235971223022
8999,1.0213810641627543
6454,1.0213353991979583
4044,1.0213285666104555
6310,1.0213267962806423
5218,1.0213097072419106
5953,1.0212928050559065
6210,1.0212892128279885
7241,1.0212214379084967
1934,1.0211666666666668
3288,1.0211496255419787
1719,1.0211424164524423
2222,1.0211063301613572
2499,1.0210577380952381
4088,1.0210254428341385
9513,1.0209774193548389
6083,1.0209031770045387
2768,1.020879682733374
6366,1.0208591029023746
2471,1.0207798742138365
5610,1.0207769161406672
7202,1.0207498005849507
3951,1.0207073779795686
8283,1.020684051172708
6140,1.0204056433408577
7003,1.020404482758621
7182,1.0203929285165259
7931,1.020237903930131
8424,1.0202068547717844
6982,1.0201879999999999
6331,1.0199815428983416
5212,1.0199604819277108
3941,1.0199210526315787
5703,1.0197685086155674
6157,1.0197674242424242
6844,1.0197224222585926
2734,1.0197156373193166
3676,1.0196949152542372
9074,1.0196163568773233
8194,1.0195252747252748
3679,1.0195076335877864
6250,1.0194989583333334
4886,1.0194661556603772
7374,1.0194052469135804
3232,1.0192749122807019
6333,1.0192583069620254
1811,1.0191814804845223
2309,1.0190714285714284
8897,1.0190683544303796
4526,1.0190679296346414
4099,1.0190417675544794
1833,1.0189575723830735
7501,1.018939125
4299,1.0188776353276354
1301,1.0188679187817258
4249,1.0187866369710468
9795,1.0187809688581315
4936,1.018745092322643
6973,1.018734715690466
7246,1.01868679245283
7940,1.0186799072642967
8219,1.018631238779174
5802,1.0185796835970025
9273,1.0185509219858155
9842,1.018478320802005
4028,1.0184372045914922
8130,1.0184206659800892
4996,1.0183778880866428
7291,1.018244602851324
3190,1.01810667752443
1835,1.018084206943499
9990,1.0179654403567449
4547,1.0179230088495574
6390,1.0179021594684385
4272,1.0179009203681473
4680,1.0178807142857145
4651,1.0178670807453416
8923,1.0178586742620404
7805,1.0177249655172416
5932,1.0177199152542373
2221,1.0177084435797668
4218,1.0176859486057954
2286,1.0176745519713262
8131,1.0175938232994526
3598,1.0175487804878047
2154,1.0175075749318803
7762,1.017474347826087
7254,1.0174191326530613
5949,1.0174094909404656
8058,1.0174065656565656
1930,1.0173813411078718
9258,1.017303
8029,1.0172973040439341
5125,1.0172877761413845
3558,1.0172722048719551
7670,1.0172512040557666
6135,1.0172068606431852
2127,1.0171926337734538
4644,1.017175
4762,1.0171619596541788
8070,1.0170576923076924
9997,1.0170485119047619
7716,1.0170214592274678
2344,1.0169532467532467
6464,1.0168788732394365
7595,1.0168450602409638
5607,1.016833766233766
3854,1.0168288144329898
4095,1.0168092224231464
9366,1.0168000000000001
6820,1.0167942942942942
4041,1.0167733454545456
2335,1.0167659630606862
1893,1.0166032388663968
6926,1.016485342019544
5110,1.01645396729255
6798,1.0164432213678671
6882,1.0164361111111113
8074,1.0163674969770253
7544,1.0163093406593406
4658,1.0162996183206108
6118,1.0162859421734796
7240,1.0162850667338201
3849,1.0162583148558757
7559,1.0162428184281842
8084,1.0161870967741937
5285,1.0161857562408223
5195,1.0161199268738572
6376,1.016067258382643
8081,1.0160492003046457
4471,1.016015042735043
4124,1.0159936426116838
1971,1.0159757469244288
3475,1.015970554493308
6183,1.0159279746835443
7593,1.0159203522504894
8285,1.0158965299684541
7879,1.0158941348973607
4118,1.015888717156105
7792,1.0158333333333334
2429,1.0158176276771005
8133,1.0157764784053156
8098,1.0157523322683706
8260,1.0157023684210527
3649,1.0156540504648075
5946,1.0156445610687024
7368,1.015635507733692
2196,1.0155953271028038
9064,1.0155448459958931
3405,1.0155415019762846
5191,1.0155308586762077
8012,1.0154557328228038
7272,1.0154131264309336
2427,1.0154099567099568
6699,1.0153689940828403
3359,1.0153601562499999
4183,1.0152619809130772
3683,1.0151976982097186
2331,1.0151944136555087
7675,1.015169847715736
8572,1.0151284403669725
6364,1.0150614423076922
1812,1.0150553523731252
7723,1.0149739476678044
8860,1.0149103542234332
9729,1.0148802631578948
4188,1.0148570064707754
3201,1.0148371471025261
3407,1.0148132780082988
1853,1.0147976470588238
2317,1.0147040892193309
4202,1.0146199840127899
1768,1.0146053608247423
9363,1.0145279999999999
6794,1.0143620585267408
6428,1.01434243902439
2353,1.014225352112676
7902,1.0141752105896509
7911,1.0141184895104896
8898,1.0141156456173421
3132,1.0140796728307255
3276,1.013977212971078
7164,1.0139520667888413
3023,1.013895348837209
6473,1.0138914245216157
2587,1.0138767472527472
7823,1.0138552147239266
6158,1.0138487619047618
1904,1.0137238704177323
5184,1.013630016583748
5018,1.0135915966386555
9432,1.0135628539071349
3678,1.0135082203389831
5481,1.0134959266802444
4119,1.0134545454545454
8842,1.0133926923076924
7514,1.0133510869565217
8276,1.013333972392638
6101,1.0133275862068967
6061,1.013279792746114
1939,1.0132785789658811
7082,1.013263245412844
2108,1.013230809399478
3696,1.013218134715026
2303,1.013108108108108
2485,1.0130967177242887
3020,1.0130573839662447
3402,1.013039203084833
4581,1.013028492617232
7899,1.0128870967741936
6928,1.0128527446300717
7740,1.0128483588621446
6744,1.0127801017524025
6058,1.0127198712791632
7752,1.012687175513367
8927,1.0125652360515023
4222,1.0125312302839116
7819,1.0125156576200416
2153,1.0125152386428982
5658,1.012462783171521
3271,1.0124443890274315
9685,1.0124216417910448
7276,1.0123831154442722
9989,1.0123236744759556
4538,1.0122657534246575
9682,1.012250909090909
7908,1.0122
7614,1.0121785772690108
2795,1.0121331578947368
9143,1.0121254308093994
8057,1.0120353982300885
9039,1.0119651563753007
9076,1.0119320448580291
5660,1.0119151119402985
4673,1.011823296158612
2301,1.0118014903129657
6797,1.0117818955042528
2917,1.011725641025641
2961,1.011718055083305
6138,1.0116663090128757
6400,1.0116042857142857
9993,1.011597133757962
1807,1.0115747899159666
7126,1.0115674418604652
2927,1.0115515228426397
6322,1.011536802507837
5204,1.0114275759822091
2307,1.0113976539589444
9702,1.0113962577962579
3323,1.0113720930232557
6929,1.0113372747747746
7451,1.0113321025641024
6201,1.0112966114649682
9672,1.0112913432835822
4848,1.0112719447396386
8018,1.0111849936948296
9065,1.0111644169406304
6777,1.011121568627451
3160,1.0110736551724138
7844,1.0110673211781207
9428,1.0110527831094047
4439,1.0110268656716417
6396,1.010996913580247
7361,1.010979679144385
7305,1.0109684285207519
1928,1.0109490090695332
2876,1.010864768683274
3087,1.0108622317596565
3864,1.0108476821192054
9066,1.0108091588785049
3551,1.0107801212121212
8769,1.010756862745098
6297,1.0107511578947368
7220,1.010742276923077
6245,1.01071938346567
7673,1.0107027385892116
4540,1.0106907194244605
2181,1.0106758422350042
5208,1.0105056603773586
4381,1.0104914712153519
7367,1.010465816917729
9982,1.0104593293207225
4094,1.0103732789855073
3177,1.0103452247191012
5217,1.010268
1941,1.0102414078674946
3092,1.0102405104831358
4430,1.0102298573975046
3254,1.0102131004366812
8908,1.0101994778067886
9075,1.0101910432569976
9948,1.010190231362468
6373,1.0101740294511379
7958,1.0101432341851697
5301,1.0100922288642187
1861,1.0100670638297873
1911,1.0100501839201261
9412,1.0100497854077253
7228,1.0100345335515548
7464,1.0100227664670658
1975,1.010015302344714
8291,1.0100121900826446
3452,1.010003634232122
7360,1.009943152173913
4113,1.0098388732394368
1439,1.0098299270072992
7590,1.0097692913385825
9073,1.0097650868878358
3131,1.0097148561614426
7781,1.0097083870967742
6977,1.0096840336134454
9831,1.009680957562568
3512,1.00967476635514
3577,1.0096406249999998
9856,1.0096254835996634
8060,1.0096210987877225
4097,1.0095618229854688
2114,1.009557915057915
4659,1.0095109565217393
7607,1.0094226295828068
6724,1.0094086401361992
7533,1.0093988970588237
7985,1.0093363150867822
6186,1.0093125
4998,1.0092737037037036
7551,1.0092515103338633
4534,1.0091553823088455
2497,1.0091509433962265
3723,1.0091410352588146
7623,1.0091176271186442
9130,1.0091049822064058
7486,1.0090883928571428
9059,1.0089781456953641
5199,1.0089602825745685
4544,1.008956377952756
6327,1.0088811594202898
4242,1.0088121546961324
9913,1.0088026101141925
3763,1.0087641838351824
4284,1.0087533039647576
6069,1.0087359442993906
4707,1.0086968023255816
5819,1.0085951568894953
6741,1.0085412765957447
3553,1.0085257686676428
7224,1.0084764705882352
8804,1.008445744680851
5288,1.0084434907010016
3548,1.008413431013431
2613,1.0083651905829596
3467,1.0083214515093128
9699,1.0082821529745043
6932,1.0082410015649454
1450,1.0082203847915714
9543,1.0082096172718351
3738,1.0081982436260621
3758,1.008197783933518
4082,1.0081841552990556
6694,1.0081801501251042
3477,1.008168
6073,1.0081558935361217
3181,1.0081409455842998
6592,1.0081241834451902
7444,1.0080917425622344
3024,1.0080882051282052
2379,1.0080817391304349
5713,1.0080793589452146
6498,1.0080753623188408
6335,1.008
6866,1.0079889764868604
5201,1.0079739511823036
9880,1.0079263420724096
5079,1.0079135802469135
6734,1.007844942294637
6034,1.0078307760141094
7420,1.0077553078556263
9551,1.0077340482573727
1766,1.0077328571428572
6853,1.0077136363636363
9769,1.0077134020618557
9193,1.0077128205128205
3277,1.0075834430856068
3834,1.0075600638977638
8154,1.0075504160246531
5609,1.0075328780487804
2185,1.0075301833568404
8928,1.0074962518740629
9632,1.0074539159109646
2599,1.007430679785331
3391,1.0073679840716774
7128,1.007301005586592
4955,1.0071527326440177
3182,1.0071004350528279
8217,1.0069201149425289
6340,1.006900677021107
4763,1.0068757475083057
5857,1.0068691091196624
7354,1.0068643162393163
9402,1.0068486970684039
1944,1.0068170955882354
5903,1.0067802907915993
3416,1.0067287272727272
3034,1.0067268174474961
3291,1.0067082244118237
9051,1.0066987577639752
6770,1.0066810019267822
7988,1.0066680279141897
6999,1.0066534741523068
2004,1.0066170212765957
3231,1.0066069810818012
8275,1.0065804132973946
2782,1.0065719346049047
6925,1.0065378475089457
6804,1.0065280875455966
4914,1.0065007973421927
7919,1.0064767295597485
2693,1.006416835016835
3096,1.006403162055336
6070,1.0063929130613924
9600,1.0063888564760795
4521,1.0063885714285714
6425,1.0062701722574796
7731,1.0062340627973358
4718,1.0062316526610644
9854,1.006190340909091
3252,1.0061796663190823
6028,1.006155610205964
2902,1.006104
6081,1.0060943452380953
7419,1.0060832440703902
6482,1.0060826277372263
8014,1.0060276702269693
8214,1.0059835806132542
7610,1.0059
2003,1.005884448979592
6039,1.0058773155851357
6914,1.0058539221741816
9906,1.0058410859728508
6897,1.0058198076923077
8278,1.0058147816349385
4516,1.0058045504819086
5187,1.0057926910299004
6905,1.0057666666666667
3141,1.005729359396168
6674,1.005695756665415
6757,1.005688524590164
7717,1.005664677574591
2689,1.0056633444075305
1436,1.0056526123936815
6467,1.0056449468085107
1949,1.0056207642393655
9278,1.005545709703288
3355,1.0055405105438402
5202,1.005491347342398
8066,1.00545908766928
7846,1.0054526603001364
8025,1.0054331525948876
5984,1.0054148247978436
8830,1.0053178075141533
2411,1.0053137055837564
4367,1.005308379413016
5233,1.0052875471698113
2415,1.0052305451127819
7915,1.0052266666666667
9305,1.0052057636887608
5987,1.0051942959001783
2987,1.0051937768240344
8282,1.0051603498542274
5929,1.0051385311871228
7871,1.0051229357798168
7820,1.0051212669683258
4100,1.005005378590078
5244,1.0050030690537084
7735,1.0049836835599506
9698,1.0049470775770457
2384,1.0049434689507495
6092,1.0049393939393938
5393,1.0049027079934747
4784,1.004852567237164
2666,1.0048342541436464
1951,1.0048002610966056
5279,1.004792098765432
7040,1.004760953461975
7222,1.0047312280701757
3001,1.004728178694158
2372,1.0047233684210526
2264,1.004644499733428
2883,1.0046303153611393
2393,1.004630106888361
7953,1.0046238329238328
6963,1.0046034078807242
5331,1.0045947588424438
4395,1.0045860927152317
3457,1.0044966601178782
2122,1.0044831223628692
4714,1.0044798387096774
3540,1.0044741973840667
6937,1.004390564102564
8117,1.0043473288590603
6855,1.0043320204230488
6994,1.0043306209850107
7315,1.004324193548387
9017,1.0042978828163465
3183,1.004294025735294
1979,1.004285110619469
4930,1.0042810640216413
9532,1.0042532900081234
9085,1.0042521828908555
2112,1.0042298850574711
2425,1.0041754874651811
6063,1.0041636904761904
6347,1.0041241935483871
1808,1.0040622968012585
6074,1.0040380952380952
2700,1.004010035335689
6870,1.0038950849514563
5729,1.0038726615969582
9739,1.0038604925053534
9697,1.0038203899721447
6832,1.003818911637931
7718,1.0038145899893505
7713,1.0037838792549776
5484,1.0037633405639912
1417,1.0037429951690822
6969,1.0037429597701149
4461,1.003678448275862
3626,1.0036766474339507
3931,1.0036658031088082
6988,1.0036003160685154
7482,1.003583290267011
7520,1.0035703033268102
3293,1.0035680051813474
2055,1.0035235955056179
7213,1.0035146473779386
6392,1.0034940350877193
9539,1.0034933333333333
5282,1.0034668874172183
9684,1.0034615414634145
6362,1.0034469677419355
9890,1.0034322033898304
9533,1.003411083413231
9835,1.0033852040816327
6769,1.0033802224969097
6113,1.0033779993353273
4528,1.0033778940027895
4021,1.0033375058971536
1860,1.0033315217391303
7362,1.0032112733171126
2692,1.0031869298245615
6867,1.0031183706070288
8850,1.0031062307428962
5262,1.0030831228473018
2659,1.0030666945606694
1721,1.003059245041587
7456,1.0030283544303795
6704,1.0030222646310432
5363,1.0029635820895522
1738,1.0029574074074077
7214,1.0029054316197865
6834,1.002898076923077
6125,1.002860581818182
7218,1.0028389830508475
8158,1.0028066860465115
2916,1.002763888888889
2993,1.0027384615384616
3437,1.0027113411764705
5542,1.002679301745636
6248,1.0026565533980583
6643,1.002637621922898
6080,1.0026272388059703
8144,1.002619282868526
7425,1.0026075
6894,1.00256753894081
3469,1.0024800959232614
4549,1.0024344070278184
3187,1.0024232419547079
9037,1.0024163793103449
9147,1.0023967704728949
8155,1.0023846817691477
4450,1.0023834408602152
3772,1.0023475609756096
4301,1.0023399108847868
6856,1.0023294292068199
1997,1.00231875
3103,1.0023029268292682
9908,1.0022749999999998
2742,1.0022681904761903
6336,1.0022291612903225
7203,1.0022260370370373
4735,1.0022195180722893
9867,1.0021970577617327
3093,1.0021403676470588
6890,1.002136923076923
7837,1.0021153846153845
3228,1.0020742574257426
3076,1.0020629222972972
3768,1.002048
4372,1.0020123743232792
4636,1.001992232330301
9633,1.001988382484361
7994,1.0018470588235293
7928,1.0018470187393524
2124,1.0018194335169157
7649,1.0017979296414745
8152,1.0017559610705598
7157,1.0017377319587628
4045,1.001733630952381
6262,1.0017
4295,1.0016767716535433
8023,1.0016624427480916
4902,1.0016361767728672
7215,1.0016179310344828
6533,1.001614985590778
9895,1.0015565528196984
3593,1.0015280125195618
2148,1.0014897260273972
3486,1.0014069525959368
5237,1.0014034319526626
6459,1.0014030368763558
7475,1.0013799504950494
7950,1.0013758752997601
4221,1.001354261473197
3002,1.0013441241685144
5990,1.0013106253177428
3970,1.0013091997008228
3836,1.001250614439324
2198,1.0011649315068492
8227,1.001106127285037
8045,1.001089156626506
9409,1.0010886390532545
4120,1.001075736778361
1869,1.0010444055944057
6402,1.000978614200171
9799,1.0009360694554064
1718,1.0009161852260198
5290,1.00088202020202
1950,1.000665573770492
3302,1.000607290589452
9932,1.000532608695652
5962,1.0005008219178082
9955,1.0004657613535173
2121,1.000425727541122
5969,1.0003906526994362
2814,1.0003664571428572
3826,1.0003499999999999
4624,1.000339495268139
7923,1.0003106796116503
3071,1.0003044247787611
9843,1.0002995451825256
2437,1.0002915887850468
6496,1.000260202302058
1798,1.0002599388379205
7749,1.00024455667789
6874,1.0002341463414635
6846,1.00022410041841
1892,1.0002209523809522
5395,1.0001974074074074
2489,1.0001880650994575
2907,1.0001809255079006
7883,1.0001779569892473
8854,1.0001734285714285
6809,1.0001698113207547
4365,1.0001646005509641
6111,1.0001644829199814
9466,1.0001286274509804
5930,1.000120795660036
6654,1.000113624220837
6091,1.0000984790874523
6619,1.0000871062992125
7857,1.0000709433962265
9562,1.000069318181818
4678,1.0000516129032258
7671,1.0000277426160336
4445,1.0000033375052149
9761,0.9999954614220878
9433,0.9999670526545772
3857,0.9999596858638743
6265,0.9999308970099666
9407,0.9999267441860465
7725,0.9999005825242718
8072,0.9998934782608695
6824,0.9998829670329671
8011,0.9998576364546822
7446,0.9998546577181208
9647,0.9998426751592356
9360,0.9998105142857143
4976,0.9997991379310345
2480,0.9997922371206773
6295,0.9997871287128712
2349,0.9997824
2137,0.9997822055137846
6048,0.9997766871165643
9974,0.9997741484716156
6647,0.9997740476190475
1981,0.9997679166666665
6508,0.9997607476635514
9027,0.9997424516129032
9087,0.9997234444444444
5921,0.9997105828220859
2976,0.9997093833780161
3657,0.9996850094876659
9709,0.9996753846153845
9414,0.9996727868852459
3954,0.9996712047541868
7905,0.999663205342237
1443,0.9996417040358745
1827,0.9996388888888889
2408,0.9996340579710143
3375,0.9995333333333334
6542,0.9995253038674032
5942,0.9995080168776372
7817,0.9994989384288746
2911,0.9994963702359346
3495,0.9994175749318801
3202,0.9993182795698926
2903,0.9992883116883118
3986,0.9992395095367849
6823,0.9992387096774193
4995,0.9991862068965518
9942,0.999171
3138,0.9990970833333332
5129,0.999096
4626,0.999076872074883
5905,0.9990462597247156
4251,0.99902777385159
6908,0.9990179047619049
9301,0.9989905337361531
3248,0.9989420518602028
2750,0.9989167567567567
7208,0.9989107142857144
3922,0.9988700057570525
5571,0.9988171539961013
3817,0.9988154375896698
7219,0.9988075069508806
4345,0.9987527896995708
2183,0.9987363367799116
5922,0.9987174370709382
6599,0.998713149078727
7076,0.9987027368421053
3396,0.9986725708502024
9787,0.9986032218844985
9757,0.9985789655172413
9755,0.9985689530685922
7963,0.9985655319148936
2904,0.9985538461538461
3947,0.9985225933202357
3539,0.9984231876606683
3963,0.9984172291296625
7896,0.9982992125984251
3436,0.9982965623396614
7734,0.9982856716417912
7722,0.9982854961832061
9679,0.998241818181818
9776,0.9982375123395856
1444,0.9981843113284433
3844,0.9981104876996115
3191,0.9981030147895337
8115,0.9981018987341772
3321,0.9980788340807175
9476,0.9979816777041943
5357,0.99794227865477
4171,0.9978980392156862
9753,0.9978765978367747
6543,0.9978529914529917
7247,0.9978315789473684
3843,0.9978250000000001
3088,0.9977973139339676
2305,0.9977836705202313
9404,0.9976984126984129
2999,0.9976931578947369
4671,0.9976869654817103
1420,0.9976850480109738
7937,0.9976473662719476
1841,0.9976177589852007
6278,0.9976125
9470,0.9975802525832376
9401,0.997561344203619
9628,0.9974699427480916
1381,0.9974306197654941
4761,0.9974228710462287
7067,0.9974010591350397
7129,0.9973639408866994
7279,0.997349344978166
1770,0.9973092876465283
7416,0.9973078651685394
7813,0.9972758672699851
2654,0.9972468319559229
9040,0.9972197714285714
8218,0.9970224761904762
3640,0.9969996813256852
1959,0.9969877294067435
3969,0.9969387895460797
9759,0.9969098730606489
3322,0.9968901253918495
4335,0.9968761341222878
4464,0.996863746223565
4403,0.9968446787148594
1430,0.9968256962025315
3537,0.996795744680851
6365,0.9967817004048583
9903,0.9967342028985509
9972,0.99670608365019
5928,0.9965898989898989
9959,0.9965492957746478
6094,0.9965090137857902
3361,0.9961910526315789
9359,0.996147284768212
3766,0.9961384615384616
3608,0.9960834567901234
7575,0.9960822164948453
8871,0.9960184032476318
9816,0.996012
3107,0.9959332635253053
8022,0.9958862236286921
1960,0.9958255681818181
4396,0.9958034351145039
9687,0.9957675319643549
8995,0.9955570909090908
6035,0.9955018932874354
3151,0.9954265469061876
5127,0.995403018268467
3902,0.9952919254658386
9310,0.9952760606060607
7850,0.9952222863741339
6050,0.9949216560509556
7942,0.9949209006363191
8043,0.994725955967555
6284,0.9947257362637362
4676,0.9946492509363295
6239,0.9946093279839519
1994,0.9944843023255814
6150,0.9944361839604714
9625,0.9943568281938324
1844,0.9943301587301586
5997,0.9943068642745709
2767,0.9942910688140556
4748,0.9942544086021505
4063,0.9942157034308083
9531,0.9942093777646711
4196,0.994140625
9882,0.9940497627833422
4834,0.9940464705882353
7459,0.9939518100890208
6597,0.99377234421365
2735,0.9937694214876033
3998,0.9934549019607843
3627,0.9932852017937219
7463,0.9932724170616113
9311,0.9932281739130434
7922,0.9932168466522678
6368,0.9931324523809523
3964,0.9931288343558281
4577,0.9931170212765956
4347,0.9931122905027935
6036,0.9930159176672383
3944,0.9930112803622889
2433,0.9929712078080521
4323,0.992715824468085
5310,0.9926886346863469
3480,0.9926709888059703
2325,0.9925838935108154
2477,0.9925257834192782
8233,0.9924649908592323
6677,0.9924338870431892
6062,0.9924047863247865
6200,0.9923370048309179
5695,0.9922244121419409
7081,0.9921946024096386
7273,0.9921845710165826
3384,0.9920475746268655
3981,0.9920166236003447
1788,0.9919632114467409
9441,0.9918978015448604
7636,0.9917150383141763
3991,0.9916571917808218
8111,0.9915951479289941
3687,0.9915422715627669
8914,0.9915277173913044
9364,0.9915107142857144
6343,0.99141875
7971,0.9912765027322405
6490,0.9912538540332906
4712,0.9912214207650274
8903,0.9906537931034483
6382,0.9906142401700319
9036,0.9905251585623678
8225,0.9904421739130435
6540,0.9904371335504886
4498,0.9902902281532501
7939,0.9901581081081082
8242,0.9900654906284454
8013,0.9899999999999999
2424,0.9898811079545454
8198,0.9897295841854123
2805,0.9895889312977099
3374,0.9895770609318996
3997,0.989546153846154
9563,0.9895180897250361
6492,0.989460212933754
2503,0.9893945454545456
6408,0.9892939842519685
9956,0.989279561042524
6698,0.989247311827957
9502,0.9892039408866995
6580,0.9890400000000001
3974,0.98896
6407,0.9889529354682193
3347,0.9889310344827588
9368,0.9886552478134112
3159,0.9885157434402333
4722,0.9884013944223108
6076,0.9883819969742813
5915,0.9883205778003042
5280,0.9880636585365855
3580,0.9880354752342704
8215,0.9880018604651164
3856,0.9877467459138187
9436,0.9876028881987579
4754,0.9874644427596664
2685,0.987429191253037
4616,0.9874263285024155
5020,0.987399512195122
4287,0.9873925233644859
5458,0.9873847800237812
7435,0.9873716455696202
4918,0.9871604519774011
6750,0.9867738382099829
5101,0.9867446658097685
6485,0.9865769550748753
7255,0.9863424603174603
4496,0.9862445682451254
9078,0.9862252202643172
7043,0.985847448015123
2412,0.9857251040221914
9627,0.9856889795918369
9977,0.985233946902655
6912,0.9851347274085137
9651,0.985094328358209
6049,0.9849717791411042
2163,0.984937938718663
6445,0.9848365358592693
4389,0.98452688172043
3597,0.9841324368932038
6763,0.9836200433369447
1826,0.9835113207547169
3925,0.9825324644549762
7110,0.9823186813186814
3504,0.9822043209876543
4368,0.9821534351145038
3415,0.9819646017699116
6267,0.9819207686882934
6439,0.981629151291513
4933,0.9815075962187712
9055,0.9812455727554179
6286,0.9805571218795889
6458,0.9804758028041611
6547,0.980277330264672
9824,0.97997304964539
4390,0.9791243243243243
6131,0.9790626366559485
7800,0.9789669696969697
9635,0.9787772596153848
3962,0.9784902896081771
6088,0.9784211061665609
7729,0.9771494659546063
6488,0.9763878754171301
6946,0.9761198879551821
7500,0.9760151811023622
4194,0.9759909416445623
1418,0.9756407766990292
5344,0.97534132879046
5126,0.9743879423328964
6161,0.9740575501583949
8016,0.9732252873563219
7986,0.9731594223826715
5032,0.9729900426742532
6637,0.9729093978615644
9341,0.9720839867109633
4771,0.9718118018018016
4261,0.9716878744650499
6197,0.9678940322580645
7140,0.9667592592592593
5304,0.9653041533101046
9313,0.9652524137931034
4826,0.9650924428822496
4203,0.9637255863866319
3434,0.9636601219512194
3675,0.9627972862957938
3445,0.9622778438921945
7369,0.9608145155523776
6653,0.9607749161073825
6627,0.9595219047619048
5967,0.9594905852417303
6565,0.9581433147113595
1777,0.9568080000000001
4393,0.9567272463768116
3047,0.9566234567901235
7133,0.9564848589807027
3393,0.9518205669816564
2935,0.9500535415079969
3135,0.9452761832061068
3645,0.9451580052493439
2981,0.941372380952381
6590,0.9402994184397164
5957,0.9260667785234898
8925,0.9191368421052633
5162,0.9153344425956739
4391,0.8810162499999998
1382,0.8771374017376913
7381,0.7948875
7380,0.7536054472630174
2986,0.7182877813504823
7130,0.4951756830601093
4819,-0.0
8609,0.0
6532,0.0
9444,0.0
4686,0.0
2432,0.0
3632,0.0
8616,0.0
7330,0.0
8739,0.0
3417,0.0
3765,0.0
3089,0.0
6835,0.0
8595,0.0
7185,0.0
9715,0.0
4716,0.0
2138,0.0
2156,0.0
2789,-0.0
