Symbol,SimilarCompany1,SimilarCompany2,SimilarCompany3
7203,7267,7201,7261
6861,6954,6301,6305
6758,6752,6753,6952
9432,9433,9434,9984
8306,8316,8411,8309
9983,3382,7532,9843
8058,8031,8001,8053
8035,6857,7735,7731
4063,4452,3436,3407
9433,9984,9434,9432
4661,9766,7974,7832
9984,9433,9434,9432
8316,8306,8411,8309
6367,6305,6301,6954
6501,6503,6702,6701
8001,8031,8053,8058
8031,8058,8001,8053
4568,4519,4536,4523
6098,4324,2433,4689
7974,9766,9684,9697
9434,9433,9432,4689
7267,7201,7261,7203
6902,7259,6201,5108
4502,4519,4536,4503
4519,4536,4502,4523
8766,8750,8725,8591
7741,7731,7752,4902
8411,8306,8316,8309
2914,2503,2502,2587
6981,6594,6770,6976
3382,2651,9983,8267
6273,6305,6301,6954
6723,6503,6501,6702
6954,6301,6305,6481
6594,6971,6981,6762
6503,6501,6702,8035
7182,6178,7181,8306
6857,8035,7735,4902
5108,6902,5110,7259
8002,8053,8001,8031
6752,6758,6753,6740
7751,4902,7731,7752
4503,4519,4536,4502
8053,8002,8001,8031
6301,6305,6954,6481
6702,6701,6503,6501
6178,7181,7182,8306
9022,9020,9021,9201
4543,6869,7733,2413
8113,4911,4452,2587
6201,6902,7259,7276
4689,4755,4324,2371
8591,8750,8795,8697
9020,9021,9022,9201
2802,2503,2587,2502
7733,6869,4543,7747
4578,4519,4536,4523
5401,5411,5406,5444
4612,4202,4182,4091
6971,6594,6762,6981
2502,2503,2587,2801
9613,4307,4768,9719
8750,8725,8630,8795
8801,8802,8830,3289
7269,7267,7261,7201
6146,8035,6857,6471
4911,8113,4452,4922
4523,4519,4536,4568
8015,8002,8053,8001
8725,8750,8630,8795
4452,8113,4911,2503
4901,4902,7752,7731
8267,2651,3382,9983
6326,6301,6305,6481
3659,9766,7974,7832
1925,1928,5938,8802
4307,4768,9613,9719
1605,9503,5020,9513
7309,6367,7936,9201
2413,3360,9987,4543
8802,8801,8830,1925
7201,7267,7261,7203
8630,8725,8750,8795
7832,9766,9684,9697
7011,7012,7013,6302
4684,4768,9719,4739
6762,6594,6976,6971
9735,2331,9783,9987
9843,9983,7532,3382
6502,6503,6501,6702
6869,4543,7733,6849
6920,6890,6055,6789
7270,7267,7201,7261
8309,8306,8308,8411
1928,1925,8802,5938
6701,6702,6503,6501
4507,4536,4568,4528
9101,9104,9107,9064
8830,8801,8802,3289
2503,2587,2502,2875
8308,8309,8306,8411
6645,6586,6471,6506
8604,8601,8591,8750
7532,9983,3382,2651
6506,6471,6481,6954
9202,9201,9064,9021
2587,2503,2502,2875
2801,2503,2875,2502
9503,9502,9513,9531
6988,4185,3402,6806
4151,4536,4519,4568
5020,9503,9502,9531
9021,9020,9201,9202
2267,2503,2875,2587
9143,9042,9041,9007
6963,6806,6762,6971
9531,9503,9502,9532
3407,4188,6988,4005
7202,7267,7261,7205
5713,5714,5401,5802
7272,7267,7261,7269
5802,5714,5801,5713
9201,9202,9064,9021
4716,4704,4768,9719
4091,4202,4182,4613
9104,9101,9107,9064
7701,6856,6645,7733
8593,8572,8570,8253
4528,4536,4568,4519
3402,4063,4185,3401
9502,9503,9513,9531
8697,8601,6376,8591
4755,4689,2371,4324
7259,6902,6201,5108
9697,9766,9684,7974
4188,3407,6988,4005
8795,7181,8750,8630
4062,6971,6594,6981
2897,2503,2801,2875
5411,5401,5406,5444
4324,2433,6098,9433
6383,9699,6282,6278
5201,5214,5233,3863
4768,4307,9613,9719
9042,9021,9022,9020
6586,6305,6954,6273
6965,7747,6849,7775
3088,9989,3349,9831
6479,6594,6806,6770
1812,1802,1803,1801
9005,9064,9202,9021
7550,3085,9942,9989
9602,9404,2433,4676
9766,7974,9684,9697
7912,7911,7936,7951
8601,8604,8591,8795
1878,5938,1928,1925
9009,9001,9064,9202
2269,2503,2801,2502
9064,9202,9201,9005
4704,4768,9719,4739
7911,7912,7966,7956
9435,9433,6376,9984
3003,8802,8804,1928
1801,1803,1802,1812
9532,9503,9502,9531
7951,9433,4768,7731
1802,1812,1803,1801
3064,2678,2337,4633
5019,5011,5020,5021
9041,9007,9042,9064
4021,4091,4185,4183
9107,9104,9101,9064
4204,4202,4185,4183
3769,3632,3633,3628
3092,3086,2651,9843
6504,6503,6501,6702
6532,4792,2412,4781
4185,4927,3436,4063
3626,9719,4768,4307
3038,8283,2768,3140
6305,6301,6954,6481
7181,6178,7182,8750
4739,2327,4768,4307
7276,6902,7259,7240
9501,9503,9531,9504
7261,7267,7201,7203
3635,9697,9684,7832
8473,8595,8739,3113
9962,6141,6305,6113
4922,4911,8113,4452
6967,6976,4062,5334
9684,9766,9697,7974
4183,4042,4188,4005
9001,9009,9007,9064
7747,6849,7775,6869
7735,8035,6856,6857
7936,9831,3092,8022
3436,5947,4063,4185
6465,6111,6324,6103
7752,4902,7751,7731
6724,4902,7752,7751
2702,2695,2698,2687
7211,7267,7261,7269
9147,9008,9041,9001
5332,5938,1928,1925
4527,7956,3360,4912
6841,6506,6503,1963
4005,4613,4188,3407
9719,4768,3626,4307
3291,5857,8848,3231
2768,8002,8053,8001
7186,8331,8303,8354
1911,5332,5938,1928
2651,3382,2670,9983
9007,9021,9022,9020
6460,9766,7832,2432
8331,8358,8303,8309
2670,7532,9843,8227
6361,7011,7013,7012
1803,1801,1802,1812
8439,8630,8725,8750
3349,9989,3088,8218
6806,6770,6594,6976
3288,3289,2337,4666
6370,6471,6481,6367
3231,3289,8830,8801
6845,6376,6841,6503
2181,6460,2331,6417
7731,7751,4902,7752
2875,2503,2801,2267
9706,3231,4666,8905
5831,7186,8354,8303
4732,7599,2331,2181
5334,6594,6981,6770
8354,8358,8331,8303
7012,7013,7011,1963
3289,8804,8830,8801
2433,4324,6098,9401
4967,4921,4911,8113
4385,9684,4676,4733
3141,9956,3148,9989
8369,8354,8358,8331
4042,4927,4005,4183
3697,3788,3907,9413
7013,7012,7011,1963
4751,2432,9766,3632
3099,2651,3382,3048
6448,7731,4902,6724
8572,8439,8795,8570
6976,6594,6981,6770
5938,5332,1925,1803
5406,5401,5463,5411
9008,9007,9021,9022
8111,3401,3402,3205
3861,5214,5201,3863
6526,6960,6755,6750
3391,9989,7649,3088
4816,9766,7832,4661
6753,6758,6752,6952
5333,5201,5214,5202
2002,2503,2875,2897
8227,9983,9831,7550
4403,4958,4229,4118
1808,1812,1878,1928
8136,9766,4661,9603
9989,3088,9831,7649
5101,5110,5108,7282
9142,9048,9009,9001
8252,2651,3382,8233
6113,6141,6481,6305
3774,2327,4739,8056
8060,6146,7735,2768
3116,7259,6902,6201
5947,5938,5332,1878
1963,6366,7013,7012
4927,4911,8113,4452
3405,3402,4185,4921
6471,6506,6586,6305
4536,4519,4151,4568
9468,4819,2461,4293
7459,9987,2784,2331
6923,7276,6952,7259
7453,9983,7532,2702
9024,9021,9022,9020
9048,9009,9045,9006
4581,4536,4519,4151
4182,4091,4202,4114
6473,6471,6472,6141
3923,3683,3744,3844
8088,8132,8059,7607
4088,4091,3436,7947
2784,9987,7459,2331
2212,2503,2875,2897
9401,9409,2433,4324
8303,8309,8411,8306
9506,9503,9502,9513
4613,4091,4202,4182
3197,9983,8282,2782
2593,2551,2211,2212
2871,2607,2809,2503
4004,3436,4974,4185
2371,4751,4755,4689
9508,9513,9503,9502
5929,5938,1942,1951
4733,2327,4739,3626
2282,2503,2875,2801
7564,2792,2796,2790
2331,9783,9735,4732
6302,7011,7013,7012
6005,6013,6471,6150
8905,4666,5938,1878
1944,1942,1812,1802
7988,7278,4088,5949
9045,9009,9048,9044
6324,6395,7224,6432
9513,9503,9502,9531
7649,9989,8227,3088
8804,3289,8830,8801
4912,7956,4527,4927
5444,5423,5406,5411
2327,4739,4768,4307
4516,4536,4528,4506
1773,4536,4528,4506
6268,6506,7012,6326
5110,5108,6902,7259
9006,9008,9001,9048
9831,9983,8227,9843
4202,4185,4091,4182
5076,1944,1721,1911
2127,8595,7164,2429
6028,4641,2154,2412
2229,2503,2282,2875
4483,4384,3990,4676
3086,2651,3382,9983
4812,3844,4684,3666
8253,8570,8591,8585
5021,5020,5019,5015
7240,7276,7313,7259
6481,6305,6301,6954
7282,5110,7240,7261
2222,2918,2211,2215
6856,7701,7731,6645
7167,8369,8304,8366
5901,3422,3423,3420
6966,6640,6785,6928
3132,3153,2733,8157
2809,2607,2503,2875
8056,2327,4739,4307
4676,9401,2433,9409
9404,2433,4676,9401
9044,9003,9045,9009
9076,9044,9064,9202
8410,8358,8303,8570
6755,6728,6925,4902
7164,4666,2127,8253
8359,8304,7337,8418
4530,4581,4507,4578
4186,3436,4183,4185
7205,7267,7202,7272
5838,8410,8359,8304
6707,4062,6806,6963
8424,8425,8584,8793
2810,2871,2805,2831
9364,9301,9064,9005
9504,9505,9503,9513
5711,5714,5706,5802
6417,9766,6460,7832
8233,2651,3382,3086
8304,8303,8411,8306
5803,5801,5802,5706
1721,1942,1911,1951
7729,6146,6140,7780
3994,3679,9416,3932
5233,5232,5214,5201
6849,6869,7747,4543
4921,7956,4967,4911
4194,2317,3697,3994
3563,8242,3148,8282
4666,3231,3288,8804
1414,6376,1963,1893
9749,7518,4733,2327
6728,6755,7735,6146
7458,7552,2737,2743
8114,3529,3123,3591
6141,6481,6305,6113
8283,3038,7476,2767
9449,4755,3632,6754
8876,2412,7779,9616
1973,3656,4194,4746
7071,7034,6556,6071
8279,8273,9956,8218
1951,1942,1944,1812
6952,6753,7762,6758
1959,1950,1941,1942
5105,7276,5108,6902
2811,2270,2201,2931
7180,8354,7337,8418
3186,7649,7918,7646
4205,4185,3405,6988
9010,3395,8920,4661
2501,2502,2875,2801
2579,2503,2593,2871
3397,3395,9861,2752
3401,3402,8111,3405
4401,4044,4112,7888
5344,5334,5271,5273
6807,6770,6976,6981
4686,3665,3666,3663
7716,7721,7722,7717
8012,8066,8020,3167
6406,6203,6412,6166
5714,5706,5711,5713
8570,8253,8591,8585
5384,5237,5232,5218
4203,4231,4043,4118
9987,7459,2784,2331
3107,7501,3166,3167
7337,7161,8714,8303
9065,9070,9057,9027
9301,9107,9364,9076
4118,4182,4202,4114
5301,5302,5232,5233
4506,4536,4568,4528
6770,6806,6981,6976
6055,4694,2397,2395
9533,9513,9532,9503
7518,2327,4739,3626
5471,5463,5423,5406
6592,6976,6971,6594
5830,8359,8418,7337
9090,2384,9025,9051
3549,8279,3048,8282
9336,2154,4544,9603
6134,6474,6104,6143
4902,7731,7752,4901
6951,6706,6707,6703
4587,4540,4547,4539
2175,2181,2183,2179
4631,4099,4968,4186
8273,8279,9956,8218
9003,9044,9031,9045
1662,1605,9505,9504
2206,2875,2282,2897
7163,8334,8341,5832
1942,1944,1812,1802
5032,3962,2303,2307
7313,7240,7259,6201
4208,4091,3436,4272
6412,6425,6417,6428
5463,5406,5471,5423
5214,5201,3863,5232
7984,7994,7972,7962
1860,1812,1802,1803
7947,6376,4088,4042
7956,4527,3360,4912
5991,5901,5110,5108
4061,4182,4118,4114
9552,2150,9726,7373
2531,2501,2931,2533
8418,8334,8377,8359
6103,6141,6305,6326
4681,9603,6376,9783
8282,9831,8218,9843
6925,6927,6655,3105
2412,4290,8876,5261
8425,8584,8424,8793
2264,2270,2268,2207
8334,8377,8418,7180
9605,9409,9401,4676
3148,9956,9627,8242
6674,6976,6807,6856
6436,6136,6137,6164
5631,6156,6157,6151
9418,3733,4427,3723
8174,2734,2789,2790
3360,8088,2413,7476
6588,6653,6654,6651
4114,4185,4182,4091
7762,6952,6753,6752
6432,6395,6104,6278
3941,3863,5214,5201
1893,1407,1820,1414
9793,5857,6789,4206
2379,2164,9787,2162
1332,1333,1384,1379
3387,8160,7494,2694
9616,2157,2158,2154
7732,7717,7719,7715
8628,8595,8698,8473
9759,3916,3657,4819
6425,6412,6428,6417
4974,4921,2928,4926
4540,4547,4548,4559
2296,2270,2815,2501
8919,8850,4666,3479
4206,4208,4205,4043
2678,8282,4751,2371
4272,4182,4008,4046
4443,4819,9749,9759
7581,3395,9861,8278
9746,3652,3653,3648
7476,7599,2780,4694
2432,3632,9766,4751
9744,4849,2146,9783
8585,8253,8566,8424
2121,2432,2371,4751
8341,8388,8358,8381
2201,2931,2811,2208
4819,2461,2193,2371
7189,7327,8377,8341
9031,9075,9003,9044
7994,7984,7972,7827
2767,3076,3079,3055
3048,8282,2730,8173
4980,3436,4461,4183
5393,5232,5214,5233
8129,3360,3055,9987
1719,1969,1720,1721
6323,1969,1720,1721
4928,4023,4041,4997
3880,4023,4041,4997
7780,4023,4041,4997
6523,4023,4041,4997
6995,5110,7259,6201
4478,4482,9682,3632
3105,4482,9682,3632
9303,4482,9682,3632
5706,4482,9682,3632
6368,4482,9682,3632
8242,8252,9997,3099
2154,8252,9997,3099
2782,8252,9997,3099
1377,8252,9997,3099
8078,8252,9997,3099
5801,8252,9997,3099
9507,8252,9997,3099
4180,8252,9997,3099
9072,8252,9997,3099
7616,8252,9997,3099
9783,8252,9997,3099
9627,8252,9997,3099
9861,8252,9997,3099
8584,8252,9997,3099
7846,8252,9997,3099
6136,8252,9997,3099
9934,8252,9997,3099
7730,8252,9997,3099
2726,8252,9997,3099
9409,8252,9997,3099
7630,8252,9997,3099
2427,8252,9997,3099
2607,8252,9997,3099
4480,8252,9997,3099
1417,8252,9997,3099
7867,8252,9997,3099
1969,8252,9997,3099
6890,8252,9997,3099
8020,8252,9997,3099
8086,8252,9997,3099
9412,8252,9997,3099
2815,8252,9997,3099
6754,8252,9997,3099
7412,8252,9997,3099
8098,8252,9997,3099
4043,8252,9997,3099
7966,8252,9997,3099
4722,8252,9997,3099
8154,8252,9997,3099
4919,8252,9997,3099
3050,8252,9997,3099
3856,8252,9997,3099
5832,8252,9997,3099
3591,8252,9997,3099
6544,8252,9997,3099
7451,8252,9997,3099
4368,8252,9997,3099
8194,8252,9997,3099
8515,8252,9997,3099
5253,8252,9997,3099
6036,8252,9997,3099
4485,8252,9997,3099
5423,8252,9997,3099
4665,8252,9997,3099
4544,8252,9997,3099
6472,8252,9997,3099
8278,8252,9997,3099
3765,8252,9997,3099
4680,8252,9997,3099
6960,8252,9997,3099
4552,8252,9997,3099
4887,8252,9997,3099
9436,8252,9997,3099
4045,8252,9997,3099
5857,8252,9997,3099
7004,8252,9997,3099
4373,8252,9997,3099
4966,8252,9997,3099
2730,8252,9997,3099
4023,8252,9997,3099
8377,8252,9997,3099
9069,8252,9997,3099
9601,8252,9997,3099
9603,8252,9997,3099
6407,8252,9997,3099
3962,8252,9997,3099
9505,8252,9997,3099
6740,6752,6758,6753
1833,6752,6758,6753
4626,6752,6758,6753
8133,6752,6758,6753
2659,6752,6758,6753
5481,6752,6758,6753
8130,6752,6758,6753
7327,6752,6758,6753
8218,6752,6758,6753
3222,6752,6758,6753
9715,6752,6758,6753
7965,6752,6758,6753
8698,6752,6758,6753
9830,6752,6758,6753
6395,6752,6758,6753
9682,6752,6758,6753
6457,6752,6758,6753
2001,6752,6758,6753
8803,6752,6758,6753
7419,6752,6758,6753
8366,6752,6758,6753
8850,6752,6758,6753
1820,6752,6758,6753
9974,6752,6758,6753
4958,6752,6758,6753
7105,6752,6758,6753
9948,6752,6758,6753
7839,6752,6758,6753
4041,6752,6758,6753
3863,6752,6758,6753
9075,6752,6758,6753
6371,6752,6758,6753
6750,6752,6758,6753
9787,6752,6758,6753
1861,6752,6758,6753
6622,6752,6758,6753
3865,6752,6758,6753
3254,6752,6758,6753
6651,6752,6758,6753
7817,6752,6758,6753
2384,6752,6758,6753
4521,6752,6758,6753
8381,6752,6758,6753
1979,6752,6758,6753
6135,6752,6758,6753
8066,6752,6758,6753
4996,6752,6758,6753
2270,6752,6758,6753
3569,6752,6758,6753
5741,6752,6758,6753
8566,6752,6758,6753
4547,6752,6758,6753
2337,6752,6758,6753
4348,6752,6758,6753
1941,6752,6758,6753
1950,6752,6758,6753
7734,6752,6758,6753
7981,6752,6758,6753
4095,6752,6758,6753
5232,6752,6758,6753
4071,6752,6758,6753
1333,6752,6758,6753
3543,6752,6758,6753
2695,6752,6758,6753
5192,6752,6758,6753
4046,6752,6758,6753
9936,6752,6758,6753
7242,6752,6758,6753
7906,6752,6758,6753
7222,6752,6758,6753
8179,6752,6758,6753
9757,6752,6758,6753
2685,6752,6758,6753
6454,6752,6758,6753
6866,6752,6758,6753
9229,6752,6758,6753
3097,6752,6758,6753
3479,6752,6758,6753
9832,6752,6758,6753
6013,6752,6758,6753
2602,6752,6758,6753
9519,6752,6758,6753
9708,6752,6758,6753
9869,6752,6758,6753
9348,6752,6758,6753
1407,6752,6758,6753
7512,6752,6758,6753
4565,6752,6758,6753
5727,6752,6758,6753
3167,6752,6758,6753
7970,6752,6758,6753
4849,6752,6758,6753
7380,6752,6758,6753
4534,6752,6758,6753
2146,6752,6758,6753
7944,6752,6758,6753
2317,6752,6758,6753
4628,6752,6758,6753
7943,6752,6758,6753
3632,6752,6758,6753
4634,6752,6758,6753
5310,6752,6758,6753
4694,6752,6758,6753
9509,6752,6758,6753
8524,6752,6758,6753
1949,6752,6758,6753
7516,6752,6758,6753
7148,6752,6758,6753
7220,6752,6758,6753
4985,6752,6758,6753
8276,6752,6758,6753
8368,6752,6758,6753
7389,6752,6758,6753
2281,6752,6758,6753
7278,6752,6758,6753
7381,6752,6758,6753
9672,6752,6758,6753
9956,6752,6758,6753
8609,6752,6758,6753
8050,6752,6758,6753
9663,6752,6758,6753
2124,6752,6758,6753
5726,6752,6758,6753
3076,6752,6758,6753
1419,6752,6758,6753
3191,6752,6758,6753
7433,6752,6758,6753
8358,6752,6758,6753
6104,6752,6758,6753
2931,6752,6758,6753
6183,6752,6758,6753
4559,6752,6758,6753
4776,6752,6758,6753
3244,6752,6758,6753
6490,6752,6758,6753
7485,6752,6758,6753
6744,6752,6758,6753
9716,6752,6758,6753
6670,6752,6758,6753
9039,6752,6758,6753
7545,6752,6758,6753
4481,6752,6758,6753
6269,6752,6758,6753
8140,6752,6758,6753
2760,6752,6758,6753
8848,6752,6758,6753
7173,6752,6758,6753
6200,6752,6758,6753
8155,6752,6758,6753
4551,6752,6758,6753
2292,6752,6758,6753
5911,6752,6758,6753
6420,6752,6758,6753
8153,6752,6758,6753
8097,6752,6758,6753
6080,6752,6758,6753
4423,6752,6758,6753
6235,6752,6758,6753
1766,6752,6758,6753
4569,6752,6758,6753
4051,6752,6758,6753
8051,6752,6758,6753
8595,6752,6758,6753
7821,6752,6758,6753
9347,6752,6758,6753
1890,6752,6758,6753
3738,6752,6758,6753
2928,6752,6758,6753
8244,6752,6758,6753
8616,6752,6758,6753
6996,6752,6758,6753
8771,6752,6758,6753
9158,6752,6758,6753
9699,6752,6758,6753
6737,6752,6758,6753
1926,6752,6758,6753
3087,6752,6758,6753
7388,6752,6758,6753
6727,6752,6758,6753
6804,6752,6758,6753
8022,6752,6758,6753
3993,6752,6758,6753
5451,6752,6758,6753
4432,6752,6758,6753
9119,6752,6758,6753
6908,6752,6758,6753
3085,6752,6758,6753
9413,6752,6758,6753
8074,6752,6758,6753
7611,6752,6758,6753
4471,6752,6758,6753
8370,6752,6758,6753
7599,6752,6758,6753
4708,6752,6758,6753
3101,6752,6758,6753
6652,6752,6758,6753
6498,6752,6758,6753
2157,6752,6758,6753
6947,6752,6758,6753
8511,6752,6758,6753
9025,6752,6758,6753
6516,6752,6758,6753
1835,6752,6758,6753
6474,6752,6758,6753
6366,6752,6758,6753
9919,6752,6758,6753
2220,6752,6758,6753
7976,6752,6758,6753
5703,6752,6758,6753
6508,6752,6758,6753
9678,6752,6758,6753
6590,6752,6758,6753
7296,6752,6758,6753
2004,6752,6758,6753
5186,6752,6758,6753
4369,6752,6758,6753
4293,6752,6758,6753
8198,6752,6758,6753
4848,6752,6758,6753
3110,6752,6758,6753
3636,6752,6758,6753
4384,6752,6758,6753
7224,6752,6758,6753
5273,6752,6758,6753
4212,6752,6758,6753
2109,6752,6758,6753
9302,6752,6758,6753
4553,6752,6758,6753
3182,6752,6758,6753
9882,6752,6758,6753
4975,6752,6758,6753
5440,6752,6758,6753
6486,6752,6758,6753
2653,6752,6758,6753
7177,6752,6758,6753
2395,6752,6758,6753
7915,6752,6758,6753
1961,6752,6758,6753
9110,6752,6758,6753
4189,6752,6758,6753
7744,6752,6758,6753
5027,6752,6758,6753
8255,6752,6758,6753
6258,6752,6758,6753
2791,6752,6758,6753
3668,6752,6758,6753
4216,6752,6758,6753
5191,6752,6758,6753
3679,6752,6758,6753
5946,6752,6758,6753
8923,6752,6758,6753
2733,6752,6758,6753
6871,6752,6758,6753
7864,6752,6758,6753
3433,6752,6758,6753
9416,6752,6758,6753
5975,6752,6758,6753
7366,6752,6758,6753
1968,6752,6758,6753
9068,6752,6758,6753
8388,6752,6758,6753
2326,6752,6758,6753
7095,6752,6758,6753
3046,6752,6758,6753
2492,6752,6758,6753
6632,6752,6758,6753
8367,6752,6758,6753
2742,6752,6758,6753
3445,6752,6758,6753
9887,6752,6758,6753
7595,6752,6758,6753
1762,6752,6758,6753
8336,6752,6758,6753
8131,6752,6758,6753
9543,6752,6758,6753
8892,6752,6758,6753
4290,6752,6758,6753
6027,6752,6758,6753
2590,6752,6758,6753
5943,6752,6758,6753
7483,6752,6758,6753
1720,6752,6758,6753
1515,6752,6758,6753
8361,6752,6758,6753
7250,6752,6758,6753
3465,6752,6758,6753
5331,6752,6758,6753
2588,6752,6758,6753
4956,6752,6758,6753
6875,6752,6758,6753
9902,6752,6758,6753
7739,6752,6758,6753
6379,6752,6758,6753
5352,6752,6758,6753
7826,6752,6758,6753
6703,6752,6758,6753
8214,6752,6758,6753
7575,6752,6758,6753
7740,6752,6758,6753
7421,6752,6758,6753
5851,6752,6758,6753
5970,6752,6758,6753
3028,6752,6758,6753
3762,6752,6758,6753
4781,6752,6758,6753
4825,6752,6758,6753
6619,6752,6758,6753
7685,6752,6758,6753
4099,6752,6758,6753
2715,6752,6758,6753
9536,6752,6758,6753
4970,6752,6758,6753
9204,6752,6758,6753
2681,6752,6758,6753
3201,6752,6758,6753
5988,6752,6758,6753
8016,6752,6758,6753
6810,6752,6758,6753
5930,6752,6758,6753
8014,6752,6758,6753
8079,6752,6758,6753
2484,6752,6758,6753
6340,6752,6758,6753
7130,6752,6758,6753
6459,6752,6758,6753
6030,6752,6758,6753
6455,6752,6758,6753
9960,6752,6758,6753
1879,6752,6758,6753
7613,6752,6758,6753
9037,6752,6758,6753
2353,6752,6758,6753
3156,6752,6758,6753
2117,6752,6758,6753
7199,6752,6758,6753
7085,6752,6758,6753
2874,6752,6758,6753
7860,6752,6758,6753
4971,6752,6758,6753
7033,6752,6758,6753
4044,6752,6758,6753
6914,6752,6758,6753
8934,6752,6758,6753
9824,6752,6758,6753
8182,6752,6758,6753
7606,6752,6758,6753
7283,6752,6758,6753
8544,6752,6758,6753
2168,6752,6758,6753
8160,6752,6758,6753
1884,6752,6758,6753
9517,6752,6758,6753
7157,6752,6758,6753
6787,6752,6758,6753
9997,6752,6758,6753
5122,6752,6758,6753
8714,6752,6758,6753
4362,6752,6758,6753
7447,6752,6758,6753
7342,6752,6758,6753
8167,6752,6758,6753
9551,6752,6758,6753
7816,6752,6758,6753
5036,6752,6758,6753
1946,6752,6758,6753
7995,6752,6758,6753
9729,6752,6758,6753
7917,6752,6758,6753
6999,6752,6758,6753
3854,6752,6758,6753
4326,6752,6758,6753
3002,6752,6758,6753
9058,6752,6758,6753
8793,6752,6758,6753
8159,6752,6758,6753
8068,6752,6758,6753
6877,6752,6758,6753
6351,6752,6758,6753
1822,6752,6758,6753
9873,6752,6758,6753
3150,6752,6758,6753
8200,6752,6758,6753
9842,6752,6758,6753
6929,6752,6758,6753
9260,6752,6758,6753
2692,6752,6758,6753
7226,6752,6758,6753
8125,6752,6758,6753
6196,6752,6758,6753
6741,6752,6758,6753
6287,6752,6758,6753
7718,6752,6758,6753
3608,6752,6758,6753
2752,6752,6758,6753
6345,6752,6758,6753
3844,6752,6758,6753
3034,6752,6758,6753
6222,6752,6758,6753
9247,6752,6758,6753
9267,6752,6758,6753
2211,6752,6758,6753
5482,6752,6758,6753
7246,6752,6758,6753
7128,6752,6758,6753
8871,6752,6758,6753
5480,6752,6758,6753
8032,6752,6758,6753
4917,6752,6758,6753
8219,6752,6758,6753
6250,6752,6758,6753
6197,6752,6758,6753
6101,6752,6758,6753
3733,6752,6758,6753
8508,6752,6758,6753
8117,6752,6758,6753
6058,6752,6758,6753
6284,6752,6758,6753
4008,6752,6758,6753
7806,6752,6758,6753
9692,6752,6758,6753
4187,6752,6758,6753
1934,6752,6758,6753
6088,6752,6758,6753
7593,6752,6758,6753
3561,6752,6758,6753
4820,6752,6758,6753
8522,6752,6758,6753
9733,6752,6758,6753
6315,6752,6758,6753
3950,6752,6758,6753
9511,6752,6758,6753
1980,6752,6758,6753
7905,6752,6758,6753
5702,6752,6758,6753
8600,6752,6758,6753
5011,6752,6758,6753
5715,6752,6758,6753
7384,6752,6758,6753
6282,6752,6758,6753
2980,6752,6758,6753
8841,6752,6758,6753
4633,6752,6758,6753
3612,6752,6758,6753
5195,6752,6758,6753
7868,6752,6758,6753
9661,6752,6758,6753
1885,6752,6758,6753
6191,6752,6758,6753
1379,6752,6758,6753
4599,6752,6758,6753
8237,6752,6758,6753
6254,6752,6758,6753
8346,6752,6758,6753
6249,6752,6758,6753
1821,6752,6758,6753
8890,6752,6758,6753
4549,6752,6758,6753
6524,6752,6758,6753
2160,6752,6758,6753
6430,6752,6758,6753
4617,6752,6758,6753
6413,6752,6758,6753
6118,6752,6758,6753
7287,6752,6758,6753
2908,6752,6758,6753
5805,6752,6758,6753
6278,6752,6758,6753
3198,6752,6758,6753
5202,6752,6758,6753
6463,6752,6758,6753
4215,6752,6758,6753
6332,6752,6758,6753
6630,6752,6758,6753
6349,6752,6758,6753
5449,6752,6758,6753
8059,6752,6758,6753
8386,6752,6758,6753
8168,6752,6758,6753
7508,6752,6758,6753
8057,6752,6758,6753
3836,6752,6758,6753
9755,6752,6758,6753
8818,6752,6758,6753
7942,6752,6758,6753
4997,6752,6758,6753
1663,6752,6758,6753
7456,6752,6758,6753
9790,6752,6758,6753
3694,6752,6758,6753
4746,6752,6758,6753
3001,6752,6758,6753
4047,6752,6758,6753
2613,6752,6758,6753
2790,6752,6758,6753
9055,6752,6758,6753
4914,6752,6758,6753
6339,6752,6758,6753
7818,6752,6758,6753
6289,6752,6758,6753
5258,6752,6758,6753
4343,6752,6758,6753
1952,6752,6758,6753
3232,6752,6758,6753
1852,6752,6758,6753
6376,6752,6758,6753
4726,6752,6758,6753
1870,6752,6758,6753
8173,6752,6758,6753
6099,6752,6758,6753
4413,6752,6758,6753
4371,6752,6758,6753
5351,6752,6758,6753
2929,6752,6758,6753
4246,6752,6758,6753
5461,6752,6758,6753
3593,6752,6758,6753
4449,6752,6758,6753
3539,6752,6758,6753
7231,6752,6758,6753
4526,6752,6758,6753
6768,6752,6758,6753
7803,6752,6758,6753
5410,6752,6758,6753
7958,6752,6758,6753
6957,6752,6758,6753
1982,6752,6758,6753
7239,6752,6758,6753
6859,6752,6758,6753
2208,6752,6758,6753
6277,6752,6758,6753
9474,6752,6758,6753
4337,6752,6758,6753
3480,6752,6758,6753
4028,6752,6758,6753
7990,6752,6758,6753
8075,6752,6758,6753
6676,6752,6758,6753
9161,6752,6758,6753
8715,6752,6758,6753
1898,6752,6758,6753
6458,6752,6758,6753
9928,6752,6758,6753
9286,6752,6758,6753
2780,6752,6758,6753
8037,6752,6758,6753
7679,6752,6758,6753
5949,6752,6758,6753
4298,6752,6758,6753
9553,6752,6758,6753
2664,6752,6758,6753
6817,6752,6758,6753
8897,6752,6758,6753
8281,6752,6758,6753
2471,6752,6758,6753
7244,6752,6758,6753
8920,6752,6758,6753
4641,6752,6758,6753
7513,6752,6758,6753
3491,6752,6758,6753
7241,6752,6758,6753
9052,6752,6758,6753
7350,6752,6758,6753
8739,6752,6758,6753
9066,6752,6758,6753
1887,6752,6758,6753
9621,6752,6758,6753
7184,6752,6758,6753
6145,6752,6758,6753
6381,6752,6758,6753
6507,6752,6758,6753
2329,6752,6758,6753
4365,6752,6758,6753
7972,6752,6758,6753
4719,6752,6758,6753
4417,6752,6758,6753
7745,6752,6758,6753
9279,6752,6758,6753
6736,6752,6758,6753
6363,6752,6758,6753
6419,6752,6758,6753
3687,6752,6758,6753
4765,6752,6758,6753
5302,6752,6758,6753
8084,6752,6758,6753
6140,6752,6758,6753
6564,6752,6758,6753
4933,6752,6758,6753
3371,6752,6758,6753
7552,6752,6758,6753
5408,6752,6758,6753
2429,6752,6758,6753
9284,6752,6758,6753
7931,6752,6758,6753
1976,6752,6758,6753
6333,6752,6758,6753
2734,6752,6758,6753
4080,6752,6758,6753
2918,6752,6758,6753
2805,6752,6758,6753
4763,6752,6758,6753
1882,6752,6758,6753
6941,6752,6758,6753
3964,6752,6758,6753
2170,6752,6758,6753
7003,6752,6758,6753
2585,6752,6758,6753
2792,6752,6758,6753
3661,6752,6758,6753
8043,6752,6758,6753
2998,6752,6758,6753
3302,6752,6758,6753
2594,6752,6758,6753
4375,6752,6758,6753
5290,6752,6758,6753
4880,6752,6758,6753
4318,6752,6758,6753
5809,6752,6758,6753
4053,6752,6758,6753
1929,6752,6758,6753
9070,6752,6758,6753
9274,6752,6758,6753
3778,6752,6758,6753
5074,6752,6758,6753
9740,6752,6758,6753
2491,6752,6758,6753
6387,6752,6758,6753
4687,6752,6758,6753
6800,6752,6758,6753
7279,6752,6758,6753
4448,6752,6758,6753
6620,6752,6758,6753
3106,6752,6758,6753
9722,6752,6758,6753
4923,6752,6758,6753
7749,6752,6758,6753
6789,6752,6758,6753
3091,6752,6758,6753
9304,6752,6758,6753
2003,6752,6758,6753
4674,6752,6758,6753
6517,6752,6758,6753
6745,6752,6758,6753
9946,6752,6758,6753
6062,6752,6758,6753
5304,6752,6758,6753
4431,6752,6758,6753
2698,6752,6758,6753
7322,6752,6758,6753
9639,6752,6758,6753
8141,6752,6758,6753
6364,6752,6758,6753
9381,6752,6758,6753
4259,6752,6758,6753
7779,6752,6758,6753
6565,6752,6758,6753
4548,6752,6758,6753
3036,6752,6758,6753
8132,6752,6758,6753
6905,6752,6758,6753
8393,6752,6758,6753
4886,6752,6758,6753
8877,6752,6758,6753
4220,6752,6758,6753
7414,6752,6758,6753
8360,6752,6758,6753
7844,6752,6758,6753
4097,6752,6758,6753
7354,6752,6758,6753
4419,6752,6758,6753
2150,6752,6758,6753
1899,6752,6758,6753
6480,6752,6758,6753
3151,6752,6758,6753
4169,6752,6758,6753
2475,6752,6758,6753
3458,6752,6758,6753
3496,6752,6758,6753
4218,6752,6758,6753
6718,6752,6758,6753
6820,6752,6758,6753
8399,6752,6758,6753
3395,6752,6758,6753
8008,6752,6758,6753
4714,6752,6758,6753
9310,6752,6758,6753
8163,6752,6758,6753
9534,6752,6758,6753
9424,6752,6758,6753
3540,6752,6758,6753
4832,6752,6758,6753
9889,6752,6758,6753
2120,6752,6758,6753
7979,6752,6758,6753
7463,6752,6758,6753
2268,6752,6758,6753
3926,6752,6758,6753
8699,6752,6758,6753
1786,6752,6758,6753
3984,6752,6758,6753
7014,6752,6758,6753
9726,6752,6758,6753
2930,6752,6758,6753
4109,6752,6758,6753
4771,6752,6758,6753
7408,6752,6758,6753
4592,6752,6758,6753
3673,6752,6758,6753
2910,6752,6758,6753
1301,6752,6758,6753
3817,6752,6758,6753
9900,6752,6758,6753
7504,6752,6758,6753
3498,6752,6758,6753
7715,6752,6758,6753
5563,6752,6758,6753
3660,6752,6758,6753
9081,6752,6758,6753
4116,6752,6758,6753
7840,6752,6758,6753
5184,6752,6758,6753
6521,6752,6758,6753
1888,6752,6758,6753
4772,6752,6758,6753
9470,6752,6758,6753
6151,6752,6758,6753
3708,6752,6758,6753
3176,6752,6758,6753
2899,6752,6758,6753
9560,6752,6758,6753
9856,6752,6758,6753
2288,6752,6758,6753
9743,6752,6758,6753
1793,6752,6758,6753
6238,6752,6758,6753
8337,6752,6758,6753
4107,6752,6758,6753
8345,6752,6758,6753
8217,6752,6758,6753
1375,6752,6758,6753
3104,6752,6758,6753
9357,6752,6758,6753
8387,6752,6758,6753
6272,6752,6758,6753
4813,6752,6758,6753
6613,6752,6758,6753
1938,6752,6758,6753
3196,6752,6758,6753
4235,6752,6758,6753
4828,6752,6758,6753
6627,6752,6758,6753
7522,6752,6758,6753
5208,6752,6758,6753
6143,6752,6758,6753
1871,6752,6758,6753
9739,6752,6758,6753
9216,6752,6758,6753
8137,6752,6758,6753
3341,6752,6758,6753
7292,6752,6758,6753
3788,6752,6758,6753
1775,6752,6758,6753
4072,6752,6758,6753
7172,6752,6758,6753
3093,6752,6758,6753
6338,6752,6758,6753
2305,6752,6758,6753
4025,6752,6758,6753
8392,6752,6758,6753
3773,6752,6758,6753
8707,6752,6758,6753
3284,6752,6758,6753
6328,6752,6758,6753
5757,6752,6758,6753
7280,6752,6758,6753
6777,6752,6758,6753
7198,6752,6758,6753
1939,6752,6758,6753
3914,6752,6758,6753
6070,6752,6758,6753
4165,6752,6758,6753
5982,6752,6758,6753
6623,6752,6758,6753
6418,6752,6758,6753
3245,6752,6758,6753
9287,6752,6758,6753
7605,6752,6758,6753
4249,6752,6758,6753
4837,6752,6758,6753
1518,6752,6758,6753
3252,6752,6758,6753
8362,6752,6758,6753
1723,6752,6758,6753
6330,6752,6758,6753
3946,6752,6758,6753
2309,6752,6758,6753
5218,6752,6758,6753
6617,6752,6758,6753
6078,6752,6758,6753
7373,6752,6758,6753
3925,6752,6758,6753
4951,6752,6758,6753
3901,6752,6758,6753
4936,6752,6758,6753
8935,6752,6758,6753
3443,6752,6758,6753
5976,6752,6758,6753
7298,6752,6758,6753
6266,6752,6758,6753
6814,6752,6758,6753
5038,6752,6758,6753
2462,6752,6758,6753
3333,6752,6758,6753
7609,6752,6758,6753
3835,6752,6758,6753
6844,6752,6758,6753
6464,6752,6758,6753
2737,6752,6758,6753
3548,6752,6758,6753
6937,6752,6758,6753
8157,6752,6758,6753
2497,6752,6758,6753
3315,6752,6758,6753
8151,6752,6758,6753
8005,6752,6758,6753
8344,6752,6758,6753
3159,6752,6758,6753
2573,6752,6758,6753
5959,6752,6758,6753
9270,6752,6758,6753
1945,6752,6758,6753
8185,6752,6758,6753
4078,6752,6758,6753
8541,6752,6758,6753
2226,6752,6758,6753
9341,6752,6758,6753
6245,6752,6758,6753
2053,6752,6758,6753
9612,6752,6758,6753
6462,6752,6758,6753
9619,6752,6758,6753
3915,6752,6758,6753
7537,6752,6758,6753
2763,6752,6758,6753
7383,6752,6758,6753
3978,6752,6758,6753
2612,6752,6758,6753
6742,6752,6758,6753
1799,6752,6758,6753
9438,6752,6758,6753
6257,6752,6758,6753
3628,6752,6758,6753
8708,6752,6758,6753
1975,6752,6758,6753
9828,6752,6758,6753
4027,6752,6758,6753
9308,6752,6758,6753
9441,6752,6758,6753
6279,6752,6758,6753
7096,6752,6758,6753
9099,6752,6758,6753
4301,6752,6758,6753
4345,6752,6758,6753
4577,6752,6758,6753
4839,6752,6758,6753
1815,6752,6758,6753
6879,6752,6758,6753
4382,6752,6758,6753
7088,6752,6758,6753
7814,6752,6758,6753
5541,6752,6758,6753
3228,6752,6758,6753
3688,6752,6758,6753
9942,6752,6758,6753
8343,6752,6758,6753
3183,6752,6758,6753
4792,6752,6758,6753
6958,6752,6758,6753
7921,6752,6758,6753
8065,6752,6758,6753
7480,6752,6758,6753
7467,6752,6758,6753
4475,6752,6758,6753
7952,6752,6758,6753
6955,6752,6758,6753
6809,6752,6758,6753
3983,6752,6758,6753
7596,6752,6758,6753
7438,6752,6758,6753
3180,6752,6758,6753
6569,6752,6758,6753
9640,6752,6758,6753
7794,6752,6758,6753
6237,6752,6758,6753
2705,6752,6758,6753
9450,6752,6758,6753
3546,6752,6758,6753
4743,6752,6758,6753
3193,6752,6758,6753
6584,6752,6758,6753
4931,6752,6758,6753
9742,6752,6758,6753
9629,6752,6758,6753
2216,6752,6758,6753
4477,6752,6758,6753
3676,6752,6758,6753
9035,6752,6758,6753
6824,6752,6758,6753
2158,6752,6758,6753
9368,6752,6758,6753
9795,6752,6758,6753
6035,6752,6758,6753
4464,6752,6758,6753
8914,6752,6758,6753
8275,6752,6758,6753
2209,6752,6758,6753
7229,6752,6758,6753
9991,6752,6758,6753
2751,6752,6758,6753
9994,6752,6758,6753
8613,6752,6758,6753
3580,6752,6758,6753
2669,6752,6758,6753
9837,6752,6758,6753
4323,6752,6758,6753
9386,6752,6758,6753
6369,6752,6758,6753
6539,6752,6758,6753
4390,6752,6758,6753
7102,6752,6758,6753
6157,6752,6758,6753
2221,6752,6758,6753
3772,6752,6758,6753
2461,6752,6758,6753
7874,6752,6758,6753
8142,6752,6758,6753
9324,6752,6758,6753
6411,6752,6758,6753
1429,6752,6758,6753
5659,6752,6758,6753
4499,6752,6758,6753
3932,6752,6758,6753
5602,6752,6758,6753
2819,6752,6758,6753
8395,6752,6758,6753
9823,6752,6758,6753
7352,6752,6758,6753
3153,6752,6758,6753
9227,6752,6758,6753
9896,6752,6758,6753
2831,6752,6758,6753
1869,6752,6758,6753
5932,6752,6758,6753
8103,6752,6758,6753
2749,6752,6758,6753
5445,6752,6758,6753
7607,6752,6758,6753
4725,6752,6758,6753
8081,6752,6758,6753
6309,6752,6758,6753
3657,6752,6758,6753
4433,6752,6758,6753
4192,6752,6758,6753
6961,6752,6758,6753
2060,6752,6758,6753
1813,6752,6758,6753
8864,6752,6758,6753
3825,6752,6758,6753
3431,6752,6758,6753
6310,6752,6758,6753
2902,6752,6758,6753
5129,6752,6758,6753
6997,6752,6758,6753
2207,6752,6758,6753
9405,6752,6758,6753
7047,6752,6758,6753
9272,6752,6758,6753
9955,6752,6758,6753
2301,6752,6758,6753
4310,6752,6758,6753
7315,6752,6758,6753
7048,6752,6758,6753
6918,6752,6758,6753
2676,6752,6758,6753
4554,6752,6758,6753
3482,6752,6758,6753
4263,6752,6758,6753
8550,6752,6758,6753
9539,6752,6758,6753
7510,6752,6758,6753
6071,6752,6758,6753
3902,6752,6758,6753
6638,6752,6758,6753
4376,6752,6758,6753
9162,6752,6758,6753
3199,6752,6758,6753
6184,6752,6758,6753
6644,6752,6758,6753
4658,6752,6758,6753
4112,6752,6758,6753
3663,6752,6758,6753
6561,6752,6758,6753
3903,6752,6758,6753
5464,6752,6758,6753
6779,6752,6758,6753
3328,6752,6758,6753
5909,6752,6758,6753
2148,6752,6758,6753
2108,6752,6758,6753
8052,6752,6758,6753
9467,6752,6758,6753
9600,6752,6758,6753
3221,6752,6758,6753
9273,6752,6758,6753
4493,6752,6758,6753
4801,6752,6758,6753
4636,6752,6758,6753
7092,6752,6758,6753
6788,6752,6758,6753
9990,6752,6758,6753
4611,6752,6758,6753
7893,6752,6758,6753
7068,6752,6758,6753
8798,6752,6758,6753
5261,6752,6758,6753
2393,6752,6758,6753
3421,6752,6758,6753
2217,6752,6758,6753
6247,6752,6758,6753
7955,6752,6758,6753
4745,6752,6758,6753
2923,6752,6758,6753
4344,6752,6758,6753
4312,6752,6758,6753
7637,6752,6758,6753
6535,6752,6758,6753
4221,6752,6758,6753
9522,6752,6758,6753
4442,6752,6758,6753
2489,6752,6758,6753
2804,6752,6758,6753
9232,6752,6758,6753
7937,6752,6758,6753
8713,6752,6758,6753
6915,6752,6758,6753
2540,6752,6758,6753
8038,6752,6758,6753
7600,6752,6758,6753
5161,6752,6758,6753
4718,6752,6758,6753
7326,6752,6758,6753
2266,6752,6758,6753
9632,6752,6758,6753
1930,6752,6758,6753
8228,6752,6758,6753
3178,6752,6758,6753
9622,6752,6758,6753
2325,6752,6758,6753
6616,6752,6758,6753
2453,6752,6758,6753
9535,6752,6758,6753
4436,6752,6758,6753
3843,6752,6758,6753
7638,6752,6758,6753
6306,6752,6758,6753
2477,6752,6758,6753
9384,6752,6758,6753
6298,6752,6758,6753
8011,6752,6758,6753
4462,6752,6758,6753
6485,6752,6758,6753
7962,6752,6758,6753
2986,6752,6758,6753
7525,6752,6758,6753
2937,6752,6758,6753
5185,6752,6758,6753
2153,6752,6758,6753
6626,6752,6758,6753
7949,6752,6758,6753
2359,6752,6758,6753
7420,6752,6758,6753
3916,6752,6758,6753
6470,6752,6758,6753
5139,6752,6758,6753
8614,6752,6758,6753
5337,6752,6758,6753
2922,6752,6758,6753
8291,6752,6758,6753
9033,6752,6758,6753
6089,6752,6758,6753
7570,6752,6758,6753
1805,6752,6758,6753
7705,6752,6758,6753
7245,6752,6758,6753
6572,6752,6758,6753
2294,6752,6758,6753
3830,6752,6758,6753
7823,6752,6758,6753
6640,6752,6758,6753
8860,6752,6758,6753
4978,6752,6758,6753
7618,6752,6758,6753
8929,6752,6758,6753
7482,6752,6758,6753
3864,6752,6758,6753
4434,6752,6758,6753
7989,6752,6758,6753
9046,6752,6758,6753
7820,6752,6758,6753
9979,6752,6758,6753
6482,6752,6758,6753
4435,6752,6758,6753
8018,6752,6758,6753
6823,6752,6758,6753
2445,6752,6758,6753
7723,6752,6758,6753
4393,6752,6758,6753
4826,6752,6758,6753
3475,6752,6758,6753
8869,6752,6758,6753
7061,6752,6758,6753
2933,6752,6758,6753
4498,6752,6758,6753
4082,6752,6758,6753
9850,6752,6758,6753
8101,6752,6758,6753
8842,6752,6758,6753
1712,6752,6758,6753
7914,6752,6758,6753
9556,6752,6758,6753
6144,6752,6758,6753
9908,6752,6758,6753
7717,6752,6758,6753
3040,6752,6758,6753
8881,6752,6758,6753
3891,6752,6758,6753
2372,6752,6758,6753
6357,6752,6758,6753
5707,6752,6758,6753
3597,6752,6758,6753
6023,6752,6758,6753
9717,6752,6758,6753
4992,6752,6758,6753
7520,6752,6758,6753
2753,6752,6758,6753
5357,6752,6758,6753
8070,6752,6758,6753
5288,6752,6758,6753
4619,6752,6758,6753
6094,6752,6758,6753
6194,6752,6758,6753
8928,6752,6758,6753
3857,6752,6758,6753
6706,6752,6758,6753
6855,6752,6758,6753
5632,6752,6758,6753
1810,6752,6758,6753
6125,6752,6758,6753
3073,6752,6758,6753
2882,6752,6758,6753
9628,6752,6758,6753
4094,6752,6758,6753
6881,6752,6758,6753
6962,6752,6758,6753
7925,6752,6758,6753
9769,6752,6758,6753
8202,6752,6758,6753
8061,6752,6758,6753
2418,6752,6758,6753
7774,6752,6758,6753
9369,6752,6758,6753
3133,6752,6758,6753
8622,6752,6758,6753
5121,6752,6758,6753
1811,6752,6758,6753
3784,6752,6758,6753
5989,6752,6758,6753
2389,6752,6758,6753
6264,6752,6758,6753
1967,6752,6758,6753
5821,6752,6758,6753
4439,6752,6758,6753
4410,6752,6758,6753
5142,6752,6758,6753
5957,6752,6758,6753
6095,6752,6758,6753
1965,6752,6758,6753
6199,6752,6758,6753
9028,6752,6758,6753
7294,6752,6758,6753
2130,6752,6758,6753
6240,6752,6758,6753
1780,6752,6758,6753
4055,6752,6758,6753
2114,6752,6758,6753
4709,6752,6758,6753
8093,6752,6758,6753
6832,6752,6758,6753
3655,6752,6758,6753
3678,6752,6758,6753
3771,6752,6758,6753
4011,6752,6758,6753
2884,6752,6758,6753
6444,6752,6758,6753
8706,6752,6758,6753
7856,6752,6758,6753
4327,6752,6758,6753
7683,6752,6758,6753
4251,6752,6758,6753
3179,6752,6758,6753
3939,6752,6758,6753
7692,6752,6758,6753
2915,6752,6758,6753
6625,6752,6758,6753
6358,6752,6758,6753
5017,6752,6758,6753
3457,6752,6758,6753
8772,6752,6758,6753
4377,6752,6758,6753
3922,6752,6758,6753
6050,6752,6758,6753
7475,6752,6758,6753
9083,6752,6758,6753
2440,6752,6758,6753
4396,6752,6758,6753
7721,6752,6758,6753
7094,6752,6758,6753
9880,6752,6758,6753
3900,6752,6758,6753
3798,6752,6758,6753
8624,6752,6758,6753
8203,6752,6758,6753
7971,6752,6758,6753
4575,6752,6758,6753
6226,6752,6758,6753
9932,6752,6758,6753
7809,6752,6758,6753
2975,6752,6758,6753
2932,6752,6758,6753
9788,6752,6758,6753
7621,6752,6758,6753
2830,6752,6758,6753
2533,6752,6758,6753
6986,6752,6758,6753
7191,6752,6758,6753
7628,6752,6758,6753
8844,6752,6758,6753
6794,6752,6758,6753
9713,6752,6758,6753
6562,6752,6758,6753
9278,6752,6758,6753
2674,6752,6758,6753
4712,6752,6758,6753
7187,6752,6758,6753
9319,6752,6758,6753
8558,6752,6758,6753
6182,6752,6758,6753
6076,6752,6758,6753
6331,6752,6758,6753
3484,6752,6758,6753
4979,6752,6758,6753
4847,6752,6758,6753
4056,6752,6758,6753
8029,6752,6758,6753
4994,6752,6758,6753
4334,6752,6758,6753
5015,6752,6758,6753
7686,6752,6758,6753
4968,6752,6758,6753
4228,6752,6758,6753
4955,6752,6758,6753
4593,6752,6758,6753
3264,6752,6758,6753
4058,6752,6758,6753
9115,6752,6758,6753
4659,6752,6758,6753
4488,6752,6758,6753
7888,6752,6758,6753
7059,6752,6758,6753
5034,6752,6758,6753
3449,6752,6758,6753
7185,6752,6758,6753
3793,6752,6758,6753
2163,6752,6758,6753
1921,6752,6758,6753
4595,6752,6758,6753
8596,6752,6758,6753
4563,6752,6758,6753
6246,6752,6758,6753
8285,6752,6758,6753
5933,6752,6758,6753
1514,6752,6758,6753
9658,6752,6758,6753
3276,6752,6758,6753
7500,6752,6758,6753
6882,6752,6758,6753
4809,6752,6758,6753
2374,6752,6758,6753
6571,6752,6758,6753
4671,6752,6758,6753
2185,6752,6758,6753
6293,6752,6758,6753
5981,6752,6758,6753
6850,6752,6758,6753
9027,6752,6758,6753
7879,6752,6758,6753
4229,6752,6758,6753
6073,6752,6758,6753
3911,6752,6758,6753
3139,6752,6758,6753
7238,6752,6758,6753
4275,6752,6758,6753
3834,6752,6758,6753
1866,6752,6758,6753
8704,6752,6758,6753
3951,6752,6758,6753
4998,6752,6758,6753
8076,6752,6758,6753
3558,6752,6758,6753
9644,6752,6758,6753
8165,6752,6758,6753
2204,6752,6758,6753
3963,6752,6758,6753
6547,6752,6758,6753
9057,6752,6758,6753
9845,6752,6758,6753
4748,6752,6758,6753
4461,6752,6758,6753
2498,6752,6758,6753
4489,6752,6758,6753
5262,6752,6758,6753
6232,6752,6758,6753
3355,6752,6758,6753
9359,6752,6758,6753
3991,6752,6758,6753
2469,6752,6758,6753
9702,6752,6758,6753
6932,6752,6758,6753
2764,6752,6758,6753
2349,6752,6758,6753
1431,6752,6758,6753
2335,6752,6758,6753
6904,6752,6758,6753
2198,6752,6758,6753
5269,6752,6758,6753
2183,6752,6758,6753
3388,6752,6758,6753
6678,6752,6758,6753
3677,6752,6758,6753
9305,6752,6758,6753
5137,6752,6758,6753
6677,6752,6758,6753
4538,6752,6758,6753
8158,6752,6758,6753
6946,6752,6758,6753
1435,6752,6758,6753
4420,6752,6758,6753
4425,6752,6758,6753
7466,6752,6758,6753
1726,6752,6758,6753
4074,6752,6758,6753
4875,6752,6758,6753
7445,6752,6758,6753
6697,6752,6758,6753
3154,6752,6758,6753
5918,6752,6758,6753
6294,6752,6758,6753
8089,6752,6758,6753
8095,6752,6758,6753
4168,6752,6758,6753
6612,6752,6758,6753
2307,6752,6758,6753
8551,6752,6758,6753
3760,6752,6758,6753
4963,6752,6758,6753
7330,6752,6758,6753
9251,6752,6758,6753
4125,6752,6758,6753
7065,6752,6758,6753
8999,6752,6758,6753
3877,6752,6758,6753
9233,6752,6758,6753
6730,6752,6758,6753
2378,6752,6758,6753
5992,6752,6758,6753
2694,6752,6758,6753
4582,6752,6758,6753
6848,6752,6758,6753
3763,6752,6758,6753
3166,6752,6758,6753
7675,6752,6758,6753
9268,6752,6758,6753
6440,6752,6758,6753
8364,6752,6758,6753
2193,6752,6758,6753
1376,6752,6758,6753
5759,6752,6758,6753
3299,6752,6758,6753
4331,6752,6758,6753
1381,6752,6758,6753
9246,6752,6758,6753
7455,6752,6758,6753
3937,6752,6758,6753
9906,6752,6758,6753
8338,6752,6758,6753
1972,6752,6758,6753
3665,6752,6758,6753
5902,6752,6758,6753
5852,6752,6758,6753
9414,6752,6758,6753
4574,6752,6758,6753
9285,6752,6758,6753
3501,6752,6758,6753
6061,6752,6758,6753
4092,6752,6758,6753
4299,6752,6758,6753
3075,6752,6758,6753
4022,6752,6758,6753
6763,6752,6758,6753
6637,6752,6758,6753
7038,6752,6758,6753
7212,6752,6758,6753
5132,6752,6758,6753
4668,6752,6758,6753
6994,6752,6758,6753
8091,6752,6758,6753
3791,6752,6758,6753
3741,6752,6758,6753
5217,6752,6758,6753
1981,6752,6758,6753
2935,6752,6758,6753
6337,6752,6758,6753
5698,6752,6758,6753
3055,6752,6758,6753
4579,6752,6758,6753
7849,6752,6758,6753
7247,6752,6758,6753
4890,6752,6758,6753
9219,6752,6758,6753
2934,6752,6758,6753
9257,6752,6758,6753
4972,6752,6758,6753
9059,6752,6758,6753
3921,6752,6758,6753
3069,6752,6758,6753
3415,6752,6758,6753
5985,6752,6758,6753
3157,6752,6758,6753
3992,6752,6758,6753
1716,6752,6758,6753
7133,6752,6758,6753
3675,6752,6758,6753
4572,6752,6758,6753
3649,6752,6758,6753
4621,6752,6758,6753
3547,6752,6758,6753
8007,6752,6758,6753
9402,6752,6758,6753
1964,6752,6758,6753
4662,6752,6758,6753
3023,6752,6758,6753
7562,6752,6758,6753
3837,6752,6758,6753
3031,6752,6758,6753
7347,6752,6758,6753
7554,6752,6758,6753
9248,6752,6758,6753
4193,6752,6758,6753
8917,6752,6758,6753
6047,6752,6758,6753
4651,6752,6758,6753
3361,6752,6758,6753
6040,6752,6758,6753
5658,6752,6758,6753
7636,6752,6758,6753
6560,6752,6758,6753
5363,6752,6758,6753
9537,6752,6758,6753
7079,6752,6758,6753
5945,6752,6758,6753
6798,6752,6758,6753
6365,6752,6758,6753
9687,6752,6758,6753
1873,6752,6758,6753
9977,6752,6758,6753
3134,6752,6758,6753
8139,6752,6758,6753
4685,6752,6758,6753
7743,6752,6758,6753
9262,6752,6758,6753
6615,6752,6758,6753
5013,6752,6758,6753
6382,6752,6758,6753
2987,6752,6758,6753
7775,6752,6758,6753
4026,6752,6758,6753
6834,6752,6758,6753
5079,6752,6758,6753
3454,6752,6758,6753
4308,6752,6758,6753
6405,6752,6758,6753
3853,6752,6758,6753
2009,6752,6758,6753
6086,6752,6758,6753
2370,6752,6758,6753
3319,6752,6758,6753
7450,6752,6758,6753
6489,6752,6758,6753
3553,6752,6758,6753
4333,6752,6758,6753
1787,6752,6758,6753
6835,6752,6758,6753
4973,6752,6758,6753
4238,6752,6758,6753
2892,6752,6758,6753
3989,6752,6758,6753
3489,6752,6758,6753
7358,6752,6758,6753
1847,6752,6758,6753
6568,6752,6758,6753
3068,6752,6758,6753
9888,6752,6758,6753
7871,6752,6758,6753
1832,6752,6758,6753
6262,6752,6758,6753
6378,6752,6758,6753
6210,6752,6758,6753
7367,6752,6758,6753
3990,6752,6758,6753
4767,6752,6758,6753
1904,6752,6758,6753
4490,6752,6758,6753
3418,6752,6758,6753
1814,6752,6758,6753
3904,6752,6758,6753
6390,6752,6758,6753
6137,6752,6758,6753
2438,6752,6758,6753
7702,6752,6758,6753
4571,6752,6758,6753
7539,6752,6758,6753
3656,6752,6758,6753
4620,6752,6758,6753
7417,6752,6758,6753
7266,6752,6758,6753
6484,6752,6758,6753
9986,6752,6758,6753
4479,6752,6758,6753
9993,6752,6758,6753
6083,6752,6758,6753
4013,6752,6758,6753
2904,6752,6758,6753
6919,6752,6758,6753
8190,6752,6758,6753
3417,6752,6758,6753
7610,6752,6758,6753
3800,6752,6758,6753
4800,6752,6758,6753
3662,6752,6758,6753
8041,6752,6758,6753
2816,6752,6758,6753
3452,6752,6758,6753
5967,6752,6758,6753
2152,6752,6758,6753
7030,6752,6758,6753
1736,6752,6758,6753
3140,6752,6758,6753
7472,6752,6758,6753
4231,6752,6758,6753
8006,6752,6758,6753
1828,6752,6758,6753
7725,6752,6758,6753
7305,6752,6758,6753
5484,6752,6758,6753
7811,6752,6758,6753
3446,6752,6758,6753
7488,6752,6758,6753
6785,6752,6758,6753
4977,6752,6758,6753
4845,6752,6758,6753
3979,6752,6758,6753
2706,6752,6758,6753
3723,6752,6758,6753
7634,6752,6758,6753
4463,6752,6758,6753
5388,6752,6758,6753
2195,6752,6758,6753
6121,6752,6758,6753
7487,6752,6758,6753
4932,6752,6758,6753
2806,6752,6758,6753
4064,6752,6758,6753
6167,6752,6758,6753
7987,6752,6758,6753
1827,6752,6758,6753
3648,6752,6758,6753
8918,6752,6758,6753
4054,6752,6758,6753
8789,6752,6758,6753
6087,6752,6758,6753
3329,6752,6758,6753
3103,6752,6758,6753
6566,6752,6758,6753
6614,6752,6758,6753
3947,6752,6758,6753
3666,6752,6758,6753
8908,6752,6758,6753
5244,6752,6758,6753
3010,6752,6758,6753
7769,6752,6758,6753
4482,6752,6758,6753
9145,6752,6758,6753
4418,6752,6758,6753
3393,6752,6758,6753
3094,6752,6758,6753
3504,6752,6758,6753
6291,6752,6758,6753
7991,6752,6758,6753
5009,6752,6758,6753
9765,6752,6758,6753
4446,6752,6758,6753
4100,6752,6758,6753
3968,6752,6758,6753
6461,6752,6758,6753
4667,6752,6758,6753
3187,6752,6758,6753
6653,6752,6758,6753
3611,6752,6758,6753
6668,6752,6758,6753
9407,6752,6758,6753
8904,6752,6758,6753
6445,6752,6758,6753
6675,6752,6758,6753
7885,6752,6758,6753
8030,6752,6758,6753
3696,6752,6758,6753
2597,6752,6758,6753
9846,6752,6758,6753
6556,6752,6758,6753
9377,6752,6758,6753
3399,6752,6758,6753
9325,6752,6758,6753
9768,6752,6758,6753
8289,6752,6758,6753
6255,6752,6758,6753
1909,6752,6758,6753
8931,6752,6758,6753
2169,6752,6758,6753
3652,6752,6758,6753
8542,6752,6758,6753
6819,6752,6758,6753
8938,6752,6758,6753
4414,6752,6758,6753
6533,6752,6758,6753
9696,6752,6758,6753
9029,6752,6758,6753
7561,6752,6758,6753
2686,6752,6758,6753
6928,6752,6758,6753
7590,6752,6758,6753
4347,6752,6758,6753
6165,6752,6758,6753
7110,6752,6758,6753
2927,6752,6758,6753
3434,6752,6758,6753
7521,6752,6758,6753
7320,6752,6758,6753
6322,6752,6758,6753
5951,6752,6758,6753
7494,6752,6758,6753
5816,6752,6758,6753
3955,6752,6758,6753
9514,6752,6758,6753
4465,6752,6758,6753
9312,6752,6758,6753
2883,6752,6758,6753
6488,6752,6758,6753
5955,6752,6758,6753
9558,6752,6758,6753
3109,6752,6758,6753
7514,6752,6758,6753
7481,6752,6758,6753
9995,6752,6758,6753
4627,6752,6758,6753
8737,6752,6758,6753
6874,6752,6758,6753
4367,6752,6758,6753
4389,6752,6758,6753
9218,6752,6758,6753
7086,6752,6758,6753
5240,6752,6758,6753
6149,6752,6758,6753
4891,6752,6758,6753
3486,6752,6758,6753
8085,6752,6758,6753
3852,6752,6758,6753
2410,6752,6758,6753
3918,6752,6758,6753
7713,6752,6758,6753
7898,6752,6758,6753
3538,6752,6758,6753
4409,6752,6758,6753
9980,6752,6758,6753
9701,6752,6758,6753
3924,6752,6758,6753
7377,6752,6758,6753
2818,6752,6758,6753
8118,6752,6758,6753
2652,6752,6758,6753
6037,6752,6758,6753
4350,6752,6758,6753
3692,6752,6758,6753
6912,6752,6758,6753
2978,6752,6758,6753
6082,6752,6758,6753
9982,6752,6758,6753
6428,6752,6758,6753
8893,6752,6758,6753
3686,6752,6758,6753
7359,6752,6758,6753
3526,6752,6758,6753
3969,6752,6758,6753
9996,6752,6758,6753
3681,6752,6758,6753
9686,6752,6758,6753
5922,6752,6758,6753
7932,6752,6758,6753
4031,6752,6758,6753
9637,6752,6758,6753
6161,6752,6758,6753
7460,6752,6758,6753
2180,6752,6758,6753
2428,6752,6758,6753
8383,6752,6758,6753
7271,6752,6758,6753
7277,6752,6758,6753
4237,6752,6758,6753
9709,6752,6758,6753
6227,6752,6758,6753
5018,6752,6758,6753
1960,6752,6758,6753
8898,6752,6758,6753
2415,6752,6758,6753
5941,6752,6758,6753
9675,6752,6758,6753
1914,6752,6758,6753
4691,6752,6758,6753
7927,6752,6758,6753
5940,6752,6758,6753
7699,6752,6758,6753
6312,6752,6758,6753
4113,6752,6758,6753
7122,6752,6758,6753
6016,6752,6758,6753
6317,6752,6758,6753
2814,6752,6758,6753
5210,6752,6758,6753
2338,6752,6758,6753
7523,6752,6758,6753
3377,6752,6758,6753
4404,6752,6758,6753
4777,6752,6758,6753
2689,6752,6758,6753
3447,6752,6758,6753
9351,6752,6758,6753
4284,6752,6758,6753
7829,6752,6758,6753
7441,6752,6758,6753
5250,6752,6758,6753
3242,6752,6758,6753
4248,6752,6758,6753
4356,6752,6758,6753
9307,6752,6758,6753
9225,6752,6758,6753
4264,6752,6758,6753
7082,6752,6758,6753
3030,6752,6758,6753
1757,6752,6758,6753
9275,6752,6758,6753
9206,6752,6758,6753
9306,6752,6758,6753
3777,6752,6758,6753
9904,6752,6758,6753
3175,6752,6758,6753
3544,6752,6758,6753
7777,6752,6758,6753
4934,6752,6758,6753
6176,6752,6758,6753
5984,6752,6758,6753
8537,6752,6758,6753
7317,6752,6758,6753
9903,6752,6758,6753
6989,6752,6758,6753
2354,6752,6758,6753
2485,6752,6758,6753
9636,6752,6758,6753
7551,6752,6758,6753
1450,6752,6758,6753
2903,6752,6758,6753
2981,6752,6758,6753
2344,6752,6758,6753
6643,6752,6758,6753
7081,6752,6758,6753
3420,6752,6758,6753
5942,6752,6758,6753
7707,6752,6758,6753
2877,6752,6758,6753
9818,6752,6758,6753
9731,6752,6758,6753
1853,6752,6758,6753
6203,6752,6758,6753
3571,6752,6758,6753
3021,6752,6758,6753
6597,6752,6758,6753
5644,6752,6758,6753
4888,6752,6758,6753
4441,6752,6758,6753
4093,6752,6758,6753
9221,6752,6758,6753
4644,6752,6758,6753
4320,6752,6758,6753
7078,6752,6758,6753
7236,6752,6758,6753
5578,6752,6758,6753
6769,6752,6758,6753
4268,6752,6758,6753
6159,6752,6758,6753
7435,6752,6758,6753
7643,6752,6758,6753
5820,6752,6758,6753
8349,6752,6758,6753
9753,6752,6758,6753
3392,6752,6758,6753
6853,6752,6758,6753
3294,6752,6758,6753
5572,6752,6758,6753
5819,6752,6758,6753
7822,6752,6758,6753
6797,6752,6758,6753
6362,6752,6758,6753
1433,6752,6758,6753
6236,6752,6758,6753
9913,6752,6758,6753
2138,6752,6758,6753
3565,6752,6758,6753
6899,6752,6758,6753
1850,6752,6758,6753
7760,6752,6758,6753
2224,6752,6758,6753
3712,6752,6758,6753
9799,6752,6758,6753
1430,6752,6758,6753
4245,6752,6758,6753
8769,6752,6758,6753
7196,6752,6758,6753
8207,6752,6758,6753
9857,6752,6758,6753
2982,6752,6758,6753
6096,6752,6758,6753
6231,6752,6758,6753
4588,6752,6758,6753
5965,6752,6758,6753
5268,6752,6758,6753
9078,6752,6758,6753
3776,6752,6758,6753
6927,6752,6758,6753
2820,6752,6758,6753
9211,6752,6758,6753
9252,6752,6758,6753
4925,6752,6758,6753
3096,6752,6758,6753
9950,6752,6758,6753
4761,6752,6758,6753
7050,6752,6758,6753
3467,6752,6758,6753
1770,6752,6758,6753
9074,6752,6758,6753
5282,6752,6758,6753
9085,6752,6758,6753
3633,6752,6758,6753
2373,6752,6758,6753
6319,6752,6758,6753
1447,6752,6758,6753
8365,6752,6758,6753
1867,6752,6758,6753
7533,6752,6758,6753
2107,6752,6758,6753
1783,6752,6758,6753
7908,6752,6758,6753
2924,6752,6758,6753
4258,6752,6758,6753
5381,6752,6758,6753
3758,6752,6758,6753
3423,6752,6758,6753
8945,6752,6758,6753
9664,6752,6758,6753
9428,6752,6758,6753
2993,6752,6758,6753
9791,6752,6758,6753
7176,6752,6758,6753
6778,6752,6758,6753
4987,6752,6758,6753
7351,6752,6758,6753
5127,6752,6758,6753
5280,6752,6758,6753
3079,6752,6758,6753
7792,6752,6758,6753
9408,6752,6758,6753
3641,6752,6758,6753
3850,6752,6758,6753
4019,6752,6758,6753
6156,6752,6758,6753
8150,6752,6758,6753
4406,6752,6758,6753
6496,6752,6758,6753
3674,6752,6758,6753
9651,6752,6758,6753
7370,6752,6758,6753
9723,6752,6758,6753
8705,6752,6758,6753
9171,6752,6758,6753
5237,6752,6758,6753
4594,6752,6758,6753
7726,6752,6758,6753
3205,6752,6758,6753
4286,6752,6758,6753
3121,6752,6758,6753
1776,6752,6758,6753
6384,6752,6758,6753
1491,6752,6758,6753
6554,6752,6758,6753
6493,6752,6758,6753
7444,6752,6758,6753
7678,6752,6758,6753
7727,6752,6758,6753
5921,6752,6758,6753
6316,6752,6758,6753
7859,6752,6758,6753
9927,6752,6758,6753
5078,6752,6758,6753
5915,6752,6758,6753
6391,6752,6758,6753
7039,6752,6758,6753
3168,6752,6758,6753
9563,6752,6758,6753
3464,6752,6758,6753
5284,6752,6758,6753
6870,6752,6758,6753
9852,6752,6758,6753
1717,6752,6758,6753
3160,6752,6758,6753
6208,6752,6758,6753
2391,6752,6758,6753
9967,6752,6758,6753
3750,6752,6758,6753
7114,6752,6758,6753
7963,6752,6758,6753
4176,6752,6758,6753
3321,6752,6758,6753
7291,6752,6758,6753
2735,6752,6758,6753
7674,6752,6758,6753
4583,6752,6758,6753
3435,6752,6758,6753
2769,6752,6758,6753
3562,6752,6758,6753
9633,6752,6758,6753
2812,6752,6758,6753
4346,6752,6758,6753
3560,6752,6758,6753
3804,6752,6758,6753
7559,6752,6758,6753
4762,6752,6758,6753
6505,6752,6758,6753
2551,6752,6758,6753
7161,6752,6758,6753
3353,6752,6758,6753
2186,6752,6758,6753
3082,6752,6758,6753
9782,6752,6758,6753
8889,6752,6758,6753
5391,6752,6758,6753
8398,6752,6758,6753
6069,6752,6758,6753
1948,6752,6758,6753
4883,6752,6758,6753
7795,6752,6758,6753
8732,6752,6758,6753
7192,6752,6758,6753
6393,6752,6758,6753
7416,6752,6758,6753
7254,6752,6758,6753
2340,6752,6758,6753
4395,6752,6758,6753
6864,6752,6758,6753
3541,6752,6758,6753
7624,6752,6758,6753
7486,6752,6758,6753
7066,6752,6758,6753
5527,6752,6758,6753
8563,6752,6758,6753
4524,6752,6758,6753
9049,6752,6758,6753
7461,6752,6758,6753
5935,6752,6758,6753
4512,6752,6758,6753
9212,6752,6758,6753
7614,6752,6758,6753
4392,6752,6758,6753
6392,6752,6758,6753
4783,6752,6758,6753
7670,6752,6758,6753
3135,6752,6758,6753
3943,6752,6758,6753
8046,6752,6758,6753
5194,6752,6758,6753
6863,6752,6758,6753
4397,6752,6758,6753
5939,6752,6758,6753
5187,6752,6758,6753
7999,6752,6758,6753
3374,6752,6758,6753
7776,6752,6758,6753
3277,6752,6758,6753
3640,6752,6758,6753
1848,6752,6758,6753
9380,6752,6758,6753
6373,6752,6758,6753
8104,6752,6758,6753
1420,6752,6758,6753
3246,6752,6758,6753
9890,6752,6758,6753
3512,6752,6758,6753
6704,6752,6758,6753
6513,6752,6758,6753
9322,6752,6758,6753
4260,6752,6758,6753
2487,6752,6758,6753
3936,6752,6758,6753
4892,6752,6758,6753
2667,6752,6758,6753
7218,6752,6758,6753
7228,6752,6758,6753
9763,6752,6758,6753
6540,6752,6758,6753
8887,6752,6758,6753
9017,6752,6758,6753
3422,6752,6758,6753
9259,6752,6758,6753
4597,6752,6758,6753
6743,6752,6758,6753
6044,6752,6758,6753
3683,6752,6758,6753
8023,6752,6758,6753
5285,6752,6758,6753
5368,6752,6758,6753
7214,6752,6758,6753
6091,6752,6758,6753
7379,6752,6758,6753
8416,6752,6758,6753
7374,6752,6758,6753
4398,6752,6758,6753
4564,6752,6758,6753
4381,6752,6758,6753
8144,6752,6758,6753
9223,6752,6758,6753
6629,6752,6758,6753
6292,6752,6758,6753
6658,6752,6758,6753
7235,6752,6758,6753
5367,6752,6758,6753
4495,6752,6758,6753
7506,6752,6758,6753
9691,6752,6758,6753
2916,6752,6758,6753
4177,6752,6758,6753
4052,6752,6758,6753
4429,6752,6758,6753
3556,6752,6758,6753
4929,6752,6758,6753
2798,6752,6758,6753
7604,6752,6758,6753
2315,6752,6758,6753
2970,6752,6758,6753
3954,6752,6758,6753
2668,6752,6758,6753
6054,6752,6758,6753
9827,6752,6758,6753
2332,6752,6758,6753
3271,6752,6758,6753
9698,6752,6758,6753
7135,6752,6758,6753
2385,6752,6758,6753
1384,6752,6758,6753
7371,6752,6758,6753
7060,6752,6758,6753
9282,6752,6758,6753
5903,6752,6758,6753
7682,6752,6758,6753
9479,6752,6758,6753
9959,6752,6758,6753
7353,6752,6758,6753
7386,6752,6758,6753
4380,6752,6758,6753
7505,6752,6758,6753
3566,6752,6758,6753
7695,6752,6758,6753
2122,6752,6758,6753
4379,6752,6758,6753
6164,6752,6758,6753
6336,6752,6758,6753
1826,6752,6758,6753
3396,6752,6758,6753
6049,6752,6758,6753
1807,6752,6758,6753
3912,6752,6758,6753
9872,6752,6758,6753
5695,6752,6758,6753
7722,6752,6758,6753
4635,6752,6758,6753
2991,6752,6758,6753
3275,6752,6758,6753
9471,6752,6758,6753
7264,6752,6758,6753
6033,6752,6758,6753
7711,6752,6758,6753
3934,6752,6758,6753
7565,6752,6758,6753
5071,6752,6758,6753
2454,6752,6758,6753
3878,6752,6758,6753
7227,6752,6758,6753
1768,6752,6758,6753
7527,6752,6758,6753
8927,6752,6758,6753
3323,6752,6758,6753
5993,6752,6758,6753
1892,6752,6758,6753
2162,6752,6758,6753
9565,6752,6758,6753
4769,6752,6758,6753
2700,6752,6758,6753
3607,6752,6758,6753
6230,6752,6758,6753
6618,6752,6758,6753
8208,6752,6758,6753
3542,6752,6758,6753
1905,6752,6758,6753
4069,6752,6758,6753
2437,6752,6758,6753
3347,6752,6758,6753
9067,6752,6758,6753
7434,6752,6758,6753
9034,6752,6758,6753
5729,6752,6758,6753
6034,6752,6758,6753
4584,6752,6758,6753
4623,6752,6758,6753
3529,6752,6758,6753
9976,6752,6758,6753
6748,6752,6758,6753
6993,6752,6758,6753
3996,6752,6758,6753
2872,6752,6758,6753
4539,6752,6758,6753
6654,6752,6758,6753
6059,6752,6758,6753
7213,6752,6758,6753
7442,6752,6758,6753
6495,6752,6758,6753
7841,6752,6758,6753
5607,6752,6758,6753
4889,6752,6758,6753
3627,6752,6758,6753
4075,6752,6758,6753
3981,6752,6758,6753
5986,6752,6758,6753
4784,6752,6758,6753
4926,6752,6758,6753
6699,6752,6758,6753
4173,6752,6758,6753
5958,6752,6758,6753
8230,6752,6758,6753
7375,6752,6758,6753
5248,6752,6758,6753
4374,6752,6758,6753
3623,6752,6758,6753
7427,6752,6758,6753
3080,6752,6758,6753
8540,6752,6758,6753
7950,6752,6758,6753
6497,6752,6758,6753
6166,6752,6758,6753
6158,6752,6758,6753
7378,6752,6758,6753
7325,6752,6758,6753
7872,6752,6758,6753
6402,6752,6758,6753
2984,6752,6758,6753
8039,6752,6758,6753
3172,6752,6758,6753
2311,6752,6758,6753
7299,6752,6758,6753
4531,6752,6758,6753
5204,6752,6758,6753
4576,6752,6758,6753
3063,6752,6758,6753
8071,6752,6758,6753
3952,6752,6758,6753
3698,6752,6758,6753
2907,6752,6758,6753
6185,6752,6758,6753
9311,6752,6758,6753
4295,6752,6758,6753
4937,6752,6758,6753
6538,6752,6758,6753
7368,6752,6758,6753
9130,6752,6758,6753
2919,6752,6758,6753
7781,6752,6758,6753
4224,6752,6758,6753
9704,6752,6758,6753
4304,6752,6758,6753
5724,6752,6758,6753
7063,6752,6758,6753
4598,6752,6758,6753
2388,6752,6758,6753
3551,6752,6758,6753
9367,6752,6758,6753
3057,6752,6758,6753
1446,6752,6758,6753
5356,6752,6758,6753
3113,6752,6758,6753
7938,6752,6758,6753
7080,6752,6758,6753
3359,6752,6758,6753
6189,6752,6758,6753
3020,6752,6758,6753
3967,6752,6758,6753
2334,6752,6758,6753
3513,6752,6758,6753
3058,6752,6758,6753
6580,6752,6758,6753
8925,6752,6758,6753
6093,6752,6758,6753
9930,6752,6758,6753
7256,6752,6758,6753
2293,6752,6758,6753
9193,6752,6758,6753
1966,6752,6758,6753
4270,6752,6758,6753
8077,6752,6758,6753
2303,6752,6758,6753
7812,6752,6758,6753
6031,6752,6758,6753
7134,6752,6758,6753
6403,6752,6758,6753
6926,6752,6758,6753
7343,6752,6758,6753
8127,6752,6758,6753
5491,6752,6758,6753
6155,6752,6758,6753
7490,6752,6758,6753
3293,6752,6758,6753
3653,6752,6758,6753
6938,6752,6758,6753
7603,6752,6758,6753
6776,6752,6758,6753
4274,6752,6758,6753
6973,6752,6758,6753
4428,6752,6758,6753
9656,6752,6758,6753
4476,6752,6758,6753
2464,6752,6758,6753
7297,6752,6758,6753
7126,6752,6758,6753
4366,6752,6758,6753
8894,6752,6758,6753
7833,6752,6758,6753
3184,6752,6758,6753
1777,6752,6758,6753
5446,6752,6758,6753
6552,6752,6758,6753
3320,6752,6758,6753
7089,6752,6758,6753
1897,6752,6758,6753
3053,6752,6758,6753
8462,6752,6758,6753
9446,6752,6758,6753
6546,6752,6758,6753
8835,6752,6758,6753
6188,6752,6758,6753
5923,6752,6758,6753
7677,6752,6758,6753
3066,6752,6758,6753
8562,6752,6758,6753
6577,6752,6758,6753
3300,6752,6758,6753
3123,6752,6758,6753
3933,6752,6758,6753
3224,6752,6758,6753
6998,6752,6758,6753
3131,6752,6758,6753
7940,6752,6758,6753
7875,6752,6758,6753
4060,6752,6758,6753
7646,6752,6758,6753
7087,6752,6758,6753
4170,6752,6758,6753
7091,6752,6758,6753
2483,6752,6758,6753
6648,6752,6758,6753
7673,6752,6758,6753
3851,6752,6758,6753
9445,6752,6758,6753
5979,6752,6758,6753
4440,6752,6758,6753
3848,6752,6758,6753
2796,6752,6758,6753
7980,6752,6758,6753
3667,6752,6758,6753
4586,6752,6758,6753
5532,6752,6758,6753
4175,6752,6758,6753
2112,6752,6758,6753
3719,6752,6758,6753
8135,6752,6758,6753
4957,6752,6758,6753
4317,6752,6758,6753
2750,6752,6758,6753
7883,6752,6758,6753
7215,6752,6758,6753
3173,6752,6758,6753
4728,6752,6758,6753
6656,6752,6758,6753
4596,6752,6758,6753
9564,6752,6758,6753
9063,6752,6758,6753
5660,6752,6758,6753
6081,6752,6758,6753
7318,6752,6758,6753
5983,6752,6758,6753
9885,6752,6758,6753
4076,6752,6758,6753
7857,6752,6758,6753
4015,6752,6758,6753
7531,6752,6758,6753
7819,6752,6758,6753
2488,6752,6758,6753
6239,6752,6758,6753
4487,6752,6758,6753
9475,6752,6758,6753
3940,6752,6758,6753
7183,6752,6758,6753
4629,6752,6758,6753
3440,6752,6758,6753
4360,6752,6758,6753
4829,6752,6758,6753
7681,6752,6758,6753
4012,6752,6758,6753
2813,6752,6758,6753
6563,6752,6758,6753
8747,6752,6758,6753
4412,6752,6758,6753
7808,6752,6758,6753
9245,6752,6758,6753
9326,6752,6758,6753
9160,6752,6758,6753
4430,6752,6758,6753
3497,6752,6758,6753
3386,6752,6758,6753
7635,6752,6758,6753
4591,6752,6758,6753
9760,6752,6758,6753
4570,6752,6758,6753
6229,6752,6758,6753
7578,6752,6758,6753
7046,6752,6758,6753
5971,6752,6758,6753
9173,6752,6758,6753
6858,6752,6758,6753
2411,6752,6758,6753
6897,6752,6758,6753
8147,6752,6758,6753
5133,6752,6758,6753
7619,6752,6758,6753
6424,6752,6758,6753
2375,6752,6758,6753
5906,6752,6758,6753
6325,6752,6758,6753
1840,6752,6758,6753
8560,6752,6758,6753
7034,6752,6758,6753
3807,6752,6758,6753
5994,6752,6758,6753
3840,6752,6758,6753
4256,6752,6758,6753
6111,6752,6758,6753
2656,6752,6758,6753
3896,6752,6758,6753
2196,6752,6758,6753
9643,6752,6758,6753
7608,6752,6758,6753
8700,6752,6758,6753
6092,6752,6758,6753
3065,6752,6758,6753
9554,6752,6758,6753
2397,6752,6758,6753
7647,6752,6758,6753
7040,6752,6758,6753
3604,6752,6758,6753
8617,6752,6758,6753
7509,6752,6758,6753
3316,6752,6758,6753
7676,6752,6758,6753
6045,6752,6758,6753
3799,6752,6758,6753
4234,6752,6758,6753
2436,6752,6758,6753
6930,6752,6758,6753
3695,6752,6758,6753
6327,6752,6758,6753
2424,6752,6758,6753
8944,6752,6758,6753
4262,6752,6758,6753
9625,6752,6758,6753
9036,6752,6758,6753
7807,6752,6758,6753
2599,6752,6758,6753
6295,6752,6758,6753
2304,6752,6758,6753
9853,6752,6758,6753
2173,6752,6758,6753
4171,6752,6758,6753
9265,6752,6758,6753
3236,6752,6758,6753
4388,6752,6758,6753
6142,6752,6758,6753
5966,6752,6758,6753
3680,6752,6758,6753
7072,6752,6758,6753
7709,6752,6758,6753
6195,6752,6758,6753
7887,6752,6758,6753
1798,6752,6758,6753
3810,6752,6758,6753
6018,6752,6758,6753
3441,6752,6758,6753
2342,6752,6758,6753
5476,6752,6758,6753
7069,6752,6758,6753
8554,6752,6758,6753
7847,6752,6758,6753
7953,6752,6758,6753
6356,6752,6758,6753
6518,6752,6758,6753
6039,6752,6758,6753
6551,6752,6758,6753
1758,6752,6758,6753
6901,6752,6758,6753
6715,6752,6758,6753
2654,6752,6758,6753
7111,6752,6758,6753
6343,6752,6758,6753
7425,6752,6758,6753
4014,6752,6758,6753
3905,6752,6758,6753
8045,6752,6758,6753
1718,6752,6758,6753
8025,6752,6758,6753
7694,6752,6758,6753
7035,6752,6758,6753
4496,6752,6758,6753
1383,6752,6758,6753
7502,6752,6758,6753
6494,6752,6758,6753
3917,6752,6758,6753
2404,6752,6758,6753
8107,6752,6758,6753
2291,6752,6758,6753
3521,6752,6758,6753
5031,6752,6758,6753
4372,6752,6758,6753
4642,6752,6758,6753
2480,6752,6758,6753
4645,6752,6758,6753
9360,6752,6758,6753
9343,6752,6758,6753
5571,6752,6758,6753
6346,6752,6758,6753
3059,6752,6758,6753
4884,6752,6758,6753
5026,6752,6758,6753
6698,6752,6758,6753
9720,6752,6758,6753
3907,6752,6758,6753
2055,6752,6758,6753
6838,6752,6758,6753
4838,6752,6758,6753
5033,6752,6758,6753
4447,6752,6758,6753
9478,6752,6758,6753
5956,6752,6758,6753
6218,6752,6758,6753
6721,6752,6758,6753
6840,6752,6758,6753
3826,6752,6758,6753
3181,6752,6758,6753
7901,6752,6758,6753
3770,6752,6758,6753
4754,6752,6758,6753
7217,6752,6758,6753
6666,6752,6758,6753
4492,6752,6758,6753
4920,6752,6758,6753
4752,6752,6758,6753
2345,6752,6758,6753
3238,6752,6758,6753
1739,6752,6758,6753
7992,6752,6758,6753
9060,6752,6758,6753
3439,6752,6758,6753
9780,6752,6758,6753
6267,6752,6758,6753
4267,6752,6758,6753
3444,6752,6758,6753
9249,6752,6758,6753
8891,6752,6758,6753
4990,6752,6758,6753
9835,6752,6758,6753
2917,6752,6758,6753
9679,6752,6758,6753
7983,6752,6758,6753
3847,6752,6758,6753
7175,6752,6758,6753
7865,6752,6758,6753
4484,6752,6758,6753
6171,6752,6758,6753
7361,6752,6758,6753
6837,6752,6758,6753
5131,6752,6758,6753
7127,6752,6758,6753
3892,6752,6758,6753
5609,6752,6758,6753
2788,6752,6758,6753
2136,6752,6758,6753
9385,6752,6758,6753
3426,6752,6758,6753
6542,6752,6758,6753
5900,6752,6758,6753
3948,6752,6758,6753
6180,6752,6758,6753
8940,6752,6758,6753
7022,6752,6758,6753
7049,6752,6758,6753
9876,6752,6758,6753
6694,6752,6758,6753
5990,6752,6758,6753
2449,6752,6758,6753
5742,6752,6758,6753
4960,6752,6758,6753
3839,6752,6758,6753
3796,6752,6758,6753
4881,6752,6758,6753
6567,6752,6758,6753
3858,6752,6758,6753
4242,6752,6758,6753
6634,6752,6758,6753
6408,6752,6758,6753
9761,6752,6758,6753
4438,6752,6758,6753
9214,6752,6758,6753
3067,6752,6758,6753
3768,6752,6758,6753
3970,6752,6758,6753
5125,6752,6758,6753
4174,6752,6758,6753
6492,6752,6758,6753
4427,6752,6758,6753
9250,6752,6758,6753
3557,6752,6758,6753
7338,6752,6758,6753
3965,6752,6758,6753
6090,6752,6758,6753
4167,6752,6758,6753
3998,6752,6758,6753
3241,6752,6758,6753
6771,6752,6758,6753
7064,6752,6758,6753
9561,6752,6758,6753
6297,6752,6758,6753
9263,6752,6758,6753
5035,6752,6758,6753
3267,6752,6758,6753
1438,6752,6758,6753
5753,6752,6758,6753
3054,6752,6758,6753
6046,6752,6758,6753
1380,6752,6758,6753
6862,6752,6758,6753
2218,6752,6758,6753
4198,6752,6758,6753
2286,6752,6758,6753
3169,6752,6758,6753
9867,6752,6758,6753
2795,6752,6758,6753
4068,6752,6758,6753
3671,6752,6758,6753
2983,6752,6758,6753
8138,6752,6758,6753
9355,6752,6758,6753
4556,6752,6758,6753
3041,6752,6758,6753
2762,6752,6758,6753
8783,6752,6758,6753
3672,6752,6758,6753
6943,6752,6758,6753
3739,6752,6758,6753
3322,6752,6758,6753
3190,6752,6758,6753
6757,6752,6758,6753
8145,6752,6758,6753
6286,6752,6758,6753
4624,6752,6758,6753
1789,6752,6758,6753
9444,6752,6758,6753
3536,6752,6758,6753
3004,6752,6758,6753
5283,6752,6758,6753
6334,6752,6758,6753
7058,6752,6758,6753
3622,6752,6758,6753
1418,6752,6758,6753
4098,6752,6758,6753
3625,6752,6758,6753
6131,6752,6758,6753
2894,6752,6758,6753
9361,6752,6758,6753
1992,6752,6758,6753
2708,6752,6758,6753
7036,6752,6758,6753
1994,6752,6758,6753
7810,6752,6758,6753
9366,6752,6758,6753
9973,6752,6758,6753
5699,6752,6758,6753
6335,6752,6758,6753
5542,6752,6758,6753
8152,6752,6758,6753
9051,6752,6758,6753
7538,6752,6758,6753
7150,6752,6758,6753
4351,6752,6758,6753
8518,6752,6758,6753
6469,6752,6758,6753
5216,6752,6758,6753
3664,6752,6758,6753
3988,6752,6758,6753
3372,6752,6758,6753
7602,6752,6758,6753
3927,6752,6758,6753
9417,6752,6758,6753
9258,6752,6758,6753
2911,6752,6758,6753
5603,6752,6758,6753
4486,6752,6758,6753
7464,6752,6758,6753
4172,6752,6758,6753
9313,6752,6758,6753
5070,6752,6758,6753
5998,6752,6758,6753
6907,6752,6758,6753
2467,6752,6758,6753
5856,6752,6758,6753
6360,6752,6758,6753
6558,6752,6758,6753
4494,6752,6758,6753
6042,6752,6758,6753
7208,6752,6758,6753
7555,6752,6758,6753
3143,6752,6758,6753
2179,6752,6758,6753
7897,6752,6758,6753
2687,6752,6758,6753
9929,6752,6758,6753
2351,6752,6758,6753
8119,6752,6758,6753
3753,6752,6758,6753
6772,6752,6758,6753
1401,6752,6758,6753
9969,6752,6758,6753
6635,6752,6758,6753
4625,6752,6758,6753
3204,6752,6758,6753
4287,6752,6758,6753
2481,6752,6758,6753
8594,6752,6758,6753
8260,6752,6758,6753
2974,6752,6758,6753
3280,6752,6758,6753
9776,6752,6758,6753
6888,6752,6758,6753
4261,6752,6758,6753
4615,6752,6758,6753
6662,6752,6758,6753
5936,6752,6758,6753
6775,6752,6758,6753
6038,6752,6758,6753
2747,6752,6758,6753
2493,6752,6758,6753
6964,6752,6758,6753
6466,6752,6758,6753
6060,6752,6758,6753
3816,6752,6758,6753
7625,6752,6758,6753
7805,6752,6758,6753
4444,6752,6758,6753
4750,6752,6758,6753
3995,6752,6758,6753
3690,6752,6758,6753
7916,6752,6758,6753
2876,6752,6758,6753
9557,6752,6758,6753
8903,6752,6758,6753
1434,6752,6758,6753
4319,6752,6758,6753
6570,6752,6758,6753
9082,6752,6758,6753
3726,6752,6758,6753
2376,6752,6758,6753
5355,6752,6758,6753
4119,6752,6758,6753
6599,6752,6758,6753
7031,6752,6758,6753
3161,6752,6758,6753
2341,6752,6758,6753
2058,6752,6758,6753
5103,6752,6758,6753
3524,6752,6758,6753
5704,6752,6758,6753
5612,6752,6758,6753
3035,6752,6758,6753
4437,6752,6758,6753
6548,6752,6758,6753
6192,6752,6758,6753
1443,6752,6758,6753
7791,6752,6758,6753
7782,6752,6758,6753
5029,6752,6758,6753
9466,6752,6758,6753
9854,6752,6758,6753
1436,6752,6758,6753
3645,6752,6758,6753
1771,6752,6758,6753
3727,6752,6758,6753
2693,6752,6758,6753
7836,6752,6758,6753
3495,6752,6758,6753
3437,6752,6758,6753
3841,6752,6758,6753
3577,6752,6758,6753
5343,6752,6758,6753
7746,6752,6758,6753
4690,6752,6758,6753
7284,6752,6758,6753
6193,6752,6758,6753
3823,6752,6758,6753
6342,6752,6758,6753
4415,6752,6758,6753
6467,6752,6758,6753
7399,6752,6758,6753
7044,6752,6758,6753
7918,6752,6758,6753
7041,6752,6758,6753
9778,6752,6758,6753
2321,6752,6758,6753
8226,6752,6758,6753
5721,6752,6758,6753
3537,6752,6758,6753
4424,6752,6758,6753
5028,6752,6758,6753
3682,6752,6758,6753
7372,6752,6758,6753
2743,6752,6758,6753
3710,6752,6758,6753
9342,6752,6758,6753
4370,6752,6758,6753
3358,6752,6758,6753
4833,6752,6758,6753
1844,6752,6758,6753
5781,6752,6758,6753
9264,6752,6758,6753
3266,6752,6758,6753
4387,6752,6758,6753
3744,6752,6758,6753
4450,6752,6758,6753
7443,6752,6758,6753
9012,6752,6758,6753
6803,6752,6758,6753
4882,6752,6758,6753
3997,6752,6758,6753
9256,6752,6758,6753
7084,6752,6758,6753
7360,6752,6758,6753
7831,6752,6758,6753
5189,6752,6758,6753
3920,6752,6758,6753
3024,6752,6758,6753
6186,6752,6758,6753
6072,6752,6758,6753
5697,6752,6758,6753
7446,6752,6758,6753
6032,6752,6758,6753
4736,6752,6758,6753
6233,6752,6758,6753
1841,6752,6758,6753
7922,6752,6758,6753
7975,6752,6758,6753
9767,6752,6758,6753
6655,6752,6758,6753
7043,6752,6758,6753
4735,6752,6758,6753
3352,6752,6758,6753
5973,6752,6758,6753
4178,6752,6758,6753
7097,6752,6758,6753
8559,6752,6758,6753
5928,6752,6758,6753
6549,6752,6758,6753
7804,6752,6758,6753
4885,6752,6758,6753
3909,6752,6758,6753
8105,6752,6758,6753
7076,6752,6758,6753
4040,6752,6758,6753
3071,6752,6758,6753
8886,6752,6758,6753
4422,6752,6758,6753
7057,6752,6758,6753
3647,6752,6758,6753
2961,6752,6758,6753
4720,6752,6758,6753
7037,6752,6758,6753
5126,6752,6758,6753
4247,6752,6758,6753
6265,6752,6758,6753
1795,6752,6758,6753
3045,6752,6758,6753
4341,6752,6758,6753
4421,6752,6758,6753
4120,6752,6758,6753
7698,6752,6758,6753
3895,6752,6758,6753
2468,6752,6758,6753
4196,6752,6758,6753
4976,6752,6758,6753
8996,6752,6758,6753
9849,6752,6758,6753
8746,6752,6758,6753
6198,6752,6758,6753
9421,6752,6758,6753
2134,6752,6758,6753
4705,6752,6758,6753
7902,6752,6758,6753
4222,6752,6758,6753
1724,6752,6758,6753
7894,6752,6758,6753
4491,6752,6758,6753
3985,6752,6758,6753
3550,6752,6758,6753
2683,6752,6758,6753
8040,6752,6758,6753
7687,6752,6758,6753
4445,6752,6758,6753
7265,6752,6758,6753
9127,6752,6758,6753
6633,6752,6758,6753
7356,6752,6758,6753
4824,6752,6758,6753
9087,6752,6758,6753
7018,6752,6758,6753
5386,6752,6758,6753
3935,6752,6758,6753
3297,6752,6758,6753
4017,6752,6758,6753
7162,6752,6758,6753
4391,6752,6758,6753
3747,6752,6758,6753
2722,6752,6758,6753
4386,6752,6758,6753
8115,6752,6758,6753
2425,6752,6758,6753
4199,6752,6758,6753
6396,6752,6758,6753
4102,6752,6758,6753
1444,6752,6758,6753
5997,6752,6758,6753
3928,6752,6758,6753
4840,6752,6758,6753
3202,6752,6758,6753
4918,6752,6758,6753
7863,6752,6758,6753
6026,6752,6758,6753
7515,6752,6758,6753
4057,6752,6758,6753
3306,6752,6758,6753
1743,6752,6758,6753
3930,6752,6758,6753
3624,6752,6758,6753
8742,6752,6758,6753
3814,6752,6758,6753
7219,6752,6758,6753
3691,6752,6758,6753
9353,6752,6758,6753
2408,6752,6758,6753
6181,6752,6758,6753
6545,6752,6758,6753
7090,6752,6758,6753
3317,6752,6758,6753
7957,6752,6758,6753
6400,6752,6758,6753
6734,6752,6758,6753
4678,6752,6758,6753
7021,6752,6758,6753
1997,6752,6758,6753
3961,6752,6758,6753
3077,6752,6758,6753
2435,6752,6758,6753
4166,6752,6758,6753
2999,6752,6758,6753
3070,6752,6758,6753
3766,6752,6758,6753
2139,6752,6758,6753
6307,6752,6758,6753
2499,6752,6758,6753
1764,6752,6758,6753
9220,6752,6758,6753
4200,6752,6758,6753
6217,6752,6758,6753
3474,6752,6758,6753
2215,6752,6758,6753
7923,6752,6758,6753
3815,6752,6758,6753
2776,6752,6758,6753
6555,6752,6758,6753
7850,6752,6758,6753
1451,6752,6758,6753
6557,6752,6758,6753
4394,6752,6758,6753
7870,6752,6758,6753
9685,6752,6758,6753
7601,6752,6758,6753
3350,6752,6758,6753
7129,6752,6758,6753
7140,6752,6758,6753
6822,6752,6758,6753
9972,6752,6758,6753
4335,6752,6758,6753
6022,6752,6758,6753
5817,6752,6758,6753
9363,6752,6758,6753
7793,6752,6758,6753
5341,6752,6758,6753
6138,6752,6758,6753
3945,6752,6758,6753
9040,6752,6758,6753
3634,6752,6758,6753
5134,6752,6758,6753
6048,6752,6758,6753
2666,6752,6758,6753
7062,6752,6758,6753
9820,6752,6758,6753
2300,6752,6758,6753
3409,6752,6758,6753
5969,6752,6758,6753
4416,6752,6758,6753
5458,6752,6758,6753
4814,6752,6758,6753
5162,6752,6758,6753
2789,6752,6758,6753
2330,6752,6758,6753
6579,6752,6758,6753
4650,6752,6758,6753
8247,6752,6758,6753
4657,6752,6758,6753
4827,6752,6758,6753
5199,6752,6758,6753
3192,6752,6758,6753
2479,6752,6758,6753
6969,6752,6758,6753
3987,6752,6758,6753
4241,6752,6758,6753
6867,6752,6758,6753
7571,6752,6758,6753
3477,6752,6758,6753
3177,6752,6758,6753
9419,6752,6758,6753
7544,6752,6758,6753
3775,6752,6758,6753
3944,6752,6758,6753
2586,6752,6758,6753
4679,6752,6758,6753
9423,6752,6758,6753
1711,6752,6758,6753
3583,6752,6758,6753
6647,6752,6758,6753
7077,6752,6758,6753
9439,6752,6758,6753
4378,6752,6758,6753
9362,6752,6758,6753
3931,6752,6758,6753
3929,6752,6758,6753
6150,6752,6758,6753
5974,6752,6758,6753
6550,6752,6758,6753
3195,6752,6758,6753
6664,6752,6758,6753
3986,6752,6758,6753
3174,6752,6758,6753
6578,6752,6758,6753
3083,6752,6758,6753
7813,6752,6758,6753
7919,6752,6758,6753
4243,6752,6758,6753
4558,6752,6758,6753
2901,6752,6758,6753
3375,6752,6758,6753
5010,6752,6758,6753
7369,6752,6758,6753
7640,6752,6758,6753
3248,6752,6758,6753
8013,6752,6758,6753
4935,6752,6758,6753
6074,6752,6758,6753
7827,6752,6758,6753
3185,6752,6758,6753
7896,6752,6758,6753
9240,6752,6758,6753
3842,6752,6758,6753
7376,6752,6758,6753
7567,6752,6758,6753
3559,6752,6758,6753
4020,6752,6758,6753
8854,6752,6758,6753
6543,6752,6758,6753
3138,6752,6758,6753
9647,6752,6758,6753
4265,6752,6758,6753
7073,6752,6758,6753
3137,6752,6758,6753
6894,6752,6758,6753
5395,6752,6758,6753
7800,6752,6758,6753
3011,6752,6758,6753
9271,6752,6758,6753
5279,6752,6758,6753
4288,6752,6758,6753
6347,6752,6758,6753
7899,6752,6758,6753
3974,6752,6758,6753
7093,6752,6758,6753
6663,6752,6758,6753
3419,6752,6758,6753
7357,6752,6758,6753
6063,6752,6758,6753
9254,6752,6758,6753
5271,6752,6758,6753
8166,6752,6758,6753
2778,6752,6758,6753
9635,6752,6758,6753
3976,6752,6758,6753
3490,6752,6758,6753
6190,6752,6758,6753
7986,6752,6758,6753
7837,6752,6758,6753
4673,6752,6758,6753
3845,6752,6758,6753
8256,6752,6758,6753
8836,6752,6758,6753
5905,6752,6758,6753
6537,6752,6758,6753
7362,6752,6758,6753
3111,6752,6758,6753
3598,6752,6758,6753
3461,6752,6758,6753
7273,6752,6758,6753
3802,6752,6758,6753
6380,6752,6758,6753
3237,6752,6758,6753
6248,6752,6758,6753
3646,6752,6758,6753
9816,6752,6758,6753
4240,6752,6758,6753
7877,6752,6758,6753
3953,6752,6758,6753
3600,6752,6758,6753
5212,6752,6758,6753
3089,6752,6758,6753
3042,6752,6758,6753
8123,6752,6758,6753
4770,6752,6758,6753
7524,6752,6758,6753
4707,6752,6758,6753
1738,6752,6758,6753
7623,6752,6758,6753
3639,6752,6758,6753
8181,6752,6758,6753
1788,6752,6758,6753
6942,6752,6758,6753
7671,6752,6758,6753
7878,6752,6758,6753
7363,6752,6758,6753
7689,6752,6758,6753
9895,6752,6758,6753
3787,6752,6758,6753
7928,6752,6758,6753
7771,6752,6758,6753
4930,6752,6758,6753
3910,6752,6758,6753
5075,6752,6758,6753
9941,6752,6758,6753
9562,6752,6758,6753
5287,6752,6758,6753
5950,6752,6758,6753
4355,6752,6758,6753
7477,6752,6758,6753
9242,6752,6758,6753
2754,6752,6758,6753
9253,6752,6758,6753
9365,6752,6758,6753
7501,6752,6758,6753
3670,6752,6758,6753
4664,6752,6758,6753
7067,6752,6758,6753
7939,6752,6758,6753
9073,6752,6758,6753
6696,6752,6758,6753
7255,6752,6758,6753
4124,6752,6758,6753
2736,6752,6758,6753
8254,6752,6758,6753
5277,6752,6758,6753
3416,6752,6758,6753
1999,6752,6758,6753
5025,6752,6758,6753
5342,6752,6758,6753
8912,6752,6758,6753
7131,6752,6758,6753
4616,6752,6758,6753
7314,6752,6758,6753
9215,6752,6758,6753
5952,6752,6758,6753
6982,6752,6758,6753
7946,6752,6758,6753
4255,6752,6758,6753
9978,6752,6758,6753
9327,6752,6758,6753
4766,6752,6758,6753
5987,6752,6758,6753
2137,6752,6758,6753
6029,6752,6758,6753
8946,6752,6758,6753
9376,6752,6758,6753
7138,6752,6758,6753
2323,6752,6758,6753
6147,6752,6758,6753
4834,6752,6758,6753
7615,6752,6758,6753
9476,6752,6758,6753
8215,6752,6758,6753
3908,6752,6758,6753
9914,6752,6758,6753
5953,6752,6758,6753
9812,6752,6758,6753
2402,6752,6758,6753
9244,6752,6758,6753
3469,6752,6758,6753
6276,6752,6758,6753
4361,6752,6758,6753
1439,6752,6758,6753
3494,6752,6758,6753
7268,6752,6758,6753
3346,6752,6758,6753
7997,6752,6758,6753
3849,6752,6758,6753
1400,6752,6758,6753
3189,6752,6758,6753
6433,6752,6758,6753
7074,6752,6758,6753
9425,6752,6758,6753
7886,6752,6758,6753
4179,6752,6758,6753
7585,6752,6758,6753
6786,6752,6758,6753
4016,6752,6758,6753
6173,6752,6758,6753
4316,6752,6758,6753
3326,6752,6758,6753
8072,6752,6758,6753
4059,6752,6758,6753
6898,6752,6758,6753
9878,6752,6758,6753
7815,6752,6758,6753
6731,6752,6758,6753
1730,6752,6758,6753
2721,6752,6758,6753
7075,6752,6758,6753
3913,6752,6758,6753
4073,6752,6758,6753
8995,6752,6758,6753
7985,6752,6758,6753
7422,6752,6758,6753
6836,6752,6758,6753
7345,6752,6758,6753
1382,6752,6758,6753
7413,6752,6758,6753
7462,6752,6758,6753
6977,6752,6758,6753
5962,6752,6758,6753
9213,6752,6758,6753
6177,6752,6758,6753
7083,6752,6758,6753
6025,6752,6758,6753
2926,6752,6758,6753
6574,6752,6758,6753
8209,6752,6758,6753
3286,6752,6758,6753
7719,6752,6758,6753
8225,6752,6758,6753
6573,6752,6758,6753
6659,6752,6758,6753
3779,6752,6758,6753
1971,6752,6758,6753
7042,6752,6758,6753
4018,6752,6758,6753
2156,6752,6758,6753
2459,6752,6758,6753
3261,6752,6758,6753
4349,6752,6758,6753
6085,6752,6758,6753
7426,6752,6758,6753
3260,6752,6758,6753
3223,6752,6758,6753
2673,6752,6758,6753
6416,6752,6758,6753
9241,6752,6758,6753
4995,6752,6758,6753
6439,6752,6758,6753
5610,6752,6758,6753
9610,6752,6758,6753
5380,6752,6758,6753
3442,6752,6758,6753
7851,6752,6758,6753
3032,6752,6758,6753
3370,6752,6758,6753
3803,6752,6758,6753
3384,6752,6758,6753
2997,6752,6758,6753
2976,6752,6758,6753
6846,6752,6758,6753
4760,6752,6758,6753
1734,6752,6758,6753
3977,6752,6758,6753
2164,6752,6758,6753
3808,6752,6758,6753
8143,6752,6758,6753
1449,6752,6758,6753
3047,6752,6758,6753
3136,6752,6758,6753
4250,6752,6758,6753
2172,6752,6758,6753
3824,6752,6758,6753
3782,6752,6758,6753
9399,6752,6758,6753
