,Symbol,Length
0,AAPL,390
1,MSFT,390
2,GOOGL,390
3,GOOG,390
4,AMZN,390
5,NVDA,390
6,TSLA,390
7,META,390
8,XOM,390
9,UNH,390
10,JNJ,390
11,MRK,390
12,KO,390
13,PEP,390
14,DIS,390
15,PM,390
16,NEE,390
17,BMY,390
18,AMD,390
19,NFLX,390
20,QCOM,390
21,T,390
22,AXP,390
23,CAT,390
25,BA,390
26,INTC,390
27,GE,390
28,MDLZ,390
29,PYPL,390
30,PGR,390
31,TGT,390
32,ETN,390
33,UBER,390
34,WM,390
35,ATVI,390
36,CSX,390
37,CL,390
38,BNS,390
39,STLA,390
40,SHOP,390
41,OXY,390
42,CDNS,390
43,MNST,390
44,MRNA,390
46,F,390
47,MCHP,390
48,SNOW,390
49,LVS,390
50,ET,390
51,COF,390
52,GFS,390
53,CVE,390
54,YUM,390
55,DVN,390
56,CRWD,390
57,ACGL,390
58,STLD,390
59,AEE,390
60,NTRS,390
61,UAL,390
62,PINS,390
63,PLTR,390
64,TER,390
65,CPB,390
66,LCID,390
67,MDB,390
68,ETSY,390
69,RIVN,390
70,COIN,390
71,DOCU,390
72,CCL,390
73,TTC,390
74,TAP,390
75,UHAL,390
76,CLF,390
77,EQH,390
78,AAL,390
79,AGCO,390
80,XM,390
81,OVV,390
82,EWBC,390
83,MTN,390
84,RNR,390
85,ALGM,390
87,ROKU,390
88,DKNG,390
89,HOOD,390
90,CIEN,390
91,HAS,390
93,LEVI,390
94,BYD,390
95,RRC,390
96,SIVB,390
97,MAT,390
98,ALK,390
99,GWRE,390
100,HTZ,390
101,HCP,390
102,SOFI,390
103,SMAR,390
104,COHR,390
105,GME,390
106,RIG,390
107,FNB,390
108,SSD,390
109,PTON,390
110,LEG,390
111,SMG,390
112,GPS,390
113,ITCI,390
114,HP,390
115,EVH,390
116,LITE,390
117,STNG,390
118,SGML,390
121,AFRM,390
122,RUSHA,390
123,VIRT,390
126,DSEY,390
127,PD,390
128,RVNC,390
131,AI,390
132,JOE,390
134,EXTR,390
135,IDCC,390
136,VET,390
137,CHGG,390
138,HIMS,390
139,CARG,390
140,NAPA,390
141,COUR,390
142,TASK,390
143,EYE,390
144,CRSR,390
145,CPRX,390
146,CNK,390
148,NRDS,390
149,SEAT,390
150,WRBY,390
151,UPST,390
152,ASTS,390
153,MGNI,390
154,MAXN,390
155,RCUS,390
156,PTGX,390
157,HNI,390
158,FREY,390
159,TITN,390
161,DLX,390
162,RDFN,390
163,GIII,390
164,VTNR,390
166,EXFY,390
167,VITL,390
168,SKYT,390
169,CDNA,390
170,KBAL,390
172,ANGO,390
173,LQDA,390
175,FF,390
176,PETS,390
177,CARA,390
179,HRZN,390
180,ASRT,390
181,GNE,390
182,JAKK,390
183,CVX,389
184,HD,389
185,ABBV,389
186,PFE,389
187,COST,389
188,CRM,389
189,GS,389
190,IBM,389
191,MU,389
192,HLT,389
193,XEL,389
194,ON,389
195,MRVL,389
196,KR,389
197,HAL,389
198,ENPH,389
199,OKE,389
200,GOLD,389
201,RBLX,389
202,FSLR,389
203,CTRA,389
204,SWKS,389
205,IOT,389
206,CASY,389
207,PLUG,389
208,GPK,389
209,SWAV,389
210,X,389
211,M,389
212,NVEI,389
213,INMD,389
214,BEAM,389
215,BOOT,389
216,ARHS,389
217,PSFE,389
218,PLAB,389
219,COCO,389
220,TNP,389
221,ETNB,389
222,EBS,389
223,AMPY,389
224,ICVX,389
225,WMT,388
226,BAC,388
227,ABT,388
228,COP,388
229,SBUX,388
230,GD,388
231,VLO,388
232,PSX,388
233,NXPI,388
234,MBLY,388
235,APTV,388
236,DAL,388
237,RF,388
238,SNAP,388
239,MGM,388
240,ZS,388
241,BJ,388
242,GTLB,388
243,APP,388
244,RUM,388
245,CHPT,388
246,SAVE,388
247,YEXT,388
248,PLL,388
249,SAVA,388
250,OBE,388
251,INSE,388
252,HDSN,388
253,SCHW,387
254,MDT,387
255,CVS,387
256,MMM,387
257,PANW,387
258,LEN,387
259,ULTA,387
260,DDOG,387
261,MKC,387
262,MNDY,387
263,DXC,387
264,HRB,387
265,LAZR,387
266,DOCN,387
267,KOS,387
268,LYFT,387
269,ZIM,387
270,MYRG,387
271,ESTE,387
272,FSLY,387
273,AUPH,387
274,MIRM,387
275,V,386
276,JPM,386
277,ORCL,386
278,WFC,386
279,VZ,386
280,C,386
281,SLB,386
282,CNQ,386
283,MPC,386
284,ADM,386
285,NUE,386
286,MPLX,386
287,CF,386
288,DAR,386
289,NCLH,386
290,SMCI,386
291,CPG,386
292,BTU,386
293,BOWL,386
294,SIX,386
295,NVAX,386
296,MUX,386
297,DE,385
298,PXD,385
299,SQ,385
300,DHI,385
301,ALB,385
302,MTB,385
303,RCL,385
304,AES,385
305,SWK,385
306,PEN,385
307,SBNY,385
308,FRO,385
309,BHC,385
310,SAGE,385
311,EWCZ,385
312,AEHR,385
313,XMTR,385
314,BIVI,385
315,AMAT,384
316,CB,384
317,ABNB,384
318,UBS,384
319,EXC,384
320,CMI,384
321,FE,384
322,TECK,384
323,FRC,384
324,MMP,384
325,CHK,384
326,CMA,384
327,PATH,384
328,APAM,384
329,CEIX,384
330,VSTO,384
331,BYND,384
332,APPS,384
333,SSYS,384
334,VKTX,384
335,NX,384
336,PRVB,384
337,OPRX,384
338,MO,383
339,MELI,383
340,FCX,383
341,AEP,383
342,ODFL,383
343,RKT,383
344,AKAM,383
345,FHN,383
346,ASAN,383
347,IART,383
348,FIZZ,383
349,XPO,383
350,S,383
351,PLTK,383
352,CSIQ,383
353,UNFI,383
354,IMXI,383
355,DENN,383
356,BLNK,383
357,LOCO,383
358,LOVE,383
359,TSQ,383
360,PG,382
361,UPS,382
362,EMR,382
363,LULU,382
364,LNG,382
365,CBOE,382
366,APA,382
367,PAAS,382
368,QS,382
369,RETA,382
370,PAGS,382
371,PTEN,382
372,CALM,382
373,DHT,382
374,LXU,382
375,ACRS,382
376,ADI,381
377,LRCX,381
378,KMI,381
379,SPOT,381
380,MRO,381
381,TWLO,381
382,GIL,381
383,ESTC,381
384,EXEL,381
385,ASO,381
386,AMN,381
387,MEOH,381
388,DAN,381
389,FGEN,381
390,ARCO,381
391,ENVX,381
392,ICPT,381
393,BTAI,381
394,DLTH,381
395,CSCO,380
396,GILD,380
397,LHX,380
398,TTD,380
399,FANG,380
400,LUV,380
401,AVTR,380
402,ZG,380
403,MP,380
404,NEWR,380
405,THO,380
406,AYX,380
407,FLNC,380
408,ARRY,380
409,TWST,380
410,BBW,380
411,MA,379
412,CARR,379
413,EXPE,379
414,CHRW,379
415,WMS,379
416,TDOC,379
417,BOX,379
418,LBRT,379
419,CP,378
420,CINF,378
421,KEY,378
422,HII,378
423,APLS,378
424,WWE,378
425,TREX,378
426,CRK,378
427,INSW,378
428,TA,378
429,OSTK,378
430,MTW,378
431,MRNS,378
432,SYK,377
433,EL,377
434,FISV,377
435,ORLY,377
436,DTE,377
437,STX,377
438,U,377
439,CELH,377
440,BCC,377
441,MSTR,377
442,RAIN,377
443,PKE,377
444,NOC,376
445,LNC,376
446,SHLS,376
447,SPWR,376
448,FIGS,376
449,IDT,376
450,BAND,376
451,LLY,375
452,MCD,375
453,TD,375
454,PNC,375
455,MAR,375
456,GLW,375
457,WEN,375
458,AMLX,375
459,SLCA,375
460,BXC,375
461,BREZ,375
462,EPD,374
463,ANET,374
464,D,374
465,CAH,374
466,WYNN,374
467,CFLT,374
468,NSP,374
469,BE,374
470,JBLU,374
471,PACW,374
472,COHU,374
473,IRBT,374
474,DXCM,373
475,NTR,373
476,STZ,373
477,WBD,373
478,TSCO,373
479,EPAM,373
480,LOGI,373
481,AA,373
482,GLOB,373
483,BX,372
484,CQP,372
485,AER,372
486,OKTA,372
487,DKS,372
488,PHM,372
489,PHR,372
490,WDAY,371
491,BBWI,371
492,IVZ,371
493,TDC,371
494,SKY,371
495,MRTX,371
496,ZIP,371
497,ANIP,371
498,FLL,371
499,NKE,370
500,FAST,370
501,LDOS,370
502,CGNX,370
503,GBTG,370
504,UONE,370
505,TXN,369
506,HES,369
507,NDAQ,369
508,NET,369
509,DINO,369
510,CAR,369
511,NFE,369
512,NTRA,369
513,R,369
514,SONO,369
515,DK,369
516,TMUS,368
517,PRU,368
518,CAG,368
519,GLBE,368
520,NTLA,368
521,FSR,368
522,ZYME,368
523,MITK,368
524,BIG,368
525,RGLD,367
526,MUR,367
527,RXDX,367
528,WPM,366
529,DVA,366
530,ONON,366
531,ELF,366
532,AXSM,366
533,TNDM,366
534,HELE,366
535,CBRL,366
536,PERI,366
537,TSAT,366
538,INTU,365
539,VFC,365
540,BEPC,365
541,ACLS,365
542,GCO,365
543,CPS,365
544,NOW,364
545,KKR,364
546,NTAP,364
547,WTRG,364
548,NRG,364
549,NVT,364
550,FL,364
551,SAM,364
552,LTH,364
553,COOP,364
554,SBLK,364
555,BKE,364
556,SNPS,363
557,TRP,363
558,SQSP,363
559,AG,363
560,VTLE,363
561,IBKR,362
562,HOG,362
563,NTNX,362
564,OZK,362
565,KTB,362
566,USAC,362
567,GOGO,362
568,CVNA,362
569,DASH,361
570,CCJ,361
571,ALLY,361
572,PII,361
573,INTA,361
574,SYM,361
575,UNP,360
576,WBA,360
577,ZM,360
578,CTLT,360
579,RUN,360
580,BMBL,360
581,LAC,360
582,TSE,360
583,ZYXI,360
584,FDX,359
585,CHTR,359
586,STT,359
587,AEM,359
588,AXON,359
589,DGX,359
590,ALV,359
591,W,359
592,KSS,359
593,WOOF,359
594,BCRX,359
595,RXST,359
596,SWBI,359
597,ATNM,359
598,BEN,358
599,LSCC,358
600,TPX,358
601,CXM,358
602,HA,358
603,FNV,357
604,MOS,357
605,DPZ,357
606,BWXT,357
607,TRTN,357
608,JXN,357
609,CVI,357
610,ABM,357
611,SHAK,357
612,HPQ,356
613,CROX,356
614,PZZA,356
615,ARCH,356
616,JKHY,355
617,GL,355
618,TRMD,355
619,MATX,355
620,ADP,354
621,NVCR,354
622,CHRD,354
623,FOUR,354
624,SGH,354
625,MS,353
626,ADBE,353
627,BBY,353
628,LKQ,353
629,FLEX,353
630,SKX,353
631,AN,353
632,IGT,353
633,LPX,353
634,SHW,352
635,IR,352
636,PTVE,352
637,ROCC,352
638,GES,352
639,BK,351
640,FERG,350
641,HRL,350
642,WBS,350
643,UAA,350
644,NOVA,350
645,DCBO,350
646,CABA,350
647,BGFV,350
648,LMT,349
649,FIS,349
650,ALGN,349
651,DUOL,349
652,CPE,349
653,FVRR,349
654,KHC,348
655,BAM,348
656,IP,348
657,DISH,348
658,FIVN,348
659,MNTK,348
660,FLUX,348
661,NEM,347
662,PPL,347
663,BLDR,347
664,LTHM,347
665,CVGW,347
666,BKR,346
667,HGV,346
668,FLR,346
669,OMF,346
670,TSN,345
671,HROW,345
672,FSK,344
673,ARWR,344
674,AMCX,344
675,EBIX,344
676,TJX,343
677,KEYS,343
678,RS,343
679,AOS,343
680,ELAN,343
681,CRCT,343
682,AWK,342
683,HALO,342
684,GH,342
685,PBT,342
686,CI,341
687,SCCO,341
688,TXT,341
689,TYL,341
690,AR,341
691,VOYA,341
692,LAZ,341
693,CPNG,340
694,OSH,340
695,TGNA,340
696,DD,339
697,BORR,339
698,DFS,338
699,APPF,338
700,RTX,337
701,CEG,337
702,TENB,337
703,STAA,337
704,VSCO,337
705,GEL,337
706,DICE,337
707,NWL,336
708,FLNG,336
709,CBAY,336
710,AQUA,335
711,AVDX,335
712,EGLE,335
713,DRI,334
714,CBT,334
715,PRIM,334
716,OSPN,334
717,SD,334
718,CMCSA,333
719,NVST,333
720,PR,333
721,LSPD,333
722,EAT,333
723,K,332
724,FOXA,332
725,AGL,332
726,URGN,332
727,ROK,331
728,EQT,331
729,HCAT,331
730,LE,330
731,HON,329
732,VIR,329
733,VSAT,329
734,PLAY,329
735,BCTX,329
736,NE,328
737,TRIP,328
738,LRN,328
739,TGLS,327
740,GDYN,327
741,TWOU,327
742,SO,326
743,TROW,326
744,WDC,326
745,WGO,326
746,EMBC,326
747,DLTR,325
748,SRPT,325
749,WSM,325
750,TVTX,325
751,HUM,324
752,OTIS,324
753,BALL,324
754,RGA,324
755,DBX,324
756,BIGC,324
757,BERY,323
758,MUSA,323
759,CIVI,323
760,CPA,323
761,METC,323
762,CWH,322
763,CMTL,322
764,SFM,321
765,DNLI,321
766,KBH,321
767,AMSF,321
768,GPN,320
769,CHWY,320
770,QRVO,320
771,PENN,320
772,LC,320
773,YUMC,319
774,UTHR,319
775,PNR,319
776,GNK,319
777,LAW,319
778,ELV,318
779,ECL,318
780,FND,318
781,CTVA,317
782,GFL,317
783,TGTX,317
784,ILMN,316
785,ERF,316
786,JWN,316
787,STEM,316
788,TXG,315
789,TSLX,315
790,KFRC,315
791,CME,314
792,GPC,313
793,FITB,313
794,ASTL,313
795,SPGI,312
796,H,312
797,GO,312
798,SAH,312
799,CAAP,312
800,CARE,312
801,INTT,312
802,CPRI,311
803,EHC,311
804,BROS,311
805,ISEE,311
806,PATK,310
807,STKS,310
808,PSTG,309
809,WIX,309
810,CRDO,309
811,ASC,308
812,INOD,307
813,SYF,306
814,KNX,306
815,GRBK,306
816,MNTV,306
817,MCO,305
818,VRNS,305
819,AEO,305
820,KRNT,305
821,AON,304
822,AIG,304
823,NEO,304
824,EVBG,304
825,GXO,303
826,ARNC,303
827,PODD,302
828,PARA,302
829,AMR,301
830,Z,300
831,LESL,300
832,KNOP,300
833,TEAM,299
834,VEEV,299
835,WLK,299
836,CRS,299
837,CMRE,299
838,AVAV,298
839,PAYC,297
840,AAP,297
841,KLXE,297
842,WMB,296
843,IT,296
844,BMRN,296
845,GNRC,296
846,DOMO,296
847,DSKE,295
848,ENB,294
849,SU,293
850,DOW,293
851,URI,293
852,ARLP,293
853,HLX,293
854,SPLK,292
855,UNM,292
856,VNOM,291
857,CVEO,291
858,BSX,289
859,ALL,289
860,MSGE,289
861,EVA,288
862,CFG,287
863,WCC,287
864,RGR,287
865,CM,286
866,IFF,286
867,TPR,286
868,CTSH,285
869,MSI,284
870,UHS,284
871,RNA,284
872,WASH,284
873,BIIB,282
874,SYNA,282
875,UPWK,282
876,AGX,282
877,BKI,281
878,AHCO,281
879,BRY,280
880,TOST,279
881,COTY,279
882,WAL,279
883,AMKR,279
884,NVTS,279
885,EDR,278
886,PKI,277
887,FN,277
888,PUMP,277
889,BLBD,277
890,NEWT,277
891,NINE,277
892,MRAM,276
893,CG,275
894,PTLO,275
895,PVH,274
896,GPRE,274
897,ACN,273
898,ARCB,273
899,IIIV,273
900,MET,272
901,CALX,272
902,CAAS,271
903,AOUT,271
904,ETR,270
905,CZR,270
906,RCKT,270
907,KMB,269
908,RBA,269
909,PACB,268
910,ZTS,267
911,MFC,267
912,DNB,267
913,ORA,267
914,AY,267
915,TPH,267
916,FTI,265
917,CRC,265
918,WING,264
919,ANF,264
920,L,263
921,AMPS,263
922,OMC,262
923,CLFD,262
924,PCG,261
925,ACMR,261
926,AFL,259
927,CDW,259
928,TFC,258
929,SIG,257
930,RPD,257
931,ACM,256
932,DG,255
933,CBRE,255
934,IAA,255
935,AL,254
936,HCA,253
937,EVR,253
938,PAYO,251
939,PARR,250
940,RNG,249
941,MLR,249
942,QSR,248
943,LW,248
944,DO,247
945,NL,247
946,CRGY,246
947,PRCT,246
948,CNHI,245
949,DOV,245
950,KD,245
951,ALT,245
952,VST,244
953,TDW,244
954,ED,243
955,GLNG,243
956,WDFC,243
957,ENFN,243
958,APH,242
959,CMC,240
960,LIN,239
961,CAKE,239
962,IOVA,238
963,HLIT,237
964,DDD,237
965,PLNT,235
966,ABG,235
967,SGEN,234
968,RVMD,233
969,ASLE,233
970,WAB,229
971,EPM,229
972,SPR,228
973,SSRM,228
974,PNW,227
975,DOLE,227
976,MEDP,226
977,BLK,225
978,GEN,225
979,CLAR,224
980,EOLS,223
981,CHEF,222
982,AZO,221
983,ABCL,221
984,WRK,220
985,YELP,220
986,TGI,220
987,OMI,219
988,GTLS,218
989,NSC,217
990,JBL,216
991,GRMN,213
992,IQV,212
993,WLY,212
994,GOOS,211
995,MAG,211
996,GIS,210
997,MANU,210
998,OII,210
999,PRGO,209
1000,RARE,208
1001,HRI,207
1002,PEGA,207
1003,QDEL,206
1004,FLWS,206
1005,EA,205
1006,EXPI,203
1007,TRUP,200
1008,KDP,199
1009,SYNH,199
1010,NOG,198
1011,TTWO,197
1012,SJM,197
1013,ACI,197
1014,ARCT,197
1015,VOC,197
1016,ENTG,196
1017,JEF,196
1018,LNTH,194
1019,RRGB,194
1020,IMO,192
1021,MOH,192
1022,RMBL,192
1023,IPI,191
1024,MTCH,190
1025,SEAS,190
1026,VICR,190
1027,MDGL,189
1028,CVRX,189
1029,ZNTL,188
1030,SNPO,188
1031,TRIN,187
1032,CC,184
1033,TSEM,184
1034,EHTH,183
1035,TNK,182
1036,SPB,181
1037,LOW,180
1038,UNF,179
1039,ASUR,179
1040,RACE,178
1041,CHD,177
1042,COMM,177
1043,SUN,176
1044,GNTX,173
1045,LPLA,172
1046,BURL,172
1047,ORCC,169
1048,MX,169
1049,RVLV,168
1050,PDSB,168
1051,FNF,167
1052,PSEC,167
1053,SBOW,167
1054,SUP,167
1055,AMCR,166
1056,VRT,165
1057,JAMF,165
1058,MCW,164
1059,BALY,164
1060,A,162
1061,WFRD,161
1062,GT,161
1063,CCOI,161
1064,CHS,161
1065,NOV,159
1066,ZUO,159
1067,BRKR,158
1068,LMB,158
1069,EVRI,157
1070,ACCD,156
1071,CNTY,155
1072,RDNT,154
1073,FIVE,153
1074,PGTI,153
1075,SEDG,150
1076,INGR,149
1077,SANM,149
1078,DBI,149
1079,WWW,148
1080,ITW,147
1081,CHKP,147
1082,APPN,147
1083,ROST,146
1084,CTOS,145
1085,CENX,145
1086,ADSK,144
1087,BEEM,144
1088,RLAY,143
1089,BDX,142
1090,FNKO,141
1091,DSGN,141
1092,HBAN,140
1093,KRO,140
1094,PGNY,139
1095,JYNT,139
1096,ICE,138
1097,PEG,138
1098,NARI,137
1099,LBTYK,136
1100,SNBR,132
1101,PI,131
1102,CARS,131
1103,RPM,130
1104,MTG,130
1105,DAC,130
1106,RCEL,130
1107,OTEX,128
1108,ENVA,128
1109,CLX,126
1110,OSUR,125
1111,KLAC,123
1112,QURE,123
1113,ATSG,120
1114,CYBR,119
1115,MBC,119
1116,DELL,117
1117,IRDM,116
1118,BC,116
1119,HRT,114
1120,MSCI,112
1121,DT,112
1122,EIX,107
1123,CYTK,107
1124,BFH,106
1125,ASPN,106
1126,AVO,105
1127,RY,104
1128,TMO,103
1129,VRTX,103
1130,PBF,103
1131,PFC,102
1132,EMN,100
1133,TRV,99
1134,SRE,98
1135,HOLX,98
1136,PWSC,98
1137,WES,96
1138,HCI,95
1139,BN,93
1140,LNT,93
1141,WCN,88
1142,LYV,88
1143,AB,88
1144,CHX,87
1145,PDFS,86
1146,CRNC,86
1147,FLS,82
1148,PRTA,82
1149,HZO,82
1150,CUTR,81
1151,PINC,80
1152,OMGA,80
1153,ETD,78
1154,TOL,76
1155,HPK,76
1156,AVXL,76
1157,ZI,74
1158,WU,74
1159,OSW,73
1160,EDIT,72
1161,ZBH,71
1162,VVV,71
1163,NEP,71
1164,CLMT,71
1165,NATI,70
1166,EGO,69
1167,MTD,67
1168,PH,66
1169,BRZE,66
1170,WMG,61
1171,NRP,61
1172,CRUS,60
1173,PWR,59
1174,ZUMZ,58
1175,NGVC,55
1176,ABC,53
1177,MPWR,53
1178,PPIH,50
1179,AIRG,49
1180,TPC,48
1181,ONEW,48
1182,SLF,46
1183,AME,44
1184,CDAY,44
1185,PAG,44
1186,CLH,43
1187,SRAD,43
1188,SRRK,43
1189,BGS,41
1190,SA,41
1191,PBA,39
1192,BG,37
1193,MCK,34
1194,MGIC,33
1195,INSP,32
1196,TXRH,32
1197,WEC,31
1198,JNPR,31
1199,VAL,28
1200,DLO,28
1201,CSTM,28
1202,DOCS,27
1203,KNSL,26
1204,LEA,25
1205,PPG,21
1206,TEX,21
1207,WLDN,21
1208,BELFB,20
1209,ACET,17
1210,HSY,16
1211,EBAY,15
1212,RH,15
1213,OIS,14
1214,DWAC,14
1215,MAS,12
1216,HLI,11
1217,MRC,11
1218,RAPT,10
1219,TRGP,9
1220,MYGN,9
1221,XRAY,7
1222,BIPC,7
1223,TWNK,7
1224,TT,6
1225,AAON,6
1226,DCO,5
1227,PETQ,4
1228,CWAN,1
1229,AVGO,0
1230,DHR,0
1231,BKNG,0
1232,REGN,0
1233,ISRG,0
1234,MMC,0
1235,CNI,0
1236,DUK,0
1237,EOG,0
1238,USB,0
1239,APD,0
1240,BMO,0
1241,TRI,0
1242,VMW,0
1243,FTNT,0
1244,EW,0
1245,ROP,0
1246,CTAS,0
1247,JCI,0
1248,CMG,0
1249,RSG,0
1250,TEL,0
1251,TDG,0
1252,PAYX,0
1253,BCE,0
1254,AJG,0
1255,IDXX,0
1256,PCAR,0
1257,APO,0
1258,SYY,0
1259,CNC,0
1260,GWW,0
1261,GEHC,0
1262,AMP,0
1263,CPRT,0
1264,ALC,0
1265,RMD,0
1266,LYB,0
1267,VRSK,0
1268,CSGP,0
1269,TU,0
1270,FWONA,0
1271,FWONK,0
1272,ANSS,0
1273,ES,0
1274,HZNP,0
1275,WTW,0
1276,CCEP,0
1277,DB,0
1278,EFX,0
1279,WST,0
1280,FTV,0
1281,VMC,0
1282,ALNY,0
1283,HIG,0
1284,RCI,0
1285,MLM,0
1286,RJF,0
1287,GIB,0
1288,HEI,0
1289,VRSN,0
1290,RPRX,0
1291,LH,0
1292,TDY,0
1293,BAX,0
1294,HUBS,0
1295,BIP,0
1296,PFG,0
1297,HPE,0
1298,FTS,0
1299,JBHT,0
1300,WAT,0
1301,STE,0
1302,XYL,0
1303,ICLR,0
1304,CNP,0
1305,FICO,0
1306,HWM,0
1307,MKL,0
1308,CMS,0
1309,FOX,0
1310,ROL,0
1311,EXPD,0
1312,IEX,0
1313,WRB,0
1314,BR,0
1315,TW,0
1316,COO,0
1317,OWL,0
1318,INCY,0
1319,UI,0
1320,ATO,0
1321,BRO,0
1322,FDS,0
1323,MGA,0
1324,FMC,0
1325,ZBRA,0
1326,FLT,0
1327,AGR,0
1328,J,0
1329,BIO,0
1330,RE,0
1331,SSNC,0
1332,PTC,0
1333,SJR,0
1334,AVY,0
1335,AZPN,0
1336,ARES,0
1337,PARAA,0
1338,POOL,0
1339,EVRG,0
1340,MKTX,0
1341,HUBB,0
1342,IPG,0
1343,SNA,0
1344,CSL,0
1345,NDSN,0
1346,CE,0
1347,TRMB,0
1348,PKG,0
1349,VTRS,0
1350,BAH,0
1351,TRU,0
1352,CRBG,0
1353,LBRDA,0
1354,LBRDK,0
1355,WSO,0
1356,TECH,0
1357,GGG,0
1358,GDDY,0
1359,EXAS,0
1360,BWA,0
1361,BSY,0
1362,NI,0
1363,DECK,0
1364,DOX,0
1365,CRL,0
1366,CNA,0
1367,TFX,0
1368,ERIE,0
1369,TFII,0
1370,AFG,0
1371,WSC,0
1372,KMX,0
1373,QGEN,0
1374,BAP,0
1375,RRX,0
1376,PCTY,0
1377,HSIC,0
1378,CCK,0
1379,SCI,0
1380,LECO,0
1381,RYAN,0
1382,ALLE,0
1383,TPG,0
1384,RGEN,0
1385,LSXMA,0
1386,NWSA,0
1387,NWS,0
1388,LSXMK,0
1389,NBIX,0
1390,ARMK,0
1391,FCNCA,0
1392,MASI,0
1393,ICL,0
1394,PAA,0
1395,CHDN,0
1396,LII,0
1397,SNX,0
1398,LBTYA,0
1399,MANH,0
1400,JAZZ,0
1401,OC,0
1402,DCP,0
1403,PCOR,0
1404,PFGC,0
1405,MORN,0
1406,FFIV,0
1407,RHI,0
1408,G,0
1409,WOLF,0
1410,USFD,0
1411,MIDD,0
1412,WEX,0
1413,DCI,0
1414,ESLT,0
1415,EME,0
1416,DLB,0
1417,SEIC,0
1418,JLL,0
1419,BEP,0
1420,CFR,0
1421,CBSH,0
1422,MTZ,0
1423,ST,0
1424,UGI,0
1425,FBIN,0
1426,CHE,0
1427,RL,0
1428,ATR,0
1429,SAIA,0
1430,ITT,0
1431,KBR,0
1432,ORI,0
1433,TTEK,0
1434,WHR,0
1435,OLN,0
1436,CLVT,0
1437,CNXC,0
1438,OGE,0
1439,CAE,0
1440,LAD,0
1441,ARW,0
1442,SEE,0
1443,SGFY,0
1444,SF,0
1445,CACI,0
1446,HESM,0
1447,RBC,0
1448,OLED,0
1449,VMI,0
1450,AXTA,0
1451,CR,0
1452,CW,0
1453,LFUS,0
1454,ADT,0
1455,KRTX,0
1456,SITE,0
1457,DOOO,0
1458,LSTR,0
1459,ACHC,0
1460,STN,0
1461,DSGX,0
1462,MHK,0
1463,PRI,0
1464,BOKF,0
1465,AYI,0
1466,AIZ,0
1467,BLD,0
1468,FYBR,0
1469,MTDR,0
1470,WFG,0
1471,WH,0
1472,TKR,0
1473,MDU,0
1474,PDCE,0
1475,STVN,0
1476,ZION,0
1477,PB,0
1478,FCN,0
1479,CWEN,0
1480,CHH,0
1481,NYT,0
1482,RLI,0
1483,FSV,0
1484,MKSI,0
1485,NXST,0
1486,HXL,0
1487,OGN,0
1488,ROIV,0
1489,DDS,0
1490,WWD,0
1491,SIGI,0
1492,FLO,0
1493,ATKR,0
1494,IPGP,0
1495,SLGN,0
1496,TIXT,0
1497,SAIC,0
1498,WTS,0
1499,OPCH,0
1500,BLCO,0
1501,OSK,0
1502,SSB,0
1503,RCM,0
1504,CNM,0
1505,SON,0
1506,HQY,0
1507,THC,0
1508,PPC,0
1509,REYN,0
1510,FAF,0
1511,GMED,0
1512,VAC,0
1513,SLAB,0
1514,AIT,0
1515,CACC,0
1516,AMG,0
1517,COLM,0
1518,APG,0
1519,ASH,0
1520,CCCS,0
1521,LNW,0
1522,NYCB,0
1523,NOVT,0
1524,HUN,0
1525,MSA,0
1526,ENLC,0
1527,ALTR,0
1528,EEFT,0
1529,EXLS,0
1530,NFG,0
1531,SNV,0
1532,SPSC,0
1533,INFA,0
1534,LANC,0
1535,ATI,0
1536,FIX,0
1537,POST,0
1538,EXPO,0
1539,AQN,0
1540,VLY,0
1541,IDA,0
1542,UNVR,0
1543,COLB,0
1544,ALIT,0
1545,UFPI,0
1546,MTSI,0
1547,EXP,0
1548,TNET,0
1549,SNDR,0
1550,WTFC,0
1551,FOXF,0
1552,IONS,0
1553,ENSG,0
1554,AM,0
1555,UBSI,0
1556,DTM,0
1557,NJR,0
1558,CIGI,0
1559,AXS,0
1560,ESI,0
1561,PNFP,0
1562,FFIN,0
1563,MMS,0
1564,SHC,0
1565,BFAM,0
1566,DRVN,0
1567,MSM,0
1568,ONB,0
1569,THG,0
1570,POWI,0
1571,WK,0
1572,VC,0
1573,NSIT,0
1574,GBCI,0
1575,RMBS,0
1576,RRR,0
1577,PSN,0
1578,MSGS,0
1579,AJRD,0
1580,CADE,0
1581,IAC,0
1582,MGY,0
1583,HOMB,0
1584,ESNT,0
1585,BPOP,0
1586,ALKS,0
1587,QLYS,0
1588,JHG,0
1589,ALSN,0
1590,KEX,0
1591,KNTK,0
1592,ATCO,0
1593,IPAR,0
1594,HE,0
1595,FELE,0
1596,MODG,0
1597,FRHC,0
1598,MLI,0
1599,DV,0
1600,PNM,0
1601,OGS,0
1602,FRSH,0
1603,PYCR,0
1604,ASGN,0
1605,MAN,0
1606,POR,0
1607,BECN,0
1608,DEN,0
1609,SRCL,0
1610,VNT,0
1611,DIOD,0
1612,YOU,0
1613,BCPC,0
1614,FCFS,0
1615,ESGR,0
1616,ADNT,0
1617,ONTO,0
1618,BRBR,0
1619,CERE,0
1620,BKH,0
1621,CWST,0
1622,AIMC,0
1623,FOCS,0
1624,AVT,0
1625,SWX,0
1626,MTH,0
1627,TMHC,0
1628,GTES,0
1629,HLNE,0
1630,ZWS,0
1631,HHC,0
1632,HAE,0
1633,AGI,0
1634,UMBF,0
1635,NEOG,0
1636,UA,0
1637,BL,0
1638,MRVI,0
1639,ACT,0
1640,MMSI,0
1641,MAXR,0
1642,KMPR,0
1643,AVNT,0
1644,ICUI,0
1645,HWC,0
1646,SGRY,0
1647,ESAB,0
1648,EURN,0
1649,GATX,0
1650,FUL,0
1651,BDC,0
1652,TFSL,0
1653,CRSP,0
1654,SMPL,0
1655,ZD,0
1656,STR,0
1657,ENS,0
1658,AEIS,0
1659,SR,0
1660,SM,0
1661,CVT,0
1662,SFBS,0
1663,ALE,0
1664,WIRE,0
1665,IRTC,0
1666,AZEK,0
1667,BMI,0
1668,WHD,0
1669,OLLI,0
1670,KWR,0
1671,FHI,0
1672,SUM,0
1673,RDN,0
1674,INST,0
1675,UCBI,0
1676,JBT,0
1677,PTCT,0
1678,OI,0
1679,LOPE,0
1680,NNI,0
1681,NWE,0
1682,GOLF,0
1683,CERT,0
1684,CNS,0
1685,DRS,0
1686,FIBK,0
1687,NEU,0
1688,FSS,0
1689,AEL,0
1690,AWI,0
1691,SPT,0
1692,SLM,0
1693,TIGO,0
1694,FOLD,0
1695,NCR,0
1696,HI,0
1697,AGO,0
1698,YETI,0
1699,IBP,0
1700,SEM,0
1701,ESMT,0
1702,GPI,0
1703,INDB,0
1704,PRVA,0
1705,ENV,0
1706,TNL,0
1707,AWR,0
1708,SPXC,0
1709,AIN,0
1710,GEF,0
1711,MAIN,0
1712,AMBA,0
1713,BSM,0
1714,ASB,0
1715,BCO,0
1716,CWT,0
1717,AVA,0
1718,PCVX,0
1719,VSH,0
1720,CRVL,0
1721,FHB,0
1722,NOMD,0
1723,SXT,0
1724,HUBG,0
1725,ENOV,0
1726,DY,0
1727,CVBF,0
1728,KFY,0
1729,TCBI,0
1730,TR,0
1731,BLKB,0
1732,PFSI,0
1733,ROG,0
1734,STEP,0
1735,KLIC,0
1736,HGTY,0
1737,ABCB,0
1738,OTTR,0
1739,WERN,0
1740,MRCY,0
1741,CNMD,0
1742,PBH,0
1743,CBU,0
1744,SITM,0
1745,ACDC,0
1746,BRP,0
1747,AZTA,0
1748,ACA,0
1749,WOR,0
1750,FRPT,0
1751,AAWW,0
1752,MC,0
1753,FWRD,0
1754,LCII,0
1755,CATY,0
1756,NGVT,0
1757,BANF,0
1758,IBOC,0
1759,FLYW,0
1760,NVMI,0
1761,NCNO,0
1762,CWK,0
1763,AXNX,0
1764,WD,0
1765,MXL,0
1766,WSFS,0
1767,AUB,0
1768,JJSF,0
1769,CRI,0
1770,CNO,0
1771,PLXS,0
1772,AMED,0
1773,BOH,0
1774,PPBI,0
1775,BRC,0
1776,SHOO,0
1777,RELY,0
1778,ACIW,0
1779,DORM,0
1780,MMYT,0
1781,PAGP,0
1782,TFPM,0
1783,MDC,0
1784,THS,0
1785,PDCO,0
1786,CNX,0
1787,SSTK,0
1788,REZI,0
1789,FULT,0
1790,INSM,0
1791,BPMC,0
1792,VRRM,0
1793,IOSP,0
1794,MGEE,0
1795,HRMY,0
1796,CVLT,0
1797,CVCO,0
1798,DCT,0
1799,EBC,0
1800,XRX,0
1801,HAYW,0
1802,KAI,0
1803,SFNC,0
1804,ALRM,0
1805,TWKS,0
1806,ITGR,0
1807,URBN,0
1808,FTAI,0
1809,PRFT,0
1810,AX,0
1811,ENR,0
1812,PRGS,0
1813,CBZ,0
1814,ITRI,0
1815,IHS,0
1816,ULCC,0
1817,RXO,0
1818,FUN,0
1819,KW,0
1820,FG,0
1821,PRMW,0
1822,MGRC,0
1823,LGIH,0
1824,GMS,0
1825,PIPR,0
1826,OMCL,0
1827,VRNT,0
1828,OR,0
1829,ESE,0
1830,VTYX,0
1831,VIAV,0
1832,NAVI,0
1833,XPRO,0
1834,FBP,0
1835,UTZ,0
1836,SJW,0
1837,AMRC,0
1838,EVTC,0
1839,KMT,0
1840,LIVN,0
1841,HEP,0
1842,MTRN,0
1843,CORT,0
1844,BKU,0
1845,DNUT,0
1846,TROX,0
1847,PAX,0
1848,GBDC,0
1849,XENE,0
1850,HLIO,0
1851,BLMN,0
1852,GKOS,0
1853,FORM,0
1854,SMR,0
1855,DKL,0
1856,FRME,0
1857,TAC,0
1858,CPK,0
1859,AMK,0
1860,WMK,0
1861,FTDR,0
1862,SCL,0
1863,NEX,0
1864,ZETA,0
1865,CSWI,0
1866,TCN,0
1867,IBTX,0
1868,NABL,0
1869,PSMT,0
1870,EPC,0
1871,ALG,0
1872,NUVA,0
1873,CLBK,0
1874,VCTR,0
1875,SCPL,0
1876,MWA,0
1877,FFBC,0
1878,SNEX,0
1879,MGPI,0
1880,SLVM,0
1881,STRA,0
1882,TRN,0
1883,CLDX,0
1884,AMEH,0
1885,AGYS,0
1886,WAFD,0
1887,AGTI,0
1888,THRM,0
1889,NPO,0
1890,TOWN,0
1891,CENT,0
1892,CENTA,0
1893,IMVT,0
1894,AKRO,0
1895,ACVA,0
1896,GFF,0
1897,B,0
1898,HCC,0
1899,ICFI,0
1900,SBCF,0
1901,FA,0
1902,STGW,0
1903,FROG,0
1904,KRYS,0
1905,HTH,0
1906,SUPN,0
1907,NTCT,0
1908,SDRL,0
1909,VGR,0
1910,NUS,0
1911,PRK,0
1912,HLF,0
1913,DOOR,0
1914,BANR,0
1915,MTX,0
1916,WSBC,0
1917,HEES,0
1918,GOGL,0
1919,SMTC,0
1920,HTLF,0
1921,ODP,0
1922,NMIH,0
1923,EFSC,0
1924,BRDG,0
1925,MORF,0
1926,HTGC,0
1927,CCS,0
1928,IAS,0
1929,BBUC,0
1930,SWTX,0
1931,RES,0
1932,USM,0
1933,TTEC,0
1934,AIR,0
1935,VZIO,0
1936,LAUR,0
1937,GVA,0
1938,PCRX,0
1939,ALGT,0
1940,TALO,0
1941,LILAK,0
1942,LILA,0
1943,EVCM,0
1944,PJT,0
1945,MIR,0
1946,GSHD,0
1947,MRTN,0
1948,NS,0
1949,XPEL,0
1950,TBBK,0
1951,VRTV,0
1952,OXM,0
1953,SDGR,0
1954,RNST,0
1955,XNCR,0
1956,DH,0
1957,EVOP,0
1958,BUR,0
1959,ATGE,0
1960,BATRA,0
1961,KYMR,0
1962,ATEC,0
1963,ATRC,0
1964,IMKTA,0
1965,CVII,0
1966,MCY,0
1967,MLKN,0
1968,BATRK,0
1969,FORG,0
1970,ESTA,0
1971,QTWO,0
1972,CMTG,0
1973,JACK,0
1974,SILK,0
1975,AMPH,0
1976,AROC,0
1977,MHO,0
1978,VCYT,0
1979,CSGS,0
1980,SBH,0
1981,LKFN,0
1982,IRWD,0
1983,NWN,0
1984,INFN,0
1985,HLMN,0
1986,NTB,0
1987,SATS,0
1988,KTOS,0
1989,ADUS,0
1990,NWBI,0
1991,LNN,0
1992,LZ,0
1993,TRMK,0
1994,CNNE,0
1995,NVEE,0
1996,OSIS,0
1997,INT,0
1998,SNDX,0
1999,PRAA,0
2000,NBTB,0
2001,PFS,0
2002,FBNC,0
2003,EPAC,0
2004,MEI,0
2005,MNRO,0
2006,ROCK,0
2007,CLS,0
2008,INDI,0
2009,JBI,0
2010,FBK,0
2011,GCMG,0
2012,NUVL,0
2013,MDRX,0
2014,KDNY,0
2015,SKIN,0
2016,ARVN,0
2017,TCBK,0
2018,ERO,0
2019,KN,0
2020,OEC,0
2021,HAIN,0
2022,TMCI,0
2023,FNA,0
2024,GSBD,0
2025,KAR,0
2026,HURN,0
2027,CVAC,0
2028,CMP,0
2029,OCSL,0
2030,SCHL,0
2031,UPBD,0
2032,PLMR,0
2033,FDP,0
2034,SWI,0
2035,GPOR,0
2036,HMN,0
2037,ANDE,0
2038,BNRE,0
2039,AGM,0
2040,FCF,0
2041,TGH,0
2042,RXRX,0
2043,PLYA,0
2044,SUMO,0
2045,RYI,0
2046,XPOF,0
2047,RAMP,0
2048,MCRI,0
2049,UDMY,0
2050,SXI,0
2051,SOVO,0
2052,VCEL,0
2053,CTS,0
2054,HOPE,0
2055,CODI,0
2056,PLRX,0
2057,SFL,0
2058,UCTT,0
2059,WABC,0
2060,ROAD,0
2061,NBHC,0
2062,RADI,0
2063,KROS,0
2064,PLUS,0
2065,DAWN,0
2066,TTMI,0
2067,LVWR,0
2068,ALKT,0
2069,LOB,0
2070,RPAY,0
2071,CHCO,0
2072,MATV,0
2073,AMPL,0
2074,MLNK,0
2075,STBA,0
2076,SASR,0
2077,DNOW,0
2078,BBU,0
2079,MSEX,0
2080,MMI,0
2081,AVNS,0
2082,OFG,0
2083,ERII,0
2084,NMRK,0
2085,ECVT,0
2086,MOD,0
2087,HTLD,0
2088,CASH,0
2089,TNC,0
2090,LZB,0
2091,OCFC,0
2092,WNC,0
2093,AAC,0
2094,TFIN,0
2095,NBR,0
2096,ADTN,0
2097,AVID,0
2098,CTKB,0
2099,VBTX,0
2100,PRM,0
2101,MCG,0
2102,DVAX,0
2103,VRDN,0
2104,SNCY,0
2105,VVX,0
2106,MODV,0
2107,STRL,0
2108,AGIO,0
2109,BUSE,0
2110,UVV,0
2111,PRG,0
2112,EGBN,0
2113,USPH,0
2114,OLO,0
2115,LGND,0
2116,MODN,0
2117,KRP,0
2118,TRS,0
2119,ALHC,0
2120,ACLX,0
2121,CAMT,0
2122,GB,0
2123,KALU,0
2124,AVTA,0
2125,MD,0
2126,NSSC,0
2127,MED,0
2128,MBUU,0
2129,DGII,0
2130,RYTM,0
2131,GDEN,0
2132,ADPT,0
2133,SPNT,0
2134,MBIN,0
2135,TDS,0
2136,PRO,0
2137,OPAL,0
2138,ECPG,0
2139,TARO,0
2140,PX,0
2141,GLP,0
2142,USNA,0
2143,SRCE,0
2144,DFIN,0
2145,BHLB,0
2146,SAFT,0
2147,NXGN,0
2148,CLBT,0
2149,EIG,0
2150,DCOM,0
2151,CNXN,0
2152,LBAI,0
2153,NVRO,0
2154,REPL,0
2155,DMLP,0
2156,JELD,0
2157,SEMR,0
2158,MATW,0
2159,DFH,0
2160,CLB,0
2161,STER,0
2162,DCPH,0
2163,ATEN,0
2164,SBSI,0
2165,VECO,0
2166,SPNS,0
2167,NRC,0
2168,STC,0
2169,CMCO,0
2170,AFYA,0
2171,DIN,0
2172,LMAT,0
2173,VERV,0
2174,OM,0
2175,HOLI,0
2176,ARKO,0
2177,SBGI,0
2178,TTGT,0
2179,JBSS,0
2180,GABC,0
2181,DRQ,0
2182,MGI,0
2183,SCLX,0
2184,CYRX,0
2185,ASIX,0
2186,AZZ,0
2187,MEG,0
2188,NIC,0
2189,BRKL,0
2190,CFFN,0
2191,SKYW,0
2192,ARGO,0
2193,NVGS,0
2194,GBX,0
2195,TMP,0
2196,ASTE,0
2197,PRA,0
2198,BSIG,0
2199,PAY,0
2200,APOG,0
2201,FRG,0
2202,INBX,0
2203,GIC,0
2204,AXL,0
2205,CRNX,0
2206,ENTA,0
2207,SPH,0
2208,RDWR,0
2209,BLFS,0
2210,BLU,0
2211,ADEA,0
2212,LMND,0
2213,PFBC,0
2214,CONX,0
2215,CCF,0
2216,IMAX,0
2217,RGNX,0
2218,HSKA,0
2219,FLGT,0
2220,SHEN,0
2221,CCRN,0
2222,SPTN,0
2223,PAR,0
2224,KIDS,0
2225,CMPR,0
2226,CDMO,0
2227,PRDO,0
2228,BHVN,0
2229,FWRG,0
2230,SHYF,0
2231,HCSG,0
2232,GTN,0
2233,AGRO,0
2234,BANC,0
2235,ICHR,0
2236,CAL,0
2237,SCHN,0
2238,GDOT,0
2239,DCGO,0
2240,SSP,0
2241,MRUS,0
2242,NEXT,0
2243,AMWD,0
2244,THR,0
2245,LPG,0
2246,SII,0
2247,FBMS,0
2248,MAX,0
2249,PRLB,0
2250,RMR,0
2251,HCCI,0
2252,UTL,0
2253,SCS,0
2254,JRVR,0
2255,UFPT,0
2256,WOW,0
2257,INNV,0
2258,BBDC,0
2259,CNOB,0
2260,AMTB,0
2261,BY,0
2262,HIBB,0
2263,HFWA,0
2264,QNST,0
2265,STKL,0
2266,KNSA,0
2267,COLL,0
2268,COGT,0
2269,BHE,0
2270,HWKN,0
2271,PWP,0
2272,SPRY,0
2273,WKME,0
2274,EB,0
2275,SMP,0
2276,LPRO,0
2277,CUBI,0
2278,ARCE,0
2279,NHC,0
2280,WEST,0
2281,SG,0
2282,CSII,0
2283,CRAI,0
2284,CAPL,0
2285,BCSF,0
2286,IGMS,0
2287,PEBO,0
2288,EFXT,0
2289,CDRE,0
2290,TWI,0
2291,SLP,0
2292,SXC,0
2293,NEXA,0
2294,QCRH,0
2295,PLOW,0
2296,TMST,0
2297,WTTR,0
2298,WLKP,0
2299,THRY,0
2300,ARQT,0
2301,PNT,0
2302,ACEL,0
2303,HSTM,0
2304,UVSP,0
2305,RICK,0
2306,DYN,0
2307,MYE,0
2308,HY,0
2309,REVG,0
2310,LPSN,0
2311,SCSC,0
2312,NMM,0
2313,KURA,0
2314,PDS,0
2315,IDYA,0
2316,CGBD,0
2317,INVA,0
2318,GPRK,0
2319,CEVA,0
2320,KOP,0
2321,CTBI,0
2322,BIOX,0
2323,SCVL,0
2324,AOSL,0
2325,FFWM,0
2326,GSL,0
2327,VREX,0
2328,AMBC,0
2329,BASE,0
2330,BJRI,0
2331,FOR,0
2332,SIBN,0
2333,MERC,0
2334,HBT,0
2335,CCSI,0
2336,HAYN,0
2337,EHAB,0
2338,GRC,0
2339,OSBC,0
2340,UFCS,0
2341,KAMN,0
2342,REPX,0
2343,OFIX,0
2344,BLX,0
2345,SP,0
2346,BOC,0
2347,TRST,0
2348,HAFC,0
2349,GSBC,0
2350,HTBK,0
2351,VTOL,0
2352,AMRK,0
2353,HSII,0
2354,FC,0
2355,TCPC,0
2356,TBPH,0
2357,AMAL,0
2358,SCWX,0
2359,ATNI,0
2360,NFBK,0
2361,FORR,0
2362,ANAB,0
2363,CASS,0
2364,TYRA,0
2365,PAHC,0
2366,KELYA,0
2367,BVH,0
2368,AMOT,0
2369,CCV,0
2370,BBSI,0
2371,CHUY,0
2372,CSWC,0
2373,YORW,0
2374,ALTG,0
2375,HONE,0
2376,KRNY,0
2377,HSC,0
2378,PGC,0
2379,CLW,0
2380,MBI,0
2381,AVD,0
2382,HBNC,0
2383,KE,0
2384,RGP,0
2385,MCFT,0
2386,ARIS,0
2387,ZEUS,0
2388,TBI,0
2389,IMTX,0
2390,VPG,0
2391,ALEC,0
2392,CFB,0
2393,ITOS,0
2394,JANX,0
2395,LEU,0
2396,VSEC,0
2397,UVE,0
2398,BV,0
2399,TIPT,0
2400,CION,0
2401,CSTL,0
2402,CIR,0
2403,CAC,0
2404,IIIN,0
2405,SCU,0
2406,CPF,0
2407,TPIC,0
2408,NESR,0
2409,EBF,0
2410,MOV,0
2411,RUTH,0
2412,MCB,0
2413,REX,0
2414,ATEX,0
2415,CMBM,0
2416,POWL,0
2417,RMAX,0
2418,CCB,0
2419,EVC,0
2420,DXPE,0
2421,LBC,0
2422,NGMS,0
2423,WRLD,0
2424,SRI,0
2425,MBWM,0
2426,MSBI,0
2427,CECO,0
2428,CRMT,0
2429,HVT,0
2430,AMPX,0
2431,TSVT,0
2432,RWAY,0
2433,EWTX,0
2434,NTGR,0
2435,LASR,0
2436,FDMT,0
2437,FFIC,0
2438,PLCE,0
2439,SJT,0
2440,CGEM,0
2441,HCKT,0
2442,TILE,0
2443,FMNB,0
2444,TRC,0
2445,NSTB,0
2446,AORT,0
2447,FARO,0
2448,AUDC,0
2449,CHRS,0
2450,CVLG,0
2451,GTX,0
2452,VINP,0
2453,FDUS,0
2454,RYAM,0
2455,THFF,0
2456,DGICA,0
2457,LEGH,0
2458,EZPW,0
2459,CSV,0
2460,IRMD,0
2461,CCNE,0
2462,MCS,0
2463,ATCX,0
2464,BOOM,0
2465,XPER,0
2466,BZH,0
2467,SMWB,0
2468,VVI,0
2469,SMBC,0
2470,APEN,0
2471,SGHT,0
2472,NOA,0
2473,QTRX,0
2474,AROW,0
2475,LIND,0
2476,BFST,0
2477,ALDX,0
2478,ITRN,0
2479,FCBC,0
2480,KVSA,0
2481,AMSWA,0
2482,CCAP,0
2483,MCBS,0
2484,MPX,0
2485,SGU,0
2486,SOI,0
2487,LYTS,0
2488,OPY,0
2489,GLOP,0
2490,HTBI,0
2491,CPSI,0
2492,ATRO,0
2493,SLAC,0
2494,IBCP,0
2495,RPTX,0
2496,BMEA,0
2497,NSTG,0
2498,LUNG,0
2499,SSTI,0
2500,NRIX,0
2501,LXFR,0
2502,ABST,0
2503,DMRC,0
2504,TPVG,0
2505,SMBK,0
2506,EVER,0
2507,BBCP,0
2508,HMST,0
2509,AVNW,0
2510,ATLC,0
2511,IGIC,0
2512,GOCO,0
2513,RSVR,0
2514,PRSR,0
2515,AKYA,0
2516,DESP,0
2517,LQDT,0
2518,NWPX,0
2519,TARS,0
2520,ANIK,0
2521,STOK,0
2522,TG,0
2523,IRON,0
2524,BWMX,0
2525,TREE,0
2526,NETI,0
2527,DXLG,0
2528,TPB,0
2529,GHI,0
2530,PNTG,0
2531,ALRS,0
2532,BWB,0
2533,FLIC,0
2534,ALPN,0
2535,ONTF,0
2536,GLRE,0
2537,GLAD,0
2538,MCBC,0
2539,FISI,0
2540,MSB,0
2541,AAN,0
2542,VMD,0
2543,VNDA,0
2544,TCMD,0
2545,VYGR,0
2546,SPWH,0
2547,CZNC,0
2548,MGTX,0
2549,GAMB,0
2550,PRTS,0
2551,RBB,0
2552,LUNA,0
2553,AXGN,0
2554,WSBF,0
2555,EGRX,0
2556,PHAT,0
2557,SHBI,0
2558,CSTR,0
2559,VERA,0
2560,CIVB,0
2561,RANI,0
2562,WTBA,0
2563,FEAM,0
2564,INGN,0
2565,MVBF,0
2566,CPUH,0
2567,SAR,0
2568,OOMA,0
2569,TIG,0
2570,BLFY,0
2571,CYD,0
2572,FNLC,0
2573,WHF,0
2574,DZSI,0
2575,PANL,0
2576,HZON,0
2577,MEC,0
2578,HIPO,0
2579,GLUE,0
2580,BTWN,0
2581,RELL,0
2582,GWRS,0
2583,GPP,0
2584,SMMF,0
2585,BSRR,0
2586,VEL,0
2587,SCM,0
2588,CVCY,0
2589,LMNR,0
2590,RDVT,0
2591,CPLP,0
2592,SMHI,0
2593,RM,0
2594,VOXX,0
2595,FBIZ,0
2596,MASS,0
2597,VRCA,0
2598,VCXA,0
2599,SRDX,0
2600,HNRG,0
2601,FRST,0
2602,BCBP,0
2603,CBNK,0
2604,UNTY,0
2605,CVGI,0
2606,TSBK,0
2607,GRIN,0
2608,XOMA,0
2609,KFS,0
2610,PBPB,0
2611,KALV,0
2612,IMMR,0
2613,TCX,0
2614,NECB,0
2615,FRBA,0
2616,EGAN,0
2617,SAMG,0
2618,UTI,0
2619,CELC,0
2620,PCB,0
2621,TLYS,0
2622,FENC,0
2623,RGCO,0
2624,HOFT,0
2625,AGS,0
2626,QIPT,0
2627,ORRF,0
2628,SCPH,0
2629,CWCO,0
2630,CMCL,0
2631,ATXS,0
2632,PROF,0
2633,GENC,0
2634,BPT,0
2635,PCYO,0
2636,CTRN,0
2637,OCN,0
2638,WNEB,0
2639,FRGI,0
2640,INBK,0
2641,ATLO,0
2642,ELA,0
2643,CPSS,0
2644,SPOK,0
2645,MPAA,0
2646,APEI,0
2647,TELA,0
2648,AADI,0
2649,CLPT,0
2650,LCNB,0
2651,BYRN,0
2652,ESSA,0
2653,INFU,0
2654,TBNK,0
2655,KVHI,0
2656,GHL,0
2657,MFIN,0
2658,LINC,0
2659,IVAC,0
2660,CONN,0
2661,CATO,0
2662,SGC,0
2663,MTRX,0
2664,MRCC,0
2665,PKOH,0
2666,SMLP,0
2667,ESCA,0
2668,HBB,0
2669,DLHC,0
2670,UFI,0
2671,BSET,0
2672,NATR,0
2673,OPBK,0
2674,MACK,0
2675,GHM,0
2676,PVBC,0
2677,TWIN,0
2678,INVE,0
2679,BGSF,0
2680,RCMT,0
2681,LAZY,0
2682,FNCB,0
2683,PFSW,0
2684,OFS,0
2685,FSTR,0
2686,ELVN,0
2687,RVSB,0
2688,FFNW,0
2689,ISSC,0
2690,NGS,0
2691,LCUT,0
2692,ASYS,0
2693,INMB,0
2694,QRHC,0
2695,MVO,0
2696,HEAR,0
2697,BFIN,0
2698,UEIC,0
2699,CTG,0
2700,UBFO,0
2701,PCYG,0
2702,WHG,0
2703,PRPH,0
2704,NRT,0
2705,NEON,0
2706,LAKE,0
2707,SRL,0
2708,MDWD,0
2709,PESI,0
2710,ELMD,0
2711,CLGN,0
2712,GEOS,0
2713,ALTU,0
2714,ACNT,0
2715,DAVE,0
2716,BWAC,0
2717,USAP,0
2718,BHM,0
2719,TACT,0
2720,KTCC,0
2721,RAM,0
2722,KA,0
2723,HOFV,0
2724,KALA,0
2725,EBON,0
2726,TISI,0
2727,HALL,0
2728,RKDA,0
2729,RFP,0
