Symbol,Balabce
3936,9.798209634496452
6573,7.947837862897147
3041,6.088991941664301
7018,5.510031718713168
5337,5.123428781997824
4011,4.924952503541892
9560,4.480963379944348
9252,4.390075398450578
6083,4.299134918910099
7578,4.275401664024456
5210,3.8224720597462554
6430,3.8041093857448223
6016,3.648121782637393
7047,3.63955270100503
7130,3.53050300556763
7014,3.4865367432651566
1382,3.476510660420516
3989,3.4535986929427276
5406,3.2673979686912498
2780,3.2616468166159853
7692,3.240267681272758
9268,3.2101836930426204
7687,3.140910511771336
6577,3.102762321570179
4586,2.915901986487849
6961,2.898645461712397
3777,2.8675061748574335
6677,2.8626238794263945
2304,2.8259074239219726
3399,2.8178099745409693
9867,2.785037647917575
2970,2.776616803053826
7972,2.7311301435694517
7686,2.7143948127207898
3945,2.7058543080426425
8890,2.7029834580422967
7868,2.693689493166287
3778,2.6881465716240207
3316,2.6802099960693218
8142,2.673557889259376
7715,2.6710161341918575
9127,2.656736201053792
6026,2.6465783724441163
9107,2.6413491943789347
9522,2.6297537274926257
3097,2.627420155824593
4264,2.6039992639391523
4492,2.5871892243395918
4169,2.583263858153522
5121,2.5773833490268756
2212,2.534600864875135
3397,2.5308347383331555
6837,2.529413784883415
7082,2.528342766817098
3854,2.5257857376924
2107,2.490749541163763
8219,2.482135981184415
2978,2.4717332179533242
5939,2.4715138941861396
2934,2.4683426369305197
5445,2.4666911092160664
2708,2.4509239689182305
5351,2.4371561646426874
6121,2.4368922290595907
7068,2.4302347570683427
7021,2.4296458924285873
7214,2.4198574848464087
2760,2.3954040352691064
7878,2.393505559332256
9696,2.392785698935059
7946,2.391303559426465
6932,2.3720719980610054
7059,2.3689041819799117
8136,2.3682672252415737
4333,2.3638532433785744
7318,2.3527205781324247
6565,2.346531695641092
2114,2.343963621602911
7066,2.3324556106765924
3840,2.331008337530077
9326,2.3117065193235455
6198,2.3064713853093664
9919,2.3017643732393567
3110,2.293456806281781
3271,2.2930971939200275
6315,2.2927252501905704
6627,2.2887005805725584
7427,2.2867281407093203
9368,2.2757427091733535
3486,2.275495781199843
7086,2.269409369286605
6675,2.2673005434060265
7065,2.2633819266221873
6723,2.2591703621366457
1773,2.2518844393374033
1712,2.243854540803634
2998,2.239781198765853
6023,2.23412265161318
7105,2.2325963124203487
7901,2.232503033460759
7072,2.227255708672051
5273,2.2239672923669196
9432,2.208290412585082
3843,2.2044259465904417
3073,2.201965771822656
4015,2.1991302585777146
7523,2.19776082774572
9363,2.197236036097413
9272,2.195403985726703
6526,2.195231232804926
4570,2.190468145429299
5384,2.1779504465419244
3561,2.175522572703633
5967,2.17498012050569
7867,2.1740173021337568
3458,2.172228812363293
7256,2.1710025938355746
3607,2.1624593182711145
7376,2.1601412364346655
9171,2.1560811680352194
2986,2.155913875225283
7550,2.155704314647222
6578,2.1549050824254574
7352,2.1449762680639717
2687,2.1431562937189272
8072,2.134202232740197
7089,2.133437777019998
6137,2.132578197567028
3175,2.1281648228061454
7776,2.1281079140122845
9913,2.123591673276874
7477,2.1197699916981763
8622,2.119597929270387
6898,2.1155370271007663
3864,2.1149817229229857
5851,2.1133644768317343
9425,2.1131212785987628
6036,2.1125698893860636
5204,2.111234105200053
7671,2.1109882380301497
5644,2.1071033175549623
1898,2.1041984819079924
7927,2.099839933271187
4621,2.0906682612229845
9468,2.088914506207269
7481,2.085411099774432
7931,2.0795782154205114
7683,2.0793077057724365
9828,2.0776651856014015
8058,2.0763928653366763
3992,2.0699178760520103
6237,2.069529324795141
7298,2.069184713580557
7997,2.063385576442687
5352,2.0613141136060817
4165,2.0610390934093967
7762,2.059342364181337
4091,2.0593222063504646
6772,2.054406821074579
5013,2.0533886235886016
3299,2.051140286090008
9101,2.049073922326931
3132,2.048495310817288
9418,2.0484884122343554
2983,2.046439100014694
4374,2.0449165514319323
8103,2.04357890571146
3498,2.038721765886746
8337,2.038470115927133
9104,2.0314085129377326
8157,2.0212334306065594
4258,2.017627068256458
6249,2.014276775306561
2767,2.0120617945295103
9450,2.0061681143123797
6718,2.0020396326090912
4527,2.000157430911949
7277,1.9973826097549132
5380,1.9855941757186972
1969,1.983036894309561
3494,1.9784538158020708
1515,1.977474111052819
7911,1.9761774266098902
8848,1.9748567435444337
3224,1.9746762778280806
6486,1.9732886875778364
5411,1.9686025511100305
9644,1.9642453195205518
3443,1.9620789936783836
8704,1.9613264405972382
5632,1.9612276833937268
4046,1.9595749651070484
3010,1.9590087706227814
2163,1.9549042292406769
9722,1.94741616416549
5976,1.9473981683488812
4231,1.9472986435621844
4979,1.9450741799342712
8101,1.943725247971124
6227,1.941498049461076
9503,1.9404788795738512
9216,1.9389920903666913
5184,1.938316384934255
5698,1.9370814476578055
6701,1.9363032305924504
5852,1.9345613806272453
6561,1.9333868045512324
9837,1.9300661478575014
9087,1.9290549043278387
6857,1.9269069309317937
5929,1.9237674024882592
7807,1.9190113829811508
7283,1.9139908588031618
6054,1.913617886178862
4499,1.912366843750931
8358,1.9081233742501558
6698,1.9063212743998899
7081,1.8970875234382636
2802,1.8969020949829805
1840,1.8891996492387308
7994,1.8889372358735743
6836,1.8868909931226296
9267,1.886286053904623
8260,1.8845858499040504
5191,1.8831399036409022
7769,1.8812947337597745
3030,1.8803558851394975
5331,1.878371597938919
5284,1.8743856024575298
9353,1.8725523278744247
3431,1.8703082706775207
1436,1.867084731268992
3034,1.86549513190537
8214,1.8653632632713903
1870,1.8643919741144916
1921,1.8591837999729335
7240,1.8579707933754483
8016,1.8575208743937162
2354,1.853654449744639
3608,1.8525136625176486
6489,1.8518438642766137
5911,1.8516594692934638
6775,1.8515961593281665
5285,1.8510828989206771
6226,1.850676536605044
7254,1.8503173250308744
9552,1.8497083271218642
4379,1.8471863546615932
5410,1.8460596169574446
2652,1.8456711981018268
1605,1.8442410938341705
9076,1.8437646966746417
6231,1.8388088509105052
7189,1.836032964532115
8877,1.8351375554832259
2334,1.834926120391237
6238,1.8345553146358677
6590,1.8308685705159504
6140,1.8301436273120792
7888,1.8267354396190338
3315,1.8244904348841966
4323,1.8239193331809083
8291,1.8234393995890128
5195,1.8225260166061377
3556,1.822286420901268
6547,1.8206774886513264
1911,1.818008316591072
1812,1.8145762767420677
9889,1.8094985468291085
1909,1.8084228385378938
8022,1.807228044828666
4229,1.8062785558890844
7745,1.803844264584859
4060,1.8035924920527702
3566,1.8026540372589834
8242,1.8020893592884706
3434,1.800560585201627
4475,1.7996733263349185
5304,1.799603869452127
2162,1.7987211739698934
8617,1.7981743015676526
6814,1.7959606709004199
9941,1.7938340112283382
7433,1.7921875875855193
8154,1.7917250411683059
8194,1.7912216076685126
7278,1.790930384367014
5476,1.787908720811468
7599,1.787140754880384
7314,1.7867024113005991
6380,1.7855244753927424
7011,1.7841775619057256
7912,1.7787976614793741
1662,1.7786978116210117
4413,1.7781707615270295
2410,1.7761888606001763
7467,1.7759163962897544
1942,1.7749587129285853
4051,1.7722390589486101
9930,1.7701233925973276
8914,1.768664381963842
4889,1.7683969489154505
4963,1.7681573256153869
5905,1.76810238702761
4920,1.766097237910205
4203,1.7659815891695883
8075,1.7647230279941613
2982,1.7633305773215824
4028,1.7616496178994512
7849,1.7581256475461595
3193,1.7578731430949188
6493,1.7557753226342347
9986,1.7554841208040253
5781,1.7540922123178087
1332,1.7478822554829234
6763,1.747328975661005
9401,1.7466446493884191
4334,1.7444169604793278
1884,1.7433073345330592
6277,1.742299318244282
2216,1.740230902508906
5602,1.7393807701269528
5401,1.7391387115809742
7131,1.7390832137144003
3452,1.738535680806319
7505,1.7364326182549648
6866,1.7363474976127822
3979,1.734602432248006
7320,1.7324267122238515
9639,1.7287942167425028
3245,1.7282848138901572
4772,1.7279610194902548
5185,1.7273871366565696
7042,1.725714261262573
3814,1.7231346480082512
3964,1.7229456850887688
4553,1.7226690141911902
9110,1.7202633562532361
8078,1.7193039644802395
4414,1.717675819437738
9304,1.717111927245861
4116,1.7167925774896005
2918,1.7160029492960855
5021,1.7141400013180836
3405,1.7129095387328512
8424,1.7123164409913123
8002,1.7083387896734994
4415,1.7082585289242864
2685,1.7075715389027244
4326,1.7063886138481914
4462,1.7053604828997027
8015,1.704976879971383
4216,1.7030540822755047
3370,1.7028660994178237
9621,1.7027718756053607
3294,1.702664611839686
8601,1.7009866356948713
6638,1.6994490904767163
6966,1.6992058672415498
8341,1.6990998871450527
2501,1.698999613225591
7126,1.6984439756019984
7267,1.6982920840147455
7537,1.6979542112141854
7905,1.6963672722879057
8359,1.6963085091765906
6490,1.6959957878532257
9260,1.6944331735041227
7241,1.6929424409167408
7265,1.6928857329775355
7386,1.6926903833754847
5699,1.691591364885535
3791,1.6908357511199832
4664,1.6903231943845125
2924,1.689857584830699
7985,1.6895281631159802
6357,1.689084157779595
1438,1.6878898390342054
4956,1.684313487756537
3082,1.6840058697903466
4736,1.6818213891428566
7173,1.681567122099467
3223,1.6811047041577096
9145,1.6809195695598085
1833,1.6807537772938455
9073,1.680092481010941
9413,1.6773610541467598
2157,1.6769087012947639
3440,1.6767728886569782
4058,1.676752078006301
5310,1.6758948211234304
2109,1.6756700824225128
9212,1.6749380438985124
6532,1.672605889197982
7609,1.6721321855586249
6022,1.6720789170863264
7420,1.6720096053966318
3150,1.6717592305390383
3086,1.6699596522072162
5009,1.668998098103642
3289,1.6686380316405585
9115,1.6676243804344557
9647,1.6672221834829748
7359,1.6670643018654607
4220,1.6660231490642827
4185,1.665424152428136
2726,1.6624761326471396
7187,1.6613501037650265
7122,1.6613364680850373
6254,1.6588379450980475
1939,1.6588287743465784
3035,1.6583737736597004
4837,1.6574789074401182
7388,1.6572931001243163
6460,1.6564635631258464
4483,1.655330522088467
3496,1.651925215969166
6180,1.6517797372664644
8140,1.6513065834260978
9553,1.650352757978441
7618,1.6481916288497909
1952,1.648012914617084
1828,1.6477919473470637
5011,1.6475657519328173
3083,1.6471860231886633
7716,1.646639901567254
8584,1.6462162160912213
7729,1.646010370884719
8158,1.6452851951123262
2404,1.6448793832440216
4040,1.6440087145969497
5901,1.6436781825380282
3856,1.6431984854849795
6651,1.6431418706772671
6149,1.6429523737646685
7148,1.6425312084545776
3088,1.64161038965309
4055,1.6413880111331067
6279,1.6403839857716078
6882,1.638735248964148
5444,1.637481944717621
6432,1.637149084230652
6176,1.6365485296694986
7246,1.6365017950394605
7453,1.6362974784126076
3920,1.6360572306690861
1434,1.6360428718914537
7180,1.63492777342253
2813,1.6345958053947063
7885,1.6333132690062357
7414,1.6331095926834183
1871,1.6318697890128573
1879,1.6317271979475396
6104,1.6313176244894043
9506,1.6304632126440068
6881,1.6299915611814344
3181,1.629360411207435
6819,1.6290497238925359
6351,1.6286619496125538
9009,1.627687596383871
6360,1.6255274061124305
6141,1.6252474313705598
2533,1.624970017142622
6632,1.623354582923316
5702,1.6233252236030915
6113,1.6232353016605099
5034,1.623111190306486
6551,1.622882385477718
9902,1.6225568438330746
5334,1.6213026485245323
5603,1.6210615121233645
6947,1.6199902802791302
5192,1.6199650876567278
6875,1.6193224369062122
3004,1.6188944961063623
3597,1.617879144204445
6457,1.6178168526203196
7532,1.6163668118918955
6841,1.6158818747387536
2784,1.6146652497839449
6620,1.6135182952969254
2585,1.611435976365513
6069,1.6110341348651365
2705,1.6105226845341947
6967,1.6097132557783285
2201,1.6090991989981525
7856,1.6081981317118232
2676,1.6078913167933024
7936,1.6074713811237118
9501,1.6070076083132865
2801,1.6068453106279617
2153,1.606617547729619
5704,1.605744847577313
8766,1.6054147034299096
4633,1.6041650645219703
6454,1.6036896282295834
8593,1.6030957085143651
1885,1.602642431913739
5803,1.601651463638484
6503,1.6013089636864506
6339,1.6007993986455793
7050,1.600656331656601
6392,1.6005162022472086
7995,1.6003389859366808
6637,1.598965451963873
9310,1.59871938930255
7610,1.5974142606641895
7949,1.596997757965134
1783,1.5969938858695651
6752,1.5965089555525476
8059,1.5964956874233749
8159,1.5958025442645516
5922,1.5947322443136656
2329,1.5942618398391242
4816,1.594066789846704
1944,1.5936506803622243
4709,1.5923957869831373
7239,1.5922221322557029
7971,1.592081156787039
4754,1.5916090116976305
7280,1.5914223257780584
3076,1.591103167746344
9416,1.590140602767148
7367,1.5891381743334496
5076,1.5890208262704602
4366,1.5883824093769714
4062,1.587484118455501
1959,1.585040513674411
6871,1.583283311577937
5440,1.5823748247725777
6707,1.5808644591807832
7184,1.58070727984719
9066,1.5791968995771735
6358,1.5782668916312672
6349,1.5770177837342416
4547,1.5765717847186216
7482,1.5765459331784035
7247,1.5762743269616994
3924,1.5752859964376735
3099,1.574429742579611
5987,1.5737222090789953
7795,1.5733451275246941
7140,1.572233781015279
5482,1.5717463783889953
3773,1.5714773836815374
3326,1.5704618660068808
4760,1.5702242319056554
8052,1.5701887567340114
6390,1.5696201312961378
1429,1.5694152447317586
4444,1.5676498697695913
6061,1.5666482948175389
3987,1.5660811834690649
8137,1.5657103325903248
8697,1.564348996950985
7231,1.5619534622036075
7074,1.561479537727828
3526,1.5602799106006457
8934,1.5600757022073328
6501,1.5590854763037805
2497,1.5590441546848846
5949,1.5581271183761851
2812,1.5577934539198304
8869,1.5577492893604477
3178,1.5564681510392895
9279,1.5554215198084087
7812,1.5540356613495256
8725,1.5539688173765605
1802,1.5532600384321193
7317,1.5526268755094739
3660,1.5525712742790636
7088,1.5516739820433962
4093,1.5513815810274714
8591,1.550564088497357
7095,1.55047246894617
3021,1.5489178029070256
5481,1.547901000211789
8418,1.5478936574643885
8275,1.5476438543469806
6336,1.546908192615628
6544,1.5468604015688818
8053,1.54602493270575
9824,1.5445151257861287
6874,1.5441124658324354
7805,1.543716606855184
7525,1.54364367964415
2884,1.5435543276857404
4439,1.5434062290643622
9502,1.542581781920404
8334,1.5425670590721323
9274,1.542320778846062
7743,1.542197528676094
7337,1.541865502785423
6915,1.541792404942197
8011,1.5416856202603333
6301,1.5406409964472692
3355,1.5406334880270873
4739,1.5403431555798286
8225,1.5402151661068295
1925,1.5400905879485831
1811,1.5395542200338845
6458,1.539251364483462
3134,1.538129496402878
3232,1.5380518777748506
4568,1.5372906318492061
6186,1.5372636694300608
8377,1.5372429959424394
6327,1.5372117027437262
3679,1.5367019154019568
4619,1.5366999385506348
7061,1.5360854607177508
9697,1.5354888016665802
8609,1.5354173251778822
9739,1.5348224480745007
1893,1.5344450508553267
1803,1.5341330437023482
5367,1.5341165246543151
7272,1.533794070851793
2768,1.5337195119666844
4107,1.5337146117422802
4932,1.533032119736127
9090,1.5325077242061498
6496,1.532447462606954
4041,1.5322770828655148
8133,1.5321715522141612
4173,1.531505083448262
1980,1.5311261108603906
8031,1.5303604317797952
9960,1.5283208869901608
3349,1.5276162501622697
2764,1.5260140317348556
3490,1.5243857352105865
5344,1.5241279049592016
4966,1.5226546247368085
5423,1.521980332113129
3965,1.5216024489637683
6191,1.5212717068042594
9042,1.5207593219397828
9505,1.5198634816655865
7605,1.5196032536999557
2340,1.5188880577492192
9412,1.5176959358415731
4551,1.5158536764808386
6463,1.5153725518835288
7740,1.5153250805473824
4112,1.513925112977537
6363,1.5137809451889435
2875,1.5134256700783428
7581,1.512361335221097
2222,1.511994212103117
4275,1.5119855249011924
4657,1.51091652079883
7012,1.5109148534423589
1435,1.5084568309606234
6951,1.5084166977953022
6361,1.507867509285081
3372,1.5074117434048075
4398,1.5070854875776025
4076,1.5069422262971097
7466,1.5069399308933926
6696,1.5067002949354027
8795,1.5066107894474485
8038,1.5063627414765406
1930,1.5058273659954908
9845,1.5056278696602066
9766,1.50490038538476
8522,1.5042767730770656
2651,1.5041348426851204
8098,1.5038785727045312
9763,1.503846001727371
7731,1.5033353870965316
6309,1.5029430180403835
2733,1.5023353599869136
8793,1.501398268789395
8012,1.5006026590542216
9755,1.5003635594790599
3231,1.4990159001185956
8057,1.4985467219739557
4832,1.4983063322626833
5830,1.4975980326477747
9731,1.4969692782438575
3865,1.496638485120499
9377,1.496332709113608
6382,1.4963222855684786
9888,1.4959964791773321
6995,1.4959379256363923
8005,1.4957419048988703
7917,1.4946492148449197
6568,1.4930778239581068
3946,1.492766556933854
3984,1.4897968092569376
9534,1.489109549579748
8084,1.4887010531420486
4526,1.4881751662744795
2325,1.4879945914435506
5451,1.4877026430647398
7296,1.4876154276563711
9507,1.4872357049915783
7201,1.4872018632210011
9303,1.4869333806711225
9885,1.4869121667207676
3697,1.4864060015751421
9509,1.4859472080924763
4200,1.4854605795269
7250,1.4848703781391388
7261,1.4848224397279306
8119,1.4842481151606965
3393,1.4838049822458854
3896,1.4834396827584095
4768,1.4821696865717413
6619,1.4821023792127435
9384,1.4818501598485203
6413,1.4806815561447282
6459,1.4806061821385028
9037,1.4795742056239034
7269,1.4792459153432107
2226,1.4779511212144545
8416,1.477885157974933
8253,1.4778750328449044
6135,1.477754999575617
4119,1.4765344912598812
7456,1.4763608796549355
4689,1.476312867746585
4401,1.476095045938701
7305,1.4757985134455165
6305,1.4757722325501292
9025,1.4755558554875778
1979,1.475504337841312
6042,1.4753698106879125
6151,1.4749042218572128
5449,1.4748961665818316
7886,1.4747216219859067
4687,1.4746580884665335
7327,1.4745663169468886
6958,1.474379273418073
8233,1.474217694951706
8306,1.4741421433832231
3628,1.473685982223975
4080,1.473182481345744
3961,1.4721826167046006
6845,1.4714121696665279
7455,1.471112600414718
2384,1.4711047812138678
5262,1.470463684782187
8020,1.468910869304887
9767,1.4684194863313957
8801,1.4679223703766087
4246,1.4676702917805726
8360,1.467563476935359
6856,1.4675437088166563
8065,1.4672702639951802
9055,1.4670450294214343
2897,1.466644527676998
6272,1.465360884183493
7483,1.4649010195272043
4355,1.4648817240567125
5341,1.464253589505285
6371,1.4641914495820065
8091,1.4638263265105067
9823,1.4634091023714992
3441,1.4629129398146463
8891,1.4622598606263195
9307,1.4614737687724342
3877,1.460729594195769
1810,1.4606099233511936
8001,1.460571638068829
4183,1.4599191415368575
4752,1.4597234789336146
4078,1.4595333175064695
3673,1.4588337482970275
4347,1.4585803411606166
9780,1.458118067162365
4783,1.4570911480432394
6332,1.4570463336447967
9726,1.4569076659456877
1934,1.4566707194591884
8014,1.4560545360004475
7922,1.4556034779947995
8614,1.4540453367094712
4493,1.4537885172075797
6368,1.4535495855416667
4676,1.4530669669044594
4369,1.4529414353294081
2502,1.452611048574205
3329,1.4525806889227222
3023,1.4522951335091048
5253,1.4518408573751616
3950,1.4512264338371976
8439,1.4510071461961713
8425,1.4501721948404545
1888,1.4501412477162212
8131,1.45000623341846
4971,1.4499502677831673
4362,1.449473517479303
2531,1.4493165380579733
4743,1.4490441878458935
7981,1.448948137118981
4716,1.4485931011523698
4020,1.4481186158190635
5269,1.4480670880746631
9628,1.4478838682492254
6840,1.4469155193493564
3409,1.4465676981174982
4828,1.4464115015806507
4188,1.4462957477066993
4419,1.445790154671881
6387,1.445744005369634
6849,1.4457372743966006
9435,1.4456501273738858
1951,1.4456308155614963
8804,1.4455810100673925
6364,1.4455309407308092
1419,1.445059656795855
6584,1.4449341613111581
9225,1.444859066859067
8085,1.4444469106834663
6902,1.4443107529060981
1805,1.4442758369983906
7459,1.44348756799316
8097,1.4434219129649724
3538,1.4431624633705524
4448,1.4426662016211171
3719,1.442457415041098
6706,1.4423851003168398
6322,1.4423830478707582
3880,1.4423752047105223
8706,1.442064882737471
1739,1.4419893207852985
4847,1.4409349544243062
6622,1.4408702908598154
3107,1.4407025696247142
4097,1.4405232864524833
8007,1.4403565933162956
4617,1.4399782152698757
8368,1.4399548345107593
3300,1.4392244855797112
3475,1.4388484281874139
4718,1.4382678427097864
6969,1.4381495740896098
9504,1.4380395379696267
8624,1.4378907044932443
9478,1.4376562279774925
6325,1.4375624121929358
4064,1.4374031778542928
7175,1.437366523099282
4578,1.436994037575062
4901,1.4350066167028945
9251,1.4348303623611922
1814,1.434275018777101
6282,1.4328749983071867
6862,1.4318076931574646
4396,1.4313338815759629
3600,1.43094451809775
2331,1.4306427191402666
5715,1.430434956862632
7211,1.4302946039753028
8139,1.430270613371387
9001,1.4301494041406486
4381,1.4294221143446306
4045,1.4288706367865385
2270,1.4286286930608678
1719,1.4284892962386109
4052,1.427568218405733
7494,1.4272751759902529
1928,1.4271231464428198
6517,1.4265559028355101
2788,1.4264677560512367
6957,1.4253469407983093
6703,1.424676364690796
6678,1.4243657983097684
7984,1.4237532233652062
4691,1.4236668169829405
7451,1.423512412724923
7623,1.4234593411164136
6037,1.4231728230373633
7357,1.4230852204566637
9049,1.4225228425988372
6029,1.4221410233658536
7270,1.4220230244638794
3666,1.421990173543295
6294,1.421858599117849
4404,1.4199919188034524
7271,1.419801523789005
5975,1.4195012414472596
6448,1.4191361502364028
3087,1.4190671715984335
6103,1.417799871175641
9219,1.4170865966446076
6266,1.416888023337109
9325,1.4167657449293714
4432,1.4164967811946927
3284,1.4157471377032267
1965,1.4156749519827592
4251,1.4149002488171964
2435,1.4143321218647642
7747,1.4142426580432261
7819,1.4142357824319771
2160,1.4133442776198826
1963,1.4132536777673494
2180,1.4128506578493398
6088,1.412710873410612
7203,1.4123632344658268
6131,1.4122772710519713
8881,1.411372700742557
4680,1.411208832204829
2264,1.4108084154065985
8114,1.4104225745369134
3863,1.4095626871722147
1950,1.4093317856131413
3375,1.4087063445652657
7670,1.4081739567440998
1973,1.4080727879131207
5201,1.4071506324571812
7435,1.4070882452061328
6292,1.4069758026589445
8917,1.4069032346978996
7608,1.4068767119913363
2903,1.406555104076815
1938,1.4063956748572228
4992,1.4063908991430745
6498,1.404272282408167
7681,1.403845243292119
7091,1.4034948281170248
7031,1.402836946200028
4074,1.4028129740130346
7793,1.4026898156110832
9508,1.4025619167874854
8130,1.4022547041224767
7744,1.4019061045524805
7003,1.4013539031992268
1808,1.4011022952774304
9602,1.400735170889065
4765,1.4006466718138
3068,1.3996794418066467
6809,1.3994665607371883
4423,1.3984559020401308
2327,1.3983458404688536
5759,1.397882804962755
6508,1.396998196134715
1972,1.3954146552795479
7501,1.3953319467233884
3201,1.3950468172229369
9852,1.3948281792690773
6938,1.3948055473948355
7976,1.3945191721365013
9072,1.3941276770955024
4380,1.3940393873167145
7202,1.3940304833140753
5161,1.3934978543980132
7425,1.3934475360150729
3963,1.3934316370102457
9059,1.393339917495833
3851,1.3929992399944324
8117,1.3924948889852276
2602,1.392032617591691
6201,1.3917803516986005
9075,1.391058352505082
1992,1.3909781100150655
6912,1.3906132982731456
7282,1.3905783023770655
7186,1.389853336348305
7177,1.3897820483454453
7294,1.389612212983439
2469,1.3895542381783828
9070,1.3890613043931928
6210,1.388782956094226
1417,1.3883146421259815
4109,1.3882478102180975
4886,1.3880014517658734
6658,1.387690467278263
2681,1.3876261313023395
3727,1.3875723594393672
7167,1.387372152625987
3418,1.387289361498659
4284,1.386879645286754
5463,1.3868718797952642
4186,1.3865560378895707
8061,1.386090575958341
8613,1.3855131000922263
2001,1.3852846924618711
6062,1.3845316864576522
9531,1.384049757292409
8336,1.3832430058879113
8737,1.3824818539413253
8616,1.3821973236470944
8316,1.3821098716680913
9068,1.3818469845067407
7899,1.3816000244272322
4507,1.3815640639106346
2301,1.3810914513157686
6059,1.3810386361816043
6086,1.3808662507586786
5997,1.3801570008359465
4418,1.379909864852264
7172,1.3797587265676259
7735,1.3796617696890934
3655,1.379475263427772
5233,1.3787126745729588
3612,1.3780318651903267
1975,1.3778096221914842
9381,1.377763188655224
5464,1.3776613732448626
6334,1.377287128529531
2112,1.3772076191158127
3254,1.3771693764785926
8093,1.377148644383024
8399,1.3769919309688687
1762,1.3769728666640701
4434,1.376617660686181
5817,1.376370201194112
9119,1.376086030418351
4725,1.3758986840243246
4386,1.374772504339094
6395,1.3740325162401945
4337,1.3738555442241231
7965,1.3738506046709604
7226,1.3737293197843183
4403,1.3732454049943656
1723,1.372985572861959
9201,1.372330941730405
3770,1.3721640807476572
4671,1.3720334122985296
8923,1.3720096697352253
2590,1.3716190507662391
5988,1.3714631029148698
7522,1.3712173841181496
6134,1.3712050876855744
7347,1.371196282690134
4307,1.3710916314073402
8281,1.3707668280893621
4543,1.3700785922134648
3197,1.3700180714970867
7723,1.3694680617320076
8309,1.3694434586859132
5932,1.369347334587366
1720,1.368426267018539
6098,1.368347891031762
6635,1.3677303098609286
5132,1.3672445255474452
6436,1.366518331206299
9099,1.3657444020329808
6034,1.365660517638801
7224,1.3651608335441368
6408,1.3645849224577253
7043,1.3643595785445728
4368,1.3643380925707247
8018,1.3641887581014382
7709,1.3636261921367792
5610,1.363414553795344
7829,1.363272921108742
2791,1.3632443265215457
9265,1.3628395373079423
2798,1.362570947395224
6742,1.3624771444944948
7552,1.3624376991468736
5391,1.3621725566225322
9193,1.3621207193341747
3116,1.3620228768960199
2573,1.3619577394126472
8152,1.361922578060925
6574,1.3617568011789332
8893,1.361476599768312
6890,1.3613842440021473
8088,1.3612279079631178
8392,1.3609263279617712
6859,1.3604442635442853
7919,1.3593231079699477
7544,1.3588171022815634
4042,1.3586729589993598
2397,1.3584224716060842
5923,1.3583326741190778
9202,1.358122976057659
9241,1.3577776670199817
9830,1.3576577494171376
2195,1.3574117821741607
7840,1.3569325353585049
9742,1.3568372668610815
2134,1.3567251461988306
8830,1.3562452861594945
8076,1.3555639278008016
2914,1.3555386318617442
7943,1.355347523514635
7781,1.3549542498181038
6331,1.3543469590472301
3228,1.3542765391455773
1514,1.3540825396825396
7741,1.3537625434780185
5137,1.3534789926988153
6963,1.3520501073233797
8524,1.352010035828064
6302,1.3519329555019246
9932,1.3511052081347745
7510,1.3506216369652688
3744,1.3505142398215604
1866,1.3504233007788773
2981,1.3501302145735852
9616,1.3498781793834616
9974,1.3497801938714402
2124,1.349712653680718
3454,1.3495371386294124
7871,1.3492230920274095
4208,1.3482885540827434
1787,1.3477445179839629
7991,1.347584410026502
6250,1.3474304299475168
1801,1.3471318274349402
5480,1.3469952562450966
8279,1.3465766101587187
4536,1.3465661645327216
3627,1.3464754198826463
5820,1.3462795044590752
9003,1.346218022503119
4417,1.3461608761877133
9404,1.3455579425191395
4385,1.3453754491957381
8897,1.3444516711439536
7646,1.3441851666382691
4238,1.3438634227811934
7827,1.3436987171317267
6771,1.34309995605274
4118,1.3423336132815422
7775,1.3422433944675793
6425,1.3421801063984935
6982,1.3415794364851519
3565,1.3410483975588743
5105,1.3409564283445776
9906,1.3405388173772974
9312,1.3404369381251982
1663,1.3403842927319511
8129,1.340232816221319
4613,1.3401251556142215
2674,1.3397947328753723
4212,1.3396166626886703
4406,1.3393973839925257
5194,1.3392893205741192
8118,1.3391389022921176
6246,1.338886275832259
4372,1.3388486940485946
9719,1.3386228144010277
3817,1.3384963737626023
9564,1.3384588357965364
2002,1.3375868658343686
8252,1.337387209013338
4441,1.337088467589948
4651,1.337006315257729
8508,1.3368680860132005
1890,1.3365992244843945
7218,1.3358458082222981
7127,1.3348910153351472
6571,1.3347604821757393
3221,1.3347125340115242
8354,1.3347120358600983
6118,1.3346900298030644
9872,1.3346678905428124
8630,1.3345505713332197
6724,1.3343199932890883
9948,1.3330017121614615
4838,1.332959129653163
3955,1.3322359089039153
6586,1.3320928293454275
1878,1.3319870178529343
6362,1.3319292808637702
7621,1.3319291782570988
2700,1.3318899007259752
6946,1.3318558309087647
3772,1.3314773122585435
5110,1.3313473282806545
8111,1.331105077508998
4382,1.3308869599356776
3320,1.3305850574812623
6550,1.3301978622349813
2778,1.3301836780477354
9740,1.3301351022143069
5957,1.3300999638888658
1861,1.328823897093496
3611,1.3288107544461962
5981,1.3287932427659326
2698,1.328618071262877
3878,1.3282811966342143
9409,1.3280034905817129
9765,1.3273750355967215
3675,1.3271632899065233
6419,1.326918006725961
8070,1.3268192898887996
3091,1.3266139384777413
4346,1.3261460134872236
8511,1.3260683845545937
6789,1.3257678917918205
5020,1.3253784822566201
4180,1.3252254559452044
7674,1.3251223928068616
6737,1.325015701004886
2932,1.3249624914291709
4205,1.3248275681964756
9301,1.324526019053592
4026,1.324510991580676
4241,1.3242719129882408
5821,1.324171585248045
6018,1.324045324557199
5363,1.3234488472961548
6342,1.3232783283299896
9989,1.323273474436952
4120,1.3228605267432243
2742,1.3227073599023125
9022,1.3225928038518378
7049,1.322374101490629
4690,1.3223455177553027
7734,1.3223274816351265
9656,1.322314559008082
3551,1.3222483660289583
8999,1.3220936605946487
7369,1.321837674298418
3248,1.3215370558273576
1967,1.3214955102201456
7092,1.321141484897643
6420,1.3199898588327947
8227,1.319846777828888
7096,1.3198380855441827
1982,1.3196374968292568
7751,1.3195245071178805
7682,1.3189825576011764
5805,1.3186495292574947
7942,1.3185720583294827
7814,1.318315182865861
9074,1.3182155191642109
4485,1.3180470595324278
3148,1.31778481043246
1976,1.317764836898902
6570,1.3175863617916743
4072,1.31736801655051
4043,1.317130427055482
8115,1.3169670020435442
7837,1.3168192430029415
9749,1.3165100399540943
3484,1.3149336710232464
9753,1.3147409041481002
3242,1.3143361826549813
8068,1.3140648934467885
8750,1.3135953350307448
7244,1.3135816178231792
8381,1.3134663455981168
4634,1.3133934461050518
7921,1.3132230856464622
3549,1.3127365689963133
5079,1.3125384766741532
6307,1.3124155954699293
8104,1.312316061943861
6369,1.312200273330832
7914,1.3121158901414158
7792,1.3119143876174022
3388,1.3117535074287425
3591,1.311358443643612
1721,1.3111546180509408
9983,1.311113373243557
7219,1.3110809426064212
7990,1.3105649344434018
1968,1.310419020026917
3392,1.3101823336985199
9994,1.3099923565393274
1439,1.3093642554126916
8037,1.3086616205050101
3708,1.308512650651985
7562,1.3084561921958298
6465,1.3079788211417067
3799,1.3078251261596074
5658,1.3075269023117084
4733,1.3070051172567358
9908,1.3068284699269908
2408,1.3067324359092678
1813,1.3066814715669985
8860,1.3063716985928997
5921,1.3062836592635194
9982,1.306226399221293
3020,1.3060773322843295
5101,1.3060760817418704
9355,1.3060629500800933
8410,1.305948535259021
6258,1.3058229278069613
9757,1.3057456029815664
4221,1.3057230448538661
5202,1.3056148033796702
6973,1.3052915093907298
5609,1.3038270063958253
6485,1.3037680129702491
4270,1.303627328347181
3003,1.3034590191146236
9880,1.30337036638859
1758,1.3031603082289225
5232,1.3026658219933638
5915,1.3025929601735426
9820,1.3019490729408685
3934,1.301633767874137
6356,1.3014409183945936
5393,1.3006736679079924
2579,1.2997692871291633
6417,1.2994949216246423
3844,1.2993080318195558
4095,1.2992273579912388
8411,1.299164769893712
4996,1.2988580438866713
9232,1.2969374455039766
7637,1.2965669308923322
4611,1.2963661311856616
8308,1.2963088287259326
7077,1.296089272787808
4673,1.2960622687231407
6455,1.2957898901325922
6333,1.2957872194637385
2415,1.295640301987192
7213,1.2952677439014344
7619,1.2951877951538142
8125,1.294565405480123
2139,1.2945391872278664
2874,1.2945247475489667
6335,1.2942117825054056
8871,1.2940860196639805
2607,1.2940825520580064
5631,1.2939505381320657
8929,1.2938615775127758
4202,1.2938257967261804
1945,1.293700780968059
5989,1.2934918860786686
4272,1.2934749070531084
6393,1.2933309632618812
4343,1.2931991278127364
6640,1.2927824814519726
8903,1.2926429575608045
3457,1.2926186806102467
6504,1.2923918563125467
7804,1.2920615310916541
9364,1.2917067579123203
3435,1.2916778719318847
6473,1.2910152059448599
8345,1.290378471901959
8079,1.2903653469212024
5936,1.2901332271472676
7463,1.289421520965362
3841,1.289394326329455
5288,1.2888482629829985
2136,1.2884458056499646
8995,1.2877442441503058
7222,1.2871511057531684
9735,1.287128134078469
6411,1.2869930837129393
8113,1.2868838677292034
6192,1.2865058400392313
8060,1.2863109783655309
1743,1.2862055835745076
5659,1.286094771395971
2359,1.285810440563362
6049,1.2849657501343723
6040,1.284831395338189
4641,1.2846946998924873
8237,1.2846008433768332
7504,1.28455549913735
6540,1.2843968372607675
8331,1.2843030221350868
8473,1.2840512817963727
9956,1.2838188740713827
3317,1.2836302905056696
4581,1.2831215550095516
9600,1.2829520310603988
4792,1.2818567968510155
3359,1.2817740064035663
5033,1.2813526072637291
9717,1.2813489277044794
6326,1.2812588106739782
3779,1.2812225688869423
3837,1.2810798659010425
4215,1.2808528788400333
5019,1.2807523387302908
2871,1.2807437671345963
5991,1.2804847824843326
5290,1.2803462296437569
7606,1.2802626648864839
4356,1.2790132400655119
1798,1.2788963199296228
4320,1.2788768325160371
6988,1.2785363961986613
4088,1.2784829073908217
2734,1.2784713095162177
1949,1.2781062787792714
5122,1.2775651324772719
9990,1.2773688490626118
9743,1.2768224852544354
9513,1.2757886742057303
5408,1.2754924057938555
1384,1.2751638769194318
7593,1.2750546388729644
7287,1.2744357611529793
3151,1.2743370913352507
3943,1.274290511309181
5283,1.2740716481189325
4763,1.273980228553125
8714,1.2734601060530641
6316,1.2734110036326491
4746,1.27303399821054
2487,1.2726893886676518
6488,1.272356358633342
9386,1.2722001146754165
4245,1.2721957442297873
8708,1.2720193855819593
2294,1.2715733001358278
7013,1.2714742885371233
6863,1.2714312198345794
6785,1.2713678153381152
4685,1.271180971780561
1780,1.270752852872836
9857,1.270744200093696
7380,1.270556791514312
9625,1.2705564757491612
3241,1.2702078445345808
6745,1.270177941843805
4658,1.269802169155367
6044,1.2696987609804204
9142,1.2696164993520247
2424,1.2687356226679736
8132,1.2680924321232232
8566,1.2680756744984876
9206,1.26779568992201
7299,1.2673477071334984
2196,1.2670161639478363
3063,1.2669213824770413
8844,1.266534838350621
8179,1.2665131937404166
3634,1.2664360293173325
7575,1.2657756103284965
4187,1.265432848205696
1847,1.265278594787254
2411,1.265112032360143
9934,1.264279713737897
2445,1.2640920334066008
3467,1.2639504779787643
4489,1.2637880474695713
3553,1.26370184624979
6810,1.2636452887683578
8074,1.263485622376179
3543,1.2633548847586036
8600,1.2632723422380032
4732,1.2630263435933438
9842,1.262551327656415
9890,1.2620250752623499
6905,1.2617934797598118
7264,1.2617608760929124
2418,1.2614379401898588
5186,1.2614342870664943
7033,1.261346164424934
7732,1.2611114101125918
6381,1.2610443053303781
4249,1.2610220408787352
9438,1.2606921493594436
4684,1.259937342139298
4293,1.2597285618058838
9434,1.2595217817871753
4626,1.259484349049586
2876,1.259424774430853
9214,1.2593385188124258
7999,1.2589317370993702
7351,1.2589078767170527
2060,1.2585342347259754
7937,1.2584773493506642
3204,1.2583492623323518
7521,1.2580048699656394
1867,1.257831593189367
7079,1.2571961231380815
8931,1.2564115563524012
8798,1.2561167231291372
2453,1.2560516588393813
5974,1.2560198342576174
9812,1.2558821433043768
7191,1.255743905778141
8023,1.2554300884201666
9446,1.2554115805361787
4722,1.2552667092901724
4224,1.255023756995442
4538,1.2549760377459114
3291,1.2542592556836578
3558,1.254187889768354
4554,1.253895052827597
4631,1.2538354102898164
6165,1.2533773963426214
3106,1.2530800659084362
9663,1.2527379932603835
2481,1.2523117164821844
6848,1.2521206694693146
4726,1.251880140976593
3391,1.251661948350646
6247,1.2512304381732255
4464,1.2510168771052328
9275,1.2509737176214206
2929,1.2506235776117969
3341,1.250577098702906
9861,1.2504494917656925
4361,1.2503727482798273
9795,1.2502963442809787
8046,1.2502201629364238
5127,1.250092427184466
6312,1.2500867396555262
4263,1.2500106761130465
2323,1.2499308464718817
6820,1.2499203177450133
4620,1.2496258805827856
1451,1.2494798768164905
7538,1.249347235762057
2692,1.2493204068384594
6643,1.2491655417130525
6416,1.2491199306181549
7279,1.2491087574514725
7782,1.2489607566952527
2492,1.2484248180370925
5707,1.2482639970030704
2296,1.2481520481183568
4021,1.2481319365194472
5965,1.2480550675462783
2820,1.2479528652315157
6269,1.247930945090886
4449,1.2477175674492549
4075,1.2473265131473934
2750,1.2472845665052779
1724,1.2471464526734206
7625,1.246290481001389
4099,1.2462515385608037
7242,1.246183447234331
1852,1.2461813097531298
8395,1.2457646715110784
9273,1.2456261135549118
3001,1.2456095594288232
3121,1.2454311246547294
3598,1.2452903324302114
4914,1.2452884191986329
1775,1.2450451284137527
1860,1.2449447336485135
9369,1.2442308509046602
9987,1.2439244890546524
3198,1.2436201996450602
8927,1.2434696476468916
9351,1.2432384939535008
6255,1.2430763843727841
6367,1.2429421358082424
9029,1.2428962816214912
6807,1.2425666132343582
5189,1.242399480363437
5218,1.2421935394508856
1835,1.2416521530539486
6156,1.2413739082192263
3747,1.2413448884378866
8276,1.240843739435175
5952,1.2408140743544733
1518,1.2405226258902482
7500,1.2404487339647627
9658,1.2401176821261577
2485,1.2400291946144082
3415,1.2399030161272422
8043,1.23976055028665
7551,1.2388152060503592
7958,1.2382768818722025
7539,1.2379995122623848
9904,1.2378475266756188
5126,1.2367869404949974
9007,1.2364140050510917
8123,1.2363855357508529
4642,1.2362905670303854
3321,1.2362301096359158
4519,1.2358702056950388
5955,1.2357221092160853
6406,1.235693772475035
2266,1.2355923578750063
3153,1.2355112133192738
4027,1.2354362099683156
8542,1.234860643877032
6027,1.2346782812549832
7381,1.2345144807803732
6096,1.2343406633501146
7164,1.2342471165718505
9632,1.2342396196752297
1905,1.2338371309077756
6470,1.2337809642004898
4014,1.2334765953568638
9759,1.233362620348686
5958,1.2333585300698766
2282,1.2332848068763305
2335,1.2330737164393961
9619,1.233052527845993
4980,1.2329110444023168
7955,1.2328730077698886
5902,1.2328544486204849
2593,1.2327335108181796
2670,1.232728947414105
2656,1.2327181697761613
8908,1.2326783761233966
4228,1.2325609484930529
7322,1.2325445675842055
3075,1.2325157432490539
5918,1.2324217907405892
1333,1.2322313995747
6233,1.2319962666804716
6229,1.231982384278278
2753,1.2318965004754892
6276,1.2316368355512701
2737,1.2315939471189985
9791,1.2315441685345656
8218,1.2315286845451514
5018,1.2312982382905306
8604,1.2307844563096049
9720,1.2305850097044952
8386,1.2305526040795713
5753,1.2304268653645092
4022,1.2302179743344341
7217,1.230129545682228
2152,1.2299969490454064
5388,1.2299480228218187
1795,1.2298369618546747
9535,1.2293536747009164
4243,1.22889106593174
9479,1.2286579823733204
2917,1.228581483586168
8185,1.228570449817722
6257,1.228448174155717
9005,1.2284058433679403
3302,1.2282998064714503
6317,1.228201252689611
2221,1.2281501499049694
4812,1.228099091241461
5471,1.2278486304945362
9308,1.2276401774110728
8077,1.2276281247086938
4234,1.2274973152140636
5697,1.2271279174285303
4204,1.2271257682532195
7377,1.226935863378969
2499,1.2267006360466666
1815,1.226647223094688
7138,1.2265562354581627
4124,1.2264538769748223
7752,1.2259991253159428
5612,1.2255323364768964
8864,1.225372657639955
8207,1.2250348544651828
9536,1.2250202683989786
8273,1.2247975908798683
7004,1.224689781274104
3104,1.2244775824016838
6087,1.2243117674265458
9376,1.2242153723718727
7366,1.2241275818988644
2587,1.2237944160623941
5108,1.2237192383708155
7628,1.2235274102679883
3921,1.2233449638991154
4748,1.2232997580273335
3089,1.223090918407937
5381,1.223068574761488
9305,1.2230440082474778
3901,1.2227927448603815
5386,1.222619767352322
3544,1.2224002839519925
7864,1.2223388643676067
8304,1.2221392518588976
2108,1.2213332980974148
3143,1.220998848627331
3974,1.2208851977972468
2173,1.2207510987589307
5280,1.2202297515650902
1768,1.2200650506954267
7412,1.219816184834932
9336,1.219428530865847
4373,1.219332294969228
9034,1.218367676634776
7711,1.218329820143491
3123,1.217951280666329
9543,1.2173432095609642
4168,1.2169496491140843
4335,1.2166913218217106
4421,1.216684980671492
7966,1.2165085126368054
4016,1.216418819250414
6715,1.21542256511532
2892,1.2153358910139072
4388,1.215241995256956
8912,1.2145666010602836
9869,1.2145582839018838
6239,1.2143397146122237
3036,1.2142204872933695
9709,1.2142056063553728
1446,1.2139808638149052
8537,1.2139178483936572
1941,1.2136799448000009
1418,1.2135791263326172
6484,1.213339635268366
2303,1.2131667101638346
3101,1.2131400363890903
1929,1.2130744333373016
7601,1.2126861890769072
3176,1.2125780236056427
7989,1.2123968190781933
4482,1.21214537467938
9723,1.2120460496891503
3663,1.2119560362914026
4365,1.2117383796798449
2436,1.2116728501704972
8160,1.2114966706310324
8217,1.2113714924095544
9701,1.211311117315188
8039,1.2111516081776124
2809,1.2111349849387596
1926,1.210925328076408
9433,1.210880923928334
7205,1.2108269116560706
9028,1.2107385173882064
6033,1.210675809071822
4242,1.210397549078324
4972,1.210133936075303
8769,1.2100175865913738
4450,1.209512672256026
1726,1.2094864256012026
9605,1.2094221674188816
4318,1.209363555399673
3947,1.2093113288506776
7925,1.2092880262742007
8247,1.2090579093262142
2923,1.208768064623635
2915,1.2085739226263827
7701,1.2082063386918585
9143,1.2081758172769927
8393,1.208163669132622
3244,1.2068390236687865
2810,1.2067613539010114
7245,1.2064374511165445
4627,1.2059223140683268
8803,1.2058426119629728
8892,1.205609682346735
2667,1.2052426657611415
2483,1.205186719089601
7268,1.2051087625219328
9685,1.204664049652286
6806,1.2043633566574008
3622,1.2042483870448983
2678,1.204233376212804
3798,1.2042173151706055
9699,1.2041185766337585
9245,1.2038832528870973
8127,1.2038671005279782
1799,1.2036827310801788
2288,1.2035151966255622
6919,1.2034324798162819
6929,1.2022674278717282
3941,1.2021580328828436
9793,1.2020885665921575
8215,1.2017325933442113
7604,1.2017304313367656
4481,1.2013556578127527
2910,1.2012575669412817
6379,1.2007993244392936
6943,1.2005488294346633
2307,1.200170908363963
9362,1.2001525648096107
6391,1.2000512812863775
6998,1.200045507953125
5214,1.199813571243674
7212,1.1996528417681473
7988,1.199629007219779
2156,1.1995019938231537
8544,1.1992909040401458
3387,1.1989938134782518
7643,1.1989489506375912
7932,1.1988850495828507
7983,1.198760580924876
8346,1.1985614477706332
3861,1.1980035597552499
7276,1.196935666532225
4636,1.1967674103785788
4298,1.196662015523777
3796,1.1963982375262412
3180,1.1961202489644385
7185,1.1960034311092915
3433,1.1957192753148347
6901,1.195680115479084
6888,1.195510834001938
4681,1.1952288543842065
3834,1.194921158530178
7447,1.1948236029912722
5970,1.194783730959657
7181,1.194058383897386
6542,1.1940227794876817
4668,1.1934429263754422
7616,1.1930499101681424
5986,1.1929001401591048
3710,1.1928988633384512
3774,1.1924230276573822
7417,1.1922276388155757
7408,1.192209118772916
3358,1.1919696426858388
7611,1.1919437158184736
9302,1.1914827501960195
6989,1.191167081446398
9380,1.1909059624219416
6942,1.1907223723264309
6330,1.1906261200978532
9271,1.190418919454944
4351,1.1901545495884245
8596,1.1898766112245347
7284,1.1896769206698528
8707,1.1895366380360286
4800,1.1891606059502613
4833,1.1886909617985184
2475,1.1885626720496378
2751,1.1884741675345065
2894,1.1880921047829844
4887,1.1877597177341583
9900,1.18764481949386
4247,1.187601601366164
6824,1.187426988289203
5026,1.1869378644429118
8006,1.1864516651342794
6445,1.1862432893159156
2993,1.1861505938721175
6879,1.1861247039916416
6962,1.1856910558543432
6981,1.1855867077526723
5971,1.1849365591878265
9850,1.1848162159512456
6407,1.1839549329197459
2164,1.183525450772952
6823,1.1834998701101371
3416,1.183442791382657
5237,1.1831911717584904
3760,1.1829658668741498
4958,1.1828868219682152
8081,1.1825674178844603
9063,1.1821828928512503
3402,1.1821530832825906
6817,1.1821241970539855
9361,1.1821233481658575
3157,1.1819818013875718
8802,1.1818223789844011
2117,1.181724153555295
2815,1.1812098897875236
6291,1.1810003073305386
9691,1.1808500815217204
5706,1.1807627855602174
2330,1.1806674338319907
1946,1.1805803558004961
3649,1.1801828023443819
2286,1.1801631431618314
4268,1.1799269969011696
7291,1.179748752020957
9928,1.1796702965355756
4712,1.179648328245072
9936,1.1795323806929174
6505,1.1792634501613526
3377,1.1788847348966442
3907,1.1788430205293385
8230,1.1787305743879468
3944,1.1784015181932526
3477,1.1781107708565968
4053,1.1779263412930225
8167,1.1779231412843179
6469,1.1778935635405654
4092,1.177525943250952
7438,1.1773056582659602
8940,1.1769731430731345
7292,1.1769514389625122
5802,1.1765970407337165
9799,1.1764291028946137
4888,1.1763777817157035
9306,1.1763565182198696
7826,1.1763146361527448
4674,1.1763028219882197
9769,1.176182631007738
6877,1.175340416675787
1431,1.1752867654284396
9067,1.1751301094175282
4069,1.175082167288166
8163,1.1748481367872925
6543,1.1747993539740287
7607,1.1747958061005426
8715,1.1745821709810031
2702,1.1743666974204523
1718,1.1742748311391686
9532,1.1742720103603648
5943,1.174271398118029
4624,1.174226544438928
7090,1.1736290971030017
9233,1.1730045072550812
4766,1.172445537548348
7887,1.172397003739796
3929,1.1721007246313924
5333,1.1719888047884657
4968,1.1717787429223963
7952,1.1717649348802082
6971,1.171422655784769
4539,1.1710535231079466
3636,1.1707220668877576
8362,1.1707070367599164
7338,1.17028049671101
6050,1.1702800295109967
8361,1.170042119315294
6804,1.170032883943029
7259,1.1697307123026721
3192,1.169611018120952
5277,1.169565710012927
9242,1.169343600953895
1776,1.1690553578810878
6030,1.168997486811126
4814,1.1688808900523562
9439,1.168487804878049
6853,1.1675830955988273
1788,1.1674721702797815
6286,1.1673290913361143
2217,1.1672333266597086
5946,1.1671898450159583
2488,1.1671079505775248
3173,1.1670573138227867
1948,1.1669744167961797
7255,1.1665325077496835
6617,1.1664745908280474
9613,1.1664625693532846
8364,1.1663673114141424
3993,1.1659824553656102
2933,1.1658899317658162
4240,1.16556784406287
9024,1.165086602028837
3909,1.1649123225960647
8141,1.164569125093519
4767,1.1644047271657243
8032,1.164268686837693
6758,1.1641232950648068
7058,1.1640544681385945
2730,1.1639624684090337
7520,1.1636349198490301
5959,1.163385498505483
9514,1.1631359955226714
3765,1.1629350717332274
7150,1.1628566427101172
6777,1.1628397423396193
9065,1.1628142224202112
2428,1.1627808441839969
7638,1.1626895039180132
4410,1.1623745067780402
2899,1.1621050404290438
1793,1.1619502799326955
6310,1.1617461548856098
4809,1.16169765950035
7808,1.1615529524557129
3401,1.1615470928001554
9069,1.1615267342879285
7041,1.1614775369457595
3190,1.1611427282705278
4994,1.1608036518215676
9678,1.1606418776471474
1383,1.1605212108535727
4571,1.16026171251682
9248,1.1602290483086781
6926,1.1600810185048749
3933,1.1600593204127423
2613,1.1598662698922284
3352,1.1598590386011502
1430,1.159805341341451
3179,1.1594728379783106
5032,1.1594385697448628
8772,1.159093948497483
4665,1.1589766780429376
7422,1.158766203737813
1736,1.1587369586768488
9428,1.1585821794021622
7923,1.1585006048556443
9078,1.1583390043039925
6167,1.158244031676406
9629,1.1582174494803523
3738,1.1581380470661562
3109,1.1575617083439678
5983,1.1575320954948338
8713,1.1574847769846757
2464,1.1574336296113883
3131,1.1573510812588743
2927,1.1566906656485525
3905,1.156557662361886
4367,1.1564563521712095
9706,1.1564500072834378
9020,1.1564338546433415
1770,1.1561682907007629
9130,1.1558678897176269
4530,1.155629916612295
3449,1.155526848618887
1716,1.1552641505661785
4348,1.1551709196282332
9782,1.1550349607808874
1887,1.1548468698132517
2769,1.1545210354623048
4487,1.1544846909289692
1848,1.154438266900273
4008,1.154324645939305
5017,1.1543042601636093
2489,1.154085929449811
5729,1.1539078781982988
3923,1.1534293370818451
6055,1.1533532287437642
3277,1.152950247835115
8173,1.1528416091674305
7987,1.152716694381508
9445,1.1512058033930401
9436,1.151043593983578
2009,1.1507619904829292
6513,1.1506037076688747
9322,1.1505628635566967
5212,1.150309782432163
4172,1.1502747955156811
5741,1.1502174667979337
7713,1.1499825752709154
4371,1.1499629282316017
3895,1.149940324267837
4923,1.149904191313864
3166,1.149717524184687
1414,1.1496949299125032
2379,1.1494860012815926
6798,1.1491983886371493
4735,1.1490187886976866
2449,1.1483930407202814
4490,1.1483842963061694
3196,1.148319706481752
8996,1.1482078799023303
9991,1.1481872456108002
7129,1.1481619903784346
6346,1.1478586165701288
2991,1.1477120280430189
8628,1.146956795313408
7939,1.1468929021331726
6867,1.146828331991476
9324,1.1467013291360801
1961,1.1464440408002643
3953,1.146369968364175
4502,1.1462496669182463
7110,1.1461471602538342
6960,1.1459152805872035
3983,1.1458566104699746
8267,1.1457947605941758
6323,1.1455817712138368
9768,1.1454908132953017
8165,1.1448818884642582
2468,1.1448459403209033
5973,1.1446931429622214
1904,1.1444636900270269
2168,1.1444077574805753
4975,1.144347904646459
7817,1.1442179343802128
7831,1.1440487408252205
3288,1.1432145448069693
5831,1.1430784406509922
2754,1.143017595127713
7238,1.1425025180844244
4616,1.1424224891111123
6474,1.1424085493768403
8850,1.142333144992025
2763,1.1423188858629707
6164,1.1422849075997852
6013,1.142204838388556
7702,1.1421053085802517
8282,1.1420993337620435
8747,1.1420922502036785
4471,1.1420330511377246
6199,1.1418366879755764
8383,1.1417152727264888
9651,1.1415831596688626
7460,1.1413265000373014
6786,1.1411026294095437
8349,1.1409855319626185
6907,1.140908318975629
3988,1.1408493470122334
3067,1.1407713111216808
6506,1.1407031800193153
2790,1.14064986948255
2961,1.1406428214429223
6976,1.1404299928658745
1997,1.1401387977621644
9682,1.1399302133802838
8388,1.1397712776496427
6497,1.1395227147748834
3542,1.139006627114763
3994,1.138911478048987
2004,1.1388900563390747
6674,1.1382769415671679
6555,1.138191382185687
2804,1.1379452313430698
9790,1.137925115484637
6870,1.1378805206397262
9788,1.137447131172303
7975,1.1371971547889022
7649,1.1371458207937233
5660,1.1365044589386801
3395,1.1360773303517466
7399,1.1360192373239182
6592,1.1358852037876221
3156,1.1351088588965579
9895,1.1350561608170828
1971,1.1349923915624913
4921,1.134841339381834
6861,1.134598371504764
7906,1.1344917007927477
6273,1.134458920796726
6518,1.1342646403014995
3560,1.133998026586429
4503,1.1339977520306022
5724,1.13365365994447
5271,1.133578841662309
7064,1.1334069386589063
2461,1.1332824664636592
7811,1.1332621233485896
3205,1.1332187435206305
5900,1.1331097566891433
4512,1.132470538720539
2376,1.1320735179390788
9679,1.1319485961840765
2984,1.1318427384884617
9045,1.1314227820540956
2373,1.1314004953258194
7823,1.131310604803946
6328,1.1311686874209301
6178,1.1309078490680522
4206,1.1306551734190107
2659,1.1300995184922356
2830,1.1297904589564063
7375,1.1295508900269573
3497,1.1290776959185476
4771,1.1287153973622643
9044,1.1285835668429562
3105,1.128435796037192
8255,1.1281345272375451
3513,1.128134375087102
8338,1.1281333206492417
2292,1.1274381488415874
7634,1.1269611168635636
9832,1.1269026332728846
4019,1.12650239550524
2987,1.1257338188135058
3437,1.1253540796636687
6159,1.1251836055974969
3771,1.1251709438660842
3202,1.1249554614466122
6999,1.1248505993336269
4540,1.1247859734196495
7916,1.1247478922840248
5461,1.1245753997156465
8182,1.1244807261982948
7806,1.1243254364807933
2597,1.124170633917267
3420,1.1239624911052317
7679,1.123745761881075
9031,1.123435170421245
7446,1.1233554997680364
3529,1.123120781060652
9347,1.1231001375494496
2796,1.1229792007505248
4443,1.1229519636790275
5816,1.1225649678224934
2425,1.1225153483638477
3741,1.1223431456574446
4556,1.1223267434117103
9467,1.1222290330399165
9558,1.1222199551112018
3465,1.122192529026821
7476,1.1219505260468217
3954,1.1216899292690268
9610,1.1211716977989203
2053,1.1204992028956187
9366,1.1203210566444664
9675,1.1201209522689601
3501,1.120101815325979
8285,1.1200171032751751
6193,1.1196897876889562
4438,1.1195823998490386
9537,1.1194966825498793
3103,1.1192089869416015
3712,1.1191649592108324
7199,1.119129769853226
5542,1.1191199487688959
6850,1.118937994642318
2198,1.1187509332295087
9036,1.1184219561593418
4572,1.1182332776402215
4299,1.1181860802264092
7309,1.118161920669834
7739,1.1181563579884906
9746,1.1178477616734428
4114,1.1174876813236254
4025,1.117264773736765
2185,1.1172197036350047
2055,1.1166405724335386
2427,1.1166095003760448
9977,1.1165951476152849
3050,1.1164793999055775
2975,1.1164492539106312
8366,1.1161504183416977
6748,1.1157480759407232
3539,1.1156960233644675
6319,1.1156413020954001
3969,1.1155182871516505
9058,1.1154744059727644
6977,1.1153452615158155
2937,1.1148937078459833
5832,1.1147391949869447
7514,1.114696754305844
6424,1.114694262533772
8935,1.1145762755421738
7718,1.1144138363938672
2181,1.1139520643646663
2120,1.113898079693511
7555,1.1136979231176063
9048,1.1133497998391042
6728,1.1133103797145518
6418,1.1128466750784516
6930,1.1127666666666662
5038,1.112559855852298
6652,1.1124936700067343
9511,1.1124397905894157
6345,1.11232142101953
3787,1.1118313834642004
5933,1.1116398153286358
8278,1.1114685761910426
7102,1.1111726259394568
6858,1.1110665260999857
9622,1.111032023976031
4559,1.1110289894667658
9686,1.1109477063126494
8541,1.1109233735894277
5994,1.1105756232115596
6779,1.1101145065532316
7389,1.1100824960338445
9348,1.1100505079166902
6467,1.1093972068645859
6548,1.1093799372811226
5015,1.1092893417359815
3512,1.109130371611728
6222,1.108872399046915
8051,1.1087526673305865
6545,1.1085904166101124
1807,1.108043658058052
5134,1.1076484044119312
7875,1.1076026272395525
2749,1.1072013179990567
3648,1.1071322086780644
9551,1.1070572371674376
3624,1.1068860458912817
2281,1.106737601822509
7315,1.1063988945997592
6838,1.106274211787183
5906,1.1060205424777059
5714,1.1059377477666623
9405,1.1056969614417114
5142,1.1056435813106182
3940,1.1054446640260356
6794,1.1054093527644626
4409,1.1053342310718393
4430,1.1047711925127917
6832,1.1047429769963368
5940,1.1043936092955702
8151,1.1042728145476788
1964,1.1042395759982373
4023,1.1038972227448984
3916,1.10383340447848
6734,1.1036452477200231
7800,1.1035308828362704
8558,1.1033668600406952
3547,1.1032219831552794
6535,1.1029376600127252
1401,1.1029109698587027
9603,1.1028481253250138
8045,1.1027193736666034
7677,1.10266671978855
3184,1.1025595959186067
7487,1.1020500283691044
8181,1.1018558920106083
4480,1.1016348217667076
3011,1.1014385055216247
2206,1.1011088737580732
7719,1.100615427934168
7361,1.1005751619493436
9708,1.1005735604341087
8905,1.0996813901464895
5951,1.099563913081417
3280,1.0993166034272348
3858,1.0992850095390965
6060,1.0991667512752248
3167,1.0990762933721472
2814,1.0989305886610912
2789,1.098651304916548
3480,1.0982238692685513
8367,1.0982042494066104
6028,1.0980211291843036
7046,1.097666607106643
4997,1.0975861248182597
3948,1.0975839838504189
3661,1.097514293527333
2454,1.0971537729869516
7893,1.0970793192393278
7979,1.0969575645468237
6546,1.0968046349106912
6166,1.0967899792106472
6645,1.0967123546377493
6670,1.0965371521657552
1841,1.096512901180945
7879,1.096381560970603
6058,1.0961798256692643
8904,1.0961740814844034
8732,1.0955618634231254
2211,1.0955005976630217
8835,1.0953191576549821
7378,1.0945392535894978
4476,1.094257257329166
3726,1.094146796522341
3293,1.0941116680516207
2792,1.0937650259025153
9636,1.093684050733012
4218,1.0932560805538523
5956,1.0929234044659133
2540,1.0929155990422368
4182,1.0927270959925288
9979,1.09272278263997
7182,1.0927188258673668
5984,1.0926238741470509
3093,1.0926113864796696
8739,1.0923453063714264
2344,1.0919362992143298
7464,1.0918959303484965
6787,1.0918699897583697
6894,1.091799481745842
8343,1.0917681149285625
5187,1.0917151052716834
4960,1.0912697811766487
6230,1.0910268633040034
7229,1.0909353878746073
3692,1.090723766225156
5742,1.0905798456808522
2811,1.0905488377713288
6145,1.0900859488607668
6155,1.0897753887523525
7157,1.0897039942128597
4595,1.0896707033742852
9873,1.0896112047910484
7818,1.0892889913023032
9311,1.0891123478548492
9882,1.089044161258268
9010,1.0888498994505904
4990,1.0888108835596961
6433,1.08832539837165
9959,1.0882080914161618
2904,1.0881655666246344
6376,1.0881532435777221
7774,1.088107509722312
9969,1.0880425017321043
6183,1.0876904007852273
9249,1.0876645663854505
2154,1.0875250391067546
7635,1.0872548749148463
2816,1.087119692976528
9704,1.0869565217391306
6516,1.086751502936917
3246,1.08654665266292
4569,1.0864781648174335
8742,1.0864293943285421
7970,1.0859740966832818
3191,1.0859562179494815
7940,1.085763812067193
9173,1.0855422542397706
8887,1.0855187077506274
5928,1.0851489157737877
8095,1.0851455754397912
6248,1.0847333425864363
4599,1.084659568864704
9854,1.0846118434819
6306,1.0845760020955226
2916,1.0845229238302845
6365,1.0844914211769558
8789,1.0842990390050875
2689,1.084237741516542
2341,1.0841620253520488
2311,1.0841319632090798
9914,1.0837281580411953
5282,1.083641124999389
3546,1.0836069299653992
2762,1.0829059559852203
9021,1.0824827943337043
5990,1.0823995602965826
8013,1.0822967652508155
6634,1.0822362354367945
3252,1.0821408972456399
3800,1.0821187906607554
2715,1.0817532031261718
7208,1.081425716677308
4881,1.081383537629921
4524,1.0811828374928736
1873,1.0807196320040016
7416,1.0807033132258372
6788,1.080492887940172
4452,1.0802240019991292
6297,1.0795205121869267
9319,1.07931433399883
1844,1.0788740672797317
3583,1.0787863481982556
4801,1.0781091996956622
3911,1.077771108700581
9715,1.0775531110454275
6964,1.0773160840621632
3548,1.0772306986826885
9313,1.0769492010456534
5458,1.0769219993927706
7721,1.0764022965328583
3183,1.0762009033426818
9444,1.0759695299826844
1827,1.0757832540010759
3222,1.0753056991036027
7898,1.0747956839598913
6644,1.0746163259222565
9612,1.074522931765932
4375,1.0744392641445697
7918,1.0738701879959343
1960,1.073732837017108
7313,1.0736314834151788
9778,1.0733406387358506
4829,1.0731707317073171
8041,1.0729836372493844
7080,1.072972996724236
2349,1.072891684656707
3297,1.0726242384710665
8387,1.072585146769652
5982,1.0723467145254981
2342,1.0723083520583152
2332,1.071995488824871
4424,1.0719787477272609
4951,1.0718161672057673
4987,1.0718150104332158
6038,1.0717176565500086
7602,1.071547500118929
7353,1.0714403834754522
4397,1.071217175887696
9976,1.0709618008826396
4704,1.0709440709337028
2831,1.0705819523227378
4662,1.0705716698323913
9996,1.0704180421459797
7071,1.0703597297941976
4094,1.0701598704027449
3848,1.0701230306345362
4267,1.0700488032964144
4465,1.070043362840867
7986,1.0696795894264877
2207,1.0694418359103788
7475,1.0692939193841384
4319,1.0690693362957433
4429,1.0687721746539312
9365,1.0684144533604216
7472,1.0683348541634599
5711,1.0681838305929519
6440,1.068174571862525
8898,1.0681085041330185
3680,1.0679269176648907
2338,1.0678614418767591
3816,1.0677922557613715
4044,1.0677478724493028
8143,1.067686778174093
7630,1.0675268134132705
4825,1.067407912781647
5484,1.0673227571861055
8585,1.0673024361952006
4644,1.0671409355606123
6138,1.0668512300097082
9057,1.0667964109256016
5966,1.0666787502371053
5279,1.066138113964201
2498,1.066026132504764
6986,1.065941462471126
5446,1.0658828124268667
4849,1.0658756087375496
7614,1.0658693752074215
2503,1.0658011187612921
2795,1.065661530191689
3141,1.0656007073133054
3891,1.0655818542673996
6744,1.0654515065135515
3482,1.065342179900681
9215,1.0650803212851407
6855,1.0650588951892657
6343,1.0648369070825208
8920,1.0648059105516896
5368,1.064687766783767
3892,1.0645661142303988
1491,1.064516129032258
6287,1.0640574339473132
9041,1.0640521660158024
2599,1.0638188404871578
3967,1.0634138903676102
1789,1.06337588546943
7846,1.0633222535306068
7040,1.0630808670177025
7413,1.063057441974808
9887,1.0629681375399618
8550,1.0626642149327865
9474,1.062573524408709
9256,1.0622566879148272
8944,1.062186253279077
6928,1.061909461297104
4985,1.0617939365074986
3835,1.0617469532064197
7673,1.0612376259047747
7509,1.0612190547149276
9270,1.0610029128014955
3626,1.0608552288790103
2208,1.0607181877708407
4935,1.0606881579317764
7746,1.0603782642089097
6750,1.0601299723868625
5703,1.060116476871439
4047,1.0600796284482767
3177,1.0598334252407098
2935,1.0594691465659207
4341,1.059418309123223
3653,1.0591990911672822
9702,1.0591361069122895
2433,1.0591062766172061
5078,1.0590729746465384
7442,1.058479894229812
7513,1.0584074809318982
9950,1.0580661155235014
7851,1.0578030144442119
7877,1.0577866722988787
4885,1.0574655694299113
5302,1.0567833444232166
7326,1.0565745766555528
3632,1.0565452680031724
8928,1.056433088689084
7266,1.0562598338153832
9064,1.056216736709822
2003,1.0560458230142433
6340,1.0556361247154435
6089,1.0556183385189968
2664,1.0555857861696363
9052,1.0553092073911172
4577,1.055028410688971
8153,1.0549608447532173
9278,1.0548665356911522
2805,1.0544036603410383
4705,1.0539615565352716
4973,1.0537794711090631
6941,1.053069616848094
9818,1.0526578093631376
3672,1.0526297346496716
1420,1.052166222165668
8563,1.0521106332459735
6035,1.05191413091694
5695,1.0518513634187387
3199,1.051567590072002
3640,1.0514215607468824
1994,1.0507858870574165
6762,1.0507731413527757
6278,1.0506624254472674
9060,1.0506341022935066
5355,1.0505039458033336
1899,1.050467383187668
6150,1.050137756193171
2818,1.0500435585953065
1717,1.0500133751373812
4970,1.0499642153533733
4484,1.0496406478942175
6073,1.0496176684177467
8198,1.049492372202998
9408,1.0492973715465717
8570,1.048743818436399
7297,1.048714181375666
3186,1.0486739817780726
1786,1.0483983134164119
7325,1.048374099990467
6523,1.048282984937389
4762,1.0481951110994197
2908,1.0472536918335071
4248,1.0466040795924627
2337,1.0464948279254238
6236,1.0462466307660614
8842,1.0462193653339302
3423,1.045701713028446
4707,1.0455355200269243
6482,1.045286217212471
8008,1.0450237956206094
7678,1.0450006735440585
9716,1.0449570166265387
4629,1.0449219551023552
7515,1.0446521676847078
2612,1.044512775717109
6402,1.0438172797964964
5945,1.0437423381596516
2752,1.0437103737352855
2293,1.043562505085528
7636,1.0434038597125304
2393,1.043172914530896
6537,1.0431533518145162
2883,1.0431419925303969
3113,1.0428841003165328
8289,1.0428612802050805
7097,1.042664744880464
7421,1.0425708341530227
3002,1.042095759327543
6444,1.04185621815535
6412,1.0417095060154808
9946,1.0414493725580232
9475,1.0412620712798086
6557,1.0412158546894437
9637,1.04097328116775
3930,1.0408467912979635
2877,1.0403435654163384
3931,1.0401355610300331
2300,1.0400869224164397
9995,1.0394470206453499
6704,1.03938049397681
9081,1.0391489125472257
4930,1.0389328224863068
2204,1.0389324433630578
7699,1.038282619052764
5909,1.0382507856472263
7545,1.0380910417904612
5217,1.0379883140949018
5942,1.0375760132389702
7443,1.0372557361268586
2224,1.0366709239615433
7953,1.0361856609984812
9414,1.036051474806734
3698,1.035913643974621
5162,1.0357849758019586
1301,1.0354927542209225
9633,1.0352133611030194
9856,1.0351289766889862
7508,1.0348513039020482
1853,1.034675498062772
3024,1.0346583413664374
3836,1.0345498496549355
9687,1.0344462960340548
2747,1.0343661732045617
2229,1.034255570744204
2479,1.0339716080712251
9008,1.0339463748978863
2209,1.0337082578067813
3421,1.033031854295428
6092,1.0330265803089438
3382,1.0327727961446278
8462,1.032703032312405
1821,1.0325737664563548
3976,1.0325702620106216
3137,1.0325022939367106
5395,1.0320545290056755
4012,1.0319231731956753
9849,1.0318741921165786
8551,1.0317061952128763
9744,1.031643243237976
2437,1.0306073745367827
9257,1.0305533831923344
9896,1.0303219849461926
4360,1.0300100653793083
7847,1.0296809580815818
5261,1.0296460785846466
4957,1.029636564503286
3160,1.0293278209092291
3537,1.0288614159163858
3276,1.0287083745404133
6157,1.0285893698700241
3407,1.0284890574799683
7480,1.028479938988917
6091,1.0284646490677385
4528,1.0278327179369025
3652,1.0277847450714126
1757,1.0271882773631842
4310,1.026790447153781
8105,1.0267806267806268
4615,1.0264903867306086
7822,1.0264216975778544
2170,1.0263003184492125
4102,1.0260076069165533
6147,1.0260025620953572
3161,1.0259589897208534
6741,1.025831170452982
7915,1.0257595496218392
6502,1.0255850605714234
1826,1.0254691973680343
9853,1.025433591496307
7833,1.0253777290917243
8945,1.0253273320282783
3925,1.0253091414668947
6197,1.0252512752867502
3557,1.0247124179251172
2378,1.0246904274520274
2907,1.0246147861978196
9713,1.0243577005680027
7883,1.0240281382239198
9635,1.0239335547691728
2668,1.0237707328084116
8700,1.0236228747495026
3417,1.0235175495582545
7938,1.0234760960595495
3140,1.0233149508350894
9640,1.0233015944301247
2169,1.0232829379435113
1897,1.023069636563637
7516,1.0228092912757336
7872,1.0228040989438183
3802,1.022635311521058
1850,1.0226102321809765
3447,1.0224258276271325
6925,1.0224071680007567
6566,1.0224000696742592
8886,1.0222036480911891
3360,1.0221490916703315
9287,1.022064952561466
2653,1.0220264433194064
4929,1.021949153155232
6664,1.0216700721883838
9843,1.0216196658724914
7791,1.0215822617109214
7183,1.0212889390620368
4813,1.0212378454957496
2268,1.021163081448576
9161,1.0209580838323353
3040,1.0207332530025566
9997,1.0204750507536469
5941,1.0204513923158285
4745,1.0201719983983588
7356,1.020058224010838
4625,1.019976701405139
8283,1.0197164915074972
5027,1.0195030476147637
5998,1.0193728294487638
6864,1.0190200643951972
3847,1.0189545708110206
7196,1.0188430260824102
4667,1.0183356316372074
8365,1.0179641367494865
8066,1.0178772080746077
4071,1.0178627476493567
6090,1.0172650919545103
7902,1.0171817582532323
3670,1.016911797891997
5838,1.0167946916752948
4531,1.0165453220160543
4845,1.0164129813520872
2694,1.0160086681825813
6471,1.0158355567081494
7062,1.0158174305361316
2391,1.0157729821683898
3261,1.0156341972015708
6337,1.0156308956687097
5491,1.0154987884628974
4635,1.0151345133664518
7897,1.0150994745852557
8203,1.0148912606710707
6267,1.014702694466971
3723,1.0146807833189968
8056,1.0144430285254646
8086,1.0143579924780834
9533,1.0138964339614904
6188,1.01354303100514
3918,1.0134381132794286
5819,1.013038018574243
6472,1.0128044616319318
8138,1.0125571610094033
6045,1.0122963643786536
2911,1.0118918447081842
1377,1.0118680667736017
1376,1.0118515573337952
7419,1.0117922785522062
6618,1.0116879457784491
1820,1.0116610048036176
6770,1.0113340932418133
2882,1.01131983030454
3159,1.0113164485970145
7559,1.01124953543108
7896,1.0112156910837653
3096,1.0110329590048872
4287,1.0108616979376779
8155,1.0104233399244946
4588,1.0100835795666256
7490,1.0100512278266394
8144,1.0098545946126631
6125,1.0097139288495696
7596,1.0095981001372498
4324,1.0095040094318455
6567,1.0094233800896015
3028,1.009023541887469
7722,1.0089916794525398
3059,1.0087675936743308
6994,1.008389830290418
1379,1.008327654642009
6996,1.0081216803516007
4928,1.0078697892071746
7022,1.0076464456952259
4912,1.0073957693583822
3092,1.0068198449828483
3968,1.0066705883295985
7951,1.0066552387607302
5301,1.006454952456889
9672,1.0064467625782483
1981,1.005628527726078
3839,1.0052061357531417
9993,1.0051771994424183
6615,1.0048340210582651
7647,1.0046367896558372
6904,1.004632109691687
3306,1.0043828303078914
4192,1.0043730142982772
7640,1.0042760065340404
7048,1.004233660071325
4645,1.0042228029357396
3461,1.00389394067138
8089,1.0037940290919358
7073,1.003723409720737
5962,1.0035677187506395
9441,1.0035473501806709
3687,1.0035272806506037
2693,1.0034629741440262
3524,1.003244334238402
9285,1.0030833445659617
6654,1.0030776675453883
3172,1.002915977301091
4125,1.0020867826791882
9147,1.0015042094587465
8518,1.00133599275462
3668,1.001246184808275
2922,1.0010822966727686
9367,1.000886666106106
2819,1.0004017521028978
4013,1.0001327515833542
4317,1.0000006260232823
