Symbol,ValueHiritsu,Close
8699,5.348214285714286,1008
1518,5.196531791907514,2768
7040,4.756820877817319,843
1605,4.261016949152542,2065
5363,4.026785714285714,336
6060,3.9698795180722892,996
8152,3.91004623791509,2379
6943,3.8749502982107358,5030
6797,3.8502738892270236,1643
5408,3.829329962073325,791
8071,3.8247619047619046,3150
1771,3.7714285714285714,700
9852,3.7699266503667483,4090
9428,3.7602094240837696,955
4629,3.698557327258922,1317
1879,3.669740150880134,1193
8281,3.6625766871165646,978
2137,3.6483103879849814,799
7808,3.6248788368336027,3095
4360,3.624373956594324,599
5979,3.5995288574793873,4245
7887,3.598330241187384,5390
3948,3.5965848452508005,937
7298,3.590778097982709,1388
5971,3.5678449258836946,4385
4624,3.560782967032967,2912
6513,3.5235772357723576,1230
6360,3.515951595159516,2727
6063,3.5064102564102564,780
8078,3.482271147161066,4315
5958,3.475862068965517,2175
5993,3.4554579673776664,797
5921,3.454365733113674,3035
5753,3.4499221587960562,1927
5816,3.43142144638404,802
1758,3.43114672008012,1997
6898,3.40258064516129,1550
5658,3.4,305
3352,3.3936507936507936,1260
7841,3.3891820580474934,758
2344,3.3891102257636123,753
7050,3.3855855855855856,1665
8230,3.380281690140845,355
9867,3.3686924493554327,5430
8135,3.357142857142857,280
3583,3.3499406880189797,843
8917,3.341530054644809,1098
5280,3.336675020885547,1197
7879,3.335227272727273,1232
7614,3.3320095313741063,1259
7460,3.3302622253720764,1411
8046,3.3167701863354035,2415
3020,3.3155631986242478,2326
6137,3.3073103448275862,3625
7551,3.2887096774193547,620
7444,3.265039727582293,1762
7219,3.262724188075618,2063
6743,3.2603406326034063,411
9127,3.259171597633136,1690
1869,3.254593175853018,1143
8935,3.24591573516767,1163
9782,3.219227967953387,1373
7983,3.2115853658536584,1640
8023,3.206636500754148,663
7218,3.199011124845488,809
7999,3.1954887218045114,1995
6343,3.185185185185185,108
3954,3.1800346220427005,1733
8881,3.1474747474747473,495
3772,3.143642072213501,1274
3504,3.128260869565217,920
7425,3.104406779661017,2950
1999,3.1043698085951608,2769
1966,3.1030502885408078,1213
3321,3.098933074684772,1031
8029,3.0950704225352115,1988
9768,3.0870907967881407,1619
6964,3.0701107011070112,542
8772,3.0591805766312596,659
2975,3.0540098199672667,611
6497,3.0492307692307694,975
3766,3.046174142480211,758
7485,3.037805907172996,11850
1739,3.0369897959183674,784
3055,3.0362116991643453,718
2309,3.0330769230769232,2600
3445,3.0303030303030303,2475
9691,3.028054298642534,2210
5906,3.0256410256410255,390
6505,3.01980198019802,909
5356,3.01,600
5563,3.0073260073260073,273
6973,3.0052015604681404,2307
3537,2.995889003083248,973
7705,2.9957264957264957,2340
9906,2.9929046563192903,2255
3435,2.9893790849673203,1224
3355,2.986754966887417,906
4365,2.977498252969951,14310
8085,2.9736220472440946,2540
3892,2.967,1000
3106,2.958660603555188,2419
5956,2.957642725598527,543
6748,2.952577319587629,485
6599,2.94083885209713,2265
1867,2.9403832505322924,1409
6824,2.937893789378938,2222
3482,2.9349951124144673,2046
6894,2.9335483870967742,1550
7175,2.9294685990338163,1035
6890,2.9292035398230087,2825
1827,2.928205128205128,390
9404,2.9269296740994855,1457.5
6643,2.914655942806077,2238
5644,2.912926829268293,4100
7461,2.9054545454545453,550
5951,2.9038189533239036,707
3254,2.9029714978775014,1649
8995,2.902621722846442,801
6623,2.896935933147632,3590
9402,2.8922056384742953,603
4992,2.8905742145178763,923
6101,2.8898916967509027,1108
1770,2.8876508820798517,1077
8934,2.886456908344733,1462
4627,2.8848870056497176,1416
6484,2.872043662825955,1649
3513,2.8603916614024003,1583
6997,2.8592644978783595,1414
6142,2.85752688172043,1488
1777,2.8555133079847907,526
5078,2.8435022406066874,2901
5900,2.8431876606683804,778
3765,2.839511556912342,2293
3143,2.838479809976247,1263
4242,2.8303229337712095,1827
9478,2.83,300
5458,2.8268733850129197,774
1662,2.823505572441743,4935
3297,2.822495606326889,1138
6874,2.82079243911305,2751
6091,2.8111332007952288,503
9845,2.8024390243902437,820
6489,2.7993562231759657,932
5757,2.796413793103448,3625
5461,2.7896341463414633,1968
6393,2.788273615635179,2149
8145,2.7844112769485903,2412
1972,2.7762962962962963,4725
1909,2.7703056768558953,2290
1847,2.770004572473708,2187
1798,2.763103448275862,2900
2795,2.7617135207496655,747
3375,2.7605820105820107,1512
7087,2.759049773755656,884
4094,2.7508561643835616,1168
9359,2.73850197109067,761
3294,2.7357723577235773,1476
4238,2.7305516265912306,1414
7228,2.721794871794872,3120
8037,2.718319107025607,1523
3469,2.716417910447761,402
3131,2.710379981464319,2158
6365,2.707799442896936,3590
2999,2.7016129032258065,372
7902,2.6977025392986698,827
7120,2.6967455621301775,2028
5464,2.692974238875878,4270
5962,2.6920903954802258,1416
9407,2.6900596421471175,5030
3177,2.686779661016949,2950
5542,2.6815742397137745,1118
6480,2.6792792792792794,555
1430,2.6760752688172045,744
2153,2.670670037926675,1582
6336,2.667590027700831,722
7211,2.666930850009907,504.7
7354,2.6651982378854626,454
6045,2.6625,480
5969,2.658641444539983,1163
1850,2.654320987654321,324
7435,2.6444866920152093,1052
8925,2.643979057591623,382
9312,2.6328125,1792
1716,2.6321656050955413,1256
7871,2.628032345013477,742
1788,2.6247226624405706,3155
5922,2.6225616921269097,8510
6356,2.6214442013129102,457
9780,2.619743406985032,2806
3953,2.618150684931507,584
9408,2.616083009079118,1542
3420,2.6135849056603773,1325
3161,2.613533834586466,665
4761,2.6120283018867925,848
1828,2.6103108415466263,1319
7377,2.6100334448160534,1495
2917,2.6083608360836084,909
7565,2.6065625,3200
3799,2.6043795620437957,685
5401,2.6039264568401372,3209
9409,2.6038415366146457,1666
6257,2.6016460905349796,1215
7521,2.5983425414364643,1810
9885,2.596658711217184,419
3322,2.596296296296296,540
2814,2.5939933259176864,1798
3386,2.5898520084566594,946
3388,2.5875179340028693,1394
9248,2.5847851335656213,1722
6445,2.5841584158415842,707
6542,2.583431952662722,845
9820,2.5814814814814815,2430
7446,2.581267217630854,3630
1997,2.573153409090909,1408
8923,2.5726315789473686,1900
6295,2.569023569023569,297
7971,2.5675675675675675,333
5480,2.5586550435865503,4015
7297,2.5584415584415585,924
1844,2.5580110497237567,181
5184,2.556836902800659,3035
1934,2.5555555555555554,954
9647,2.555495978552279,3730
7417,2.553440702781845,2049
8014,2.5511064278187567,2847
5283,2.549914821124361,2935
3944,2.5439244663382596,2436
6346,2.5421875,4480
2788,2.5411255411255413,462
5966,2.541087231352718,2373
1866,2.53741935483871,3100
1799,2.5351149782473588,1609
9827,2.5334608030592736,523
7472,2.5302100161550887,3095
9715,2.5298076923076924,3120
2498,2.5289320388349514,2575
9856,2.5285714285714285,1120
2449,2.5283018867924527,1060
4834,2.528198908429351,1649
6335,2.5254237288135593,472
6342,2.524126455906822,3005
3952,2.5220973782771536,1335
4611,2.5217853347502657,941
5217,2.5183030303030303,4125
3176,2.5176,1250
4685,2.5159922928709055,2595
6863,2.5132743362831858,1243
2481,2.5130168453292496,653
8147,2.506734006734007,1188
7989,2.501032346868548,1453
8084,2.5008064516129034,2480
7539,2.49955713020372,1129
4224,2.4993243243243244,1480
6734,2.4992458521870287,1326
3512,2.492822966507177,418
5819,2.489864864864865,1480
8138,2.489001692047377,2955
9233,2.488320355951057,899
6518,2.4840474020054693,1097
7501,2.4833997343957503,753
7928,2.481818181818182,550
7509,2.47987987987988,3330
7246,2.4775641025641026,624
3245,2.4755614266842803,757
6912,2.4751830756712776,1229
9074,2.4748201438848922,2919
9357,2.4730737365368682,1207
7347,2.4688741721854304,755
4976,2.466236559139785,2325
8159,2.4661682242990652,2675
3024,2.465333333333333,750
6804,2.463176064441887,1738
7885,2.462111801242236,805
8928,2.458720330237358,1938
8066,2.457221081451061,1461
3291,2.456944160359992,2444.5
7713,2.455739972337483,1446
6158,2.453476983349657,1021
9687,2.44986344127975,2563
7718,2.448844884488449,1818
4112,2.4459770114942527,3045
9471,2.444541484716157,1145
1980,2.4442075337597724,1407
4556,2.4325358851674643,1045
1948,2.431781376518219,4940
7857,2.4310872894333846,1306
8877,2.421639344262295,3050
1965,2.4204973624717407,1327
2792,2.4179586563307494,1548
9882,2.41743648960739,1732
8040,2.416393442622951,915
5990,2.414871794871795,1950
6877,2.413369713506139,3665
4491,2.4128686327077746,1492
1832,2.4123867069486407,662
7863,2.404469273743017,895
2483,2.403804347826087,1840
3943,2.3991270611057227,2062
5446,2.397590361445783,1494
2754,2.394431554524362,431
2349,2.393529411764706,1700
6493,2.3915857605177995,309
1775,2.3896216216216217,4625
9384,2.3887277248238705,2413
6989,2.388059701492537,1340
3136,2.382905982905983,585
6637,2.382477341389728,1655
4659,2.3808219178082193,2190
9753,2.3804780876494025,1004
6835,2.38,100
6675,2.3792656587473,2315
7624,2.3776223776223775,143
2415,2.3763654419066533,1007
1968,2.3747836835599507,4045
4957,2.374781085814361,571
6038,2.3735099337748347,755
5423,2.371590909090909,1760
6648,2.3691993880673126,1961
7434,2.367369589345172,1802
6150,2.365648854961832,2620
6316,2.3638151425762044,2034
7609,2.3616055846422337,2865
8137,2.361009174311927,2180
8572,2.3590633130962706,345.9
7164,2.3581932773109244,4760
8061,2.3553181607059916,2153
6267,2.354814814814815,2700
6617,2.3525641025641026,2028
4628,2.3512091038406826,7030
1949,2.350787401574803,2540
2902,2.348178137651822,1482
7955,2.3469985358711565,683
9213,2.3402843601895733,1055
5821,2.3384831460674156,1424
2425,2.3366058906030855,713
9857,2.33368700265252,1885
5928,2.331081081081081,296
1911,2.32988248461108,3574
2185,2.3293233082706766,1330
9799,2.3293172690763053,1245
7804,2.3247381144238517,1241
9274,2.3244094488188978,635
6392,2.322767857142857,4480
9776,2.321036889332004,1003
5079,2.318244170096022,2916
6492,2.3172541743970316,2695
4247,2.312937062937063,1144
5367,2.3127272727272725,550
3816,2.3113590263691686,986
6151,2.3107438016528925,1815
1921,2.310344827586207,580
6417,2.309380312161953,6471
5612,2.309090909090909,1045
5451,2.307362784471218,3735
1899,2.307042253521127,4970
1904,2.306808510638298,2350
5909,2.3057395143487858,906
7670,2.3055181695827724,743
6331,2.301899827288428,2895
4997,2.3016666666666667,600
8141,2.3000890471950135,1123
8291,2.2989010989010987,455
4102,2.297872340425532,1363
5282,2.297658862876254,299
6516,2.2974619289340104,5910
7952,2.2922470433639948,3805
4301,2.2906436629064366,1507
1952,2.2905783582089554,2144
4930,2.2854528819762123,2186
2693,2.2813688212927756,263
2168,2.281228192602931,1433
7466,2.280399777901166,1801
5983,2.27625,5600
9193,2.2761578044596913,583
4752,2.2751824817518247,1370
1826,2.270799347471452,613
2332,2.2680497925311203,1205
7399,2.2645403377110696,533
6463,2.2590529247910864,1795
7419,2.255994358251058,1418
6018,2.2559872272485366,1879
5237,2.255757575757576,825
5992,2.2545454545454544,715
7673,2.2513416815742398,1118
7634,2.251091142490372,3895
4577,2.2492276004119462,1942
5304,2.2423402617398,12990
7292,2.2421875,3840
7823,2.2391857506361323,786
3947,2.23815877251501,1499
7643,2.229940119760479,835
5697,2.22803738317757,535
6023,2.2275449101796405,835
3384,2.2264150943396226,530
2961,2.2255172413793103,2900
3426,2.22,1250
9996,2.219607843137255,1530
2737,2.2194528875379937,4935
7296,2.214483139856274,1809
6239,2.213861386138614,1010
4464,2.212481426448737,1346
3442,2.208287895310796,917
2009,2.2057142857142855,700
4120,2.202,2500
6125,2.2015597920277297,5770
1811,2.200267737617135,3735
6161,2.198963730569948,965
8052,2.1987108655616945,5430
9070,2.1984547461368655,4530
8225,2.1970010341261634,1934
5357,2.1948051948051948,1463
7202,2.192218350754936,1722
1938,2.1921182266009853,1218
6193,2.1878121878121877,1001
3768,2.1864406779661016,531
4022,2.186186186186186,1998
5984,2.186013986013986,715
6379,2.1843971631205674,1410
6337,2.1784269662921347,2225
2497,2.1766004415011038,906
6496,2.174029451137885,2988
3173,2.1733333333333333,750
1762,2.1702371843917367,2614
1810,2.1701846965699207,758
3264,2.168,125
3562,2.16794731064764,911
9791,2.167741935483871,1085
5957,2.163265306122449,588
1723,2.162901307966706,4205
5959,2.1608695652173915,690
8074,2.159416767922236,4115
7800,2.1592649310872893,653
9767,2.158857142857143,1750
3284,2.154639175257732,1067
7991,2.153020134228188,1490
3089,2.1530008453085374,1183
3970,2.152941176470588,1190
1905,2.1523642732049035,1142
4642,2.1513227513227515,945
6265,2.1508347725964305,1737
7102,2.1507974867085546,2069
8871,2.149157581764123,2018
7559,2.1491166077738515,1415
9066,2.143312101910828,2512
2997,2.1416083916083917,572
4783,2.1385281385281387,924
6745,2.1379710144927535,1725
6785,2.1377245508982035,1169
6794,2.1371681415929205,904
4676,2.1357166501158558,1510.5
1807,2.1324884792626726,2604
9414,2.130925507900677,886
9709,2.130325814536341,798
4229,2.1272727272727274,3135
7242,2.1256410256410256,4290
5803,2.1244573082489144,1036.5
6905,2.123488773747841,1158
1982,2.122961657117673,2269
3597,2.1201015228426394,9850
1400,2.119047619047619,84
4028,2.1187410586552216,1398
6309,2.117212249208025,2841
8869,2.1162185602775367,1153
6969,2.1152073732718892,651
7599,2.115124153498871,886
8747,2.110900473933649,1055
6249,2.1104234527687296,3070
3490,2.108759842519685,2032
9932,2.105724838411819,2166
3489,2.105703422053232,1315
3497,2.1023720349563044,801
8131,2.1022120518688023,1311
3288,2.1013460015835315,5052
4433,2.1008,1250
9036,2.1,930
2221,2.0970703125,5120
4243,2.0967351874244256,827
6325,2.096069868995633,458
5632,2.095800524934383,1524
8127,2.090909090909091,297
7723,2.0903880070546736,2268
8005,2.0891304347826085,920
7537,2.0863895680521596,1227
7610,2.0863309352517985,139
2689,2.0855039637599093,1766
7058,2.082638888888889,2880
4216,2.0784615384615384,3900
4800,2.078104993597951,781
1443,2.076923076923077,208
1738,2.0720887245841033,541
5121,2.071969696969697,1320
1888,2.0719298245614035,2850
1945,2.0716510903426792,963
3843,2.0696378830083564,1077
9367,2.06721536351166,729
8006,2.0646203554119547,3095
2715,2.064306784660767,1695
9405,2.0640625,640
9534,2.063875701337937,2317
5911,2.063854047890536,2631
2883,2.0632183908045976,1914
7456,2.062573789846517,2541
5834,2.0622895622895623,2376
9628,2.062022900763359,1048
8065,2.061778682959946,1473
3817,2.06094674556213,3380
1768,2.060924369747899,952
7820,2.056625141562854,883
3333,2.0557677616501144,1309
9991,2.0542797494780793,958
6083,2.051266586248492,1658
1736,2.0492245448415374,2966
6419,2.0476384364820848,2456
6307,2.0463215258855585,367
9698,2.0434782608695654,897
6247,2.042311661506708,969
8045,2.0421179302045727,831
6633,2.0417827298050137,359
6517,2.0395731436193865,2249
9995,2.039080459770115,435
5471,2.037452565583237,6061
5602,2.03739837398374,3075
9742,2.037341772151899,1580
7510,2.0332425068119893,1835
5945,2.030867792661619,1717
4705,2.0305164319248825,852
8157,2.0304428044280445,2168
9888,2.0301151461470326,1129
5936,2.028735632183908,696
7628,2.027700831024931,1805
7081,2.0263959390862945,1970
9476,2.024793388429752,484
1450,2.0205415499533146,2142
6763,2.0204813108038913,1953
3138,2.018791946308725,745
3361,2.0175182481751825,685
1808,2.0168799346583173,1836.5
4231,2.0145118733509233,758
5484,2.0142045454545454,1760
7112,2.0140845070422535,639
8154,2.010891089108911,6060
3246,2.01001001001001,999
6834,2.0098859315589355,1315
7488,2.009550338241146,2513
6345,2.00794551645857,881
6507,2.007705008255366,1817
1814,2.006225680933852,1285
9361,2.004940014114326,1417
7235,2.0031595576619274,633
6626,2.003058103975535,1962
6960,2.002836879432624,5640
6248,2.002495840266223,1202
6938,2.0,317
6932,2.0,1141
6371,1.999195710455764,3730
7134,1.998463901689708,651
5388,1.997920997920998,962
4977,1.9957627118644068,708
5071,1.9946351931330473,932
8097,1.9941822882999354,1547
3236,1.9935897435897436,156
3912,1.9931129476584022,726
1976,1.9910071942446044,1112
7283,1.98984375,1280
4725,1.9897318881916715,1753
2982,1.9881422924901186,253
9651,1.987603305785124,968
6144,1.9861212563915267,1369
9232,1.9860494610019024,1577
9028,1.9859451862262825,1423
3934,1.9845594913714806,1101
2156,1.9838187702265373,309
6081,1.9811912225705328,319
3252,1.9800697558545093,2007
6789,1.98,3400
7607,1.9794979079497907,2390
6159,1.9784283513097072,1298
5576,1.9753397081026673,1987
1436,1.9749058971141782,797
7483,1.9740509370494954,2081
3636,1.972961373390558,4660
6870,1.9714285714285715,1610
7937,1.9711367673179396,2252
5187,1.9705549263873159,883
8118,1.9702127659574469,705
6103,1.9685652038593215,6426
4095,1.968476357267951,1142
6482,1.9682299546142208,661
7833,1.9669421487603307,605
3242,1.9667519181585678,391
7272,1.9666666666666666,3720
3184,1.9648148148148148,2700
8890,1.9634069400630916,3170
7464,1.9631645569620253,7900
6165,1.9598108747044918,423
8742,1.9576271186440677,236
4275,1.9562955254942769,961
5284,1.9525666016894088,1539
8908,1.9504950495049505,707
5695,1.949433304272014,2294
7467,1.9464692482915718,4390
8887,1.9460847240051349,779
5943,1.9453755431409063,1611
4262,1.945054945054945,819
2806,1.9388920616790406,1751
2654,1.9382022471910112,356
6229,1.9376876876876876,1332
1941,1.9374212515749685,2381
4728,1.937411095305832,703
2152,1.936762225969646,1186
6848,1.9343148357870894,883
7305,1.9338788870703765,3055
6192,1.9333333333333333,90
7927,1.93173198482933,1582
5997,1.9303079416531606,617
9401,1.9296845305967312,2631
8032,1.9294505494505494,4550
1663,1.929157667386609,2315
3465,1.9282710280373832,4280
5262,1.9276018099547512,884
6230,1.9255384615384616,3250
7442,1.9252873563218391,348
7781,1.919068736141907,902
5445,1.9180327868852458,3660
5393,1.9168316831683168,3030
1376,1.9163120567375886,1410
8707,1.9137635636778982,1751
2003,1.9111578947368422,4750
6381,1.9110915492957747,1136
4220,1.9104308390022675,882
6850,1.9102865194927197,2129
3172,1.908155767817781,1361
9702,1.9079754601226995,1467
3475,1.906047516198704,926
9441,1.9040767386091126,1668
8043,1.9007695423248279,2469
9068,1.900261096605744,3830
2429,1.8968516984258492,2414
6718,1.8960859023207481,2887
2136,1.895793499043977,1046
3431,1.8956521739130434,3105
4221,1.8943241224794622,2678
9788,1.8942505133470227,974
6340,1.8909682668836452,2458
5903,1.887966804979253,1205
4623,1.8877906976744185,1720
4762,1.8877455565949486,1069
9273,1.8863328822733423,739
9872,1.8821138211382114,984
4401,1.8814102564102564,2496
4044,1.879923518164436,2615
4754,1.8788638262322472,1197
7544,1.8786127167630058,346
1967,1.8770949720670391,895
4008,1.8768,5000
9739,1.8760242251514072,2807
9632,1.8749223602484473,12880
5288,1.8739495798319328,714
7122,1.872948650079407,1889
1926,1.8723514211886305,1935
7039,1.8717948717948718,1599
3238,1.868421052631579,494
5125,1.8674521354933726,679
9059,1.8661087866108788,717
7229,1.8649425287356323,2088
9717,1.8639681486396815,1507
4335,1.8638542665388302,1043
1515,1.8630738522954091,5010
4076,1.8621929298981426,1669
4349,1.862,4000
1930,1.859026369168357,986
9622,1.8584169453734671,897
7739,1.8582474226804124,1940
6349,1.8555743243243243,1184
7681,1.8553253362413669,2751
3436,1.853717607168806,2064.5
3374,1.8534715960324617,2218
3421,1.852168199737188,1522
5659,1.849217935349322,4795
6927,1.8477842003853564,519
7270,1.8455935906773488,2746
1743,1.8447837150127226,1179
3300,1.8444730077120823,778
6339,1.8439922480620154,1032
9413,1.8435140700068635,2914
7925,1.8432397126061397,1531
5965,1.8419811320754718,848
6250,1.841767640769779,1403
8072,1.841297676457694,2281
4212,1.8412121212121213,2475
2991,1.8396584440227703,1054
6540,1.8373362445414847,916
4674,1.8365906623235613,1842
1776,1.8356435643564357,1010
6882,1.8351477449455678,1286
9605,1.8313947226709746,18570
2763,1.8312,1250
5290,1.8295292439372326,1402
4298,1.829192546583851,1288
4595,1.8286189683860232,3005
9085,1.8279411764705882,3400
7370,1.8274881516587678,1055
2122,1.8272251308900525,955
1950,1.8269134567283642,1999
3328,1.8265171503957784,1516
7533,1.826001955034213,1023
8117,1.8240928882438316,3445
4625,1.82406015037594,665
7727,1.8238095238095238,420
2436,1.8237410071942446,556
3670,1.8233766233766233,1540
3458,1.8230031948881789,1565
4694,1.8216672529018643,2843
7505,1.8213523131672598,1405
1786,1.8187311178247734,331
3847,1.8181008902077151,3370
4450,1.8140116763969976,2398
6644,1.8130990415335464,626
7949,1.8113866573524275,2863
5946,1.8111527647610122,2134
2730,1.8093959731543625,1490
6674,1.808852330591461,2553
2540,1.8083604777415851,1842
1942,1.808058608058608,1365
5970,1.8078902229845626,1749
8051,1.8060453400503778,1191
8850,1.8040703690927906,2899
4116,1.8033682294037323,2197
7538,1.8032786885245902,305
9729,1.8032614413466597,1901
9908,1.8031368307193076,1849
9625,1.8031145717463848,899
8059,1.8020100502512564,1990
5368,1.8015607580824973,897
3955,1.7982532751091702,1145
4097,1.797452229299363,785
2385,1.796116504854369,206
8103,1.7951070336391437,654
4093,1.7929736511919698,1594
5440,1.7924345295829291,2062
6566,1.7916666666666667,840
7600,1.7903682719546743,706
1964,1.7894736842105263,2090
8081,1.7886740331491713,1448
4848,1.7884719956498096,1839
6382,1.7881355932203389,944
9412,1.7876106194690264,678
7513,1.7873651771956858,649
5991,1.7859618717504333,1154
4430,1.784888888888889,1125
5699,1.7846846846846847,1110
8704,1.78343949044586,628
4215,1.7828282828282829,594
7953,1.7825,400
9990,1.7798816568047338,845
3071,1.7798165137614679,109
4172,1.778829095209935,1691
7740,1.7779376498800958,4170
3181,1.7750906892382103,827
5982,1.7732718894009216,2170
1929,1.7703488372093024,1032
3849,1.7684729064039408,812
4719,1.7669172932330828,2926
6167,1.764525993883792,654
7552,1.7641129032258065,2480
4620,1.7640449438202248,445
9027,1.7623333333333333,3000
4261,1.762119503945885,1774
9986,1.7594673325010404,2403
3132,1.7594644506001846,6498
6770,1.7579512598099958,1210.5
7131,1.7573710073710074,1628
6840,1.7547892720306513,522
7224,1.754748142031379,1211
3023,1.7546602525556223,1663
3964,1.7542699724517907,1815
4839,1.7530402245088867,1069
9913,1.752988047808765,1255
9685,1.7522603978300182,553
6741,1.7484472049689441,966
6070,1.746756367131187,2081
7414,1.7461263408820025,1678
3933,1.745362563237774,593
1401,1.744954128440367,545
1780,1.744,1250
6677,1.7424982554082344,2866
6647,1.7419745608721986,1651
4317,1.7418478260869565,368
5463,1.7410242872228088,3788
7950,1.7402409638554217,8300
7970,1.7397555715312725,1391
8057,1.7394736842105263,6840
2790,1.738704409363092,1837
6788,1.7384615384615385,3055
3080,1.7375745526838966,503
4886,1.7365236523652365,1818
4662,1.7344689378757514,998
8007,1.734375,960
4645,1.734,500
9696,1.7335984095427435,1509
2305,1.7335285505124451,2049
5660,1.7327102803738317,1070
6135,1.7322862129144851,5730
2735,1.7317518248175183,548
5941,1.7310769230769232,1625
6670,1.7300177619893429,1126
4287,1.7284345047923322,313
3918,1.728301886792453,1060
3891,1.7281993204983013,1766
4832,1.7266770670826832,3205
8893,1.7248322147651007,596
6875,1.7246192893401016,3940
6246,1.7244002340550029,1709
2408,1.7241379310344827,580
7438,1.7228496959165942,1151
4027,1.7226480836236935,1435
7980,1.721862871927555,773
9101,1.7217753120665742,3605
4437,1.7215909090909092,528
9249,1.7203539823008849,1695
1766,1.7200748129675811,8020
7343,1.7187196896217265,1031
7525,1.7187134502923977,3420
7894,1.7179616548940464,1982
5410,1.7158381502890174,4325
8927,1.7155963302752293,218
8218,1.7147385103011092,3155
3347,1.7142857142857142,259
7567,1.7129186602870814,418
6535,1.7119341563786008,486
4644,1.7119341563786008,972
3050,1.7117194183062447,1169
3758,1.7113095238095237,336
9260,1.7086460032626427,6130
8060,1.7082435344827587,3712
7299,1.7070938215102975,4370
4955,1.706355003652301,1369
5011,1.7063389391979302,2319
4334,1.7060185185185186,864
2148,1.704356846473029,964
9934,1.7037617554858935,3190
2292,1.7035658914728682,3225
1946,1.7023809523809523,4200
6373,1.702331961591221,729
4299,1.7018450184501845,1355
6033,1.7017411052233156,1321
2108,1.7000524383848978,1907
6330,1.7,640
6190,1.6990654205607476,535
6490,1.6978048780487804,4100
7976,1.697560975609756,1845
1417,1.6970793486689066,1934.5
2121,1.6965904186447993,2317
7605,1.6965714285714286,1750
6622,1.6962962962962962,5400
6459,1.695814648729447,1338
8089,1.693103448275862,1450
9381,1.692918192918193,1638
7921,1.6923721709974853,2386
2169,1.6923525977816696,1713
1718,1.6919213973799128,4580
1992,1.690844233055886,1682
7575,1.6906934306569343,1096
3723,1.6894654088050314,1272
5212,1.6874015748031497,1270
3437,1.6841442953020134,2384
2475,1.684070796460177,2260
7749,1.6833333333333333,2640
2410,1.6820300362506473,1931
7606,1.6818181818181819,1826
7990,1.681455633100698,2006
7267,1.6801692865779927,1654
4182,1.6758839528558478,2206
8732,1.6748251748251748,286
6488,1.6747404844290656,867
4042,1.674731182795699,1860
6853,1.6734693877551021,392
9824,1.673186119873817,3170
4395,1.6728896103896105,1232
9621,1.672322375397667,4715
6820,1.6716814159292035,3390
6823,1.6711009174311926,2180
8022,1.6707828004410143,4535
2376,1.670343137254902,816
7500,1.6694888178913738,6260
4331,1.6688453159041394,918
1853,1.6686746987951808,332
9363,1.6684636118598384,371
7725,1.6679316888045541,1054
6568,1.6679316888045541,1581
5331,1.6660633484162897,6630
1994,1.666023166023166,518
9765,1.665943600867679,922
7981,1.6653108657757119,1721
6654,1.6651705565529622,1114
2480,1.6647272727272728,1375
4171,1.6617940199335548,1505
9470,1.6601156069364162,865
6957,1.66,5900
6485,1.6599568655643422,1391
4183,1.6576045139779432,3899
7940,1.6554487179487178,624
9065,1.6537183215621105,4814
3443,1.6531684698608964,6470
1805,1.6531065088757397,1352
9479,1.6526315789473685,190
9658,1.652132247244849,2087
8215,1.651685393258427,1068
7595,1.6513788098693758,3445
9275,1.6510318949343339,1066
7217,1.649214659685864,955
1795,1.648502994011976,3340
9980,1.6481481481481481,108
6864,1.6480541455160744,1182
9368,1.6479631053036126,1301
5218,1.646341463414634,1312
6363,1.64576802507837,1914
1939,1.6440972222222223,2880
3839,1.6436363636363636,550
6996,1.6429597701149425,1392
6995,1.6427683381682552,2413
6358,1.6425,5200
6287,1.638454011741683,2044
1813,1.637318659329665,1999
6543,1.6339285714285714,560
6915,1.6333683841570277,2853
6707,1.6329588014981273,7209
4463,1.631633714880333,961
9517,1.6311584553928096,751
3302,1.630423685553854,1959
9740,1.6304179566563468,2584
9353,1.6301824212271974,1809
4494,1.627717391304348,736
5976,1.6275303643724697,988
6420,1.6274143302180686,4815
4994,1.6268456375838927,2980
5947,1.6267991775188486,2918
3682,1.6262626262626263,495
8098,1.623696682464455,3165
2491,1.6231884057971016,1242
5713,1.6229036895064686,4174
2294,1.6224737267582863,2474
6203,1.6223118279569892,744
1944,1.6192367085815134,2266.5
8226,1.6181818181818182,220
7986,1.6167664670658684,1336
7619,1.616191904047976,667
6034,1.6159420289855073,1104
3878,1.6153846153846154,637
6136,1.6148272017837235,1794
9902,1.613158937772493,2523
5021,1.6131282418172062,5591
8931,1.6125970664365832,1159
2981,1.6120663650075415,3315
2892,1.6112751677852348,3725
3393,1.6110671936758894,1265
6744,1.6099893730074388,1882
5189,1.6088435374149659,1764
9930,1.6082089552238805,268
6817,1.6077199281867145,1114
2674,1.6076294277929155,1468
3675,1.6046511627906976,688
6474,1.6030808729139923,3895
8945,1.6014957264957266,936
9265,1.601,2000
3974,1.6008230452674896,486
3986,1.6004350978970268,1379
7826,1.6001044932079416,9570
1928,1.5997313633310948,2978
5201,1.5992344497607656,5225
3641,1.5986316989737743,877
9083,1.5972972972972972,3330
9242,1.5969135802469137,1620
6619,1.5961754780652417,889
4743,1.5947955390334572,1076
3950,1.5938176197836167,3235
5334,1.593154761904762,3360
1717,1.5919395465994963,794
9832,1.5907742998352554,1517.5
4534,1.5906202723146747,3305
4551,1.5905027932960893,3580
4041,1.5897880539499036,5190
5930,1.5890410958904109,1387
8155,1.5885093167701863,2576
5273,1.588274336283186,4520
7812,1.5881773399014778,2030
9551,1.588,2000
6994,1.5862068965517242,435
7420,1.5856832971800434,1844
2329,1.5856307435254804,1197
3201,1.5852231163130943,1367
1382,1.5850645704660302,1781
6632,1.5825242718446602,618
6282,1.5804123711340206,1940
3712,1.579527559055118,3175
1835,1.5787508486082824,2946
9344,1.5783308931185944,1366
6080,1.5774134790528234,2196
4540,1.575670325715314,2778.5
3841,1.5746268656716418,938
4284,1.5738498789346247,413
6879,1.5736925515055467,631
9302,1.5721348314606742,4450
6923,1.570566037735849,2650
9763,1.566414040686079,2507
2488,1.5659955257270695,894
7637,1.5655963302752294,2180
6856,1.5654034999370514,7943
6362,1.5652011922503726,2684
6171,1.5638629283489096,321
3657,1.5632911392405062,474
9256,1.5629202689721422,1041
7371,1.5626043405676127,599
4931,1.5608832807570978,1585
1887,1.5572139303482586,603
9025,1.5562005277044855,1895
7846,1.5549295774647887,4615
6405,1.5525793650793651,1008
6919,1.551603498542274,1715
6378,1.551532033426184,718
4658,1.549492385786802,788
9107,1.5473707083876576,4602
4548,1.5468549422336328,779
1719,1.5466666666666666,1050
9955,1.5466195315952276,2263
7185,1.5463483146067416,2848
9022,1.546340023612751,3388
7330,1.5458515283842795,1145
6737,1.5455852156057495,4870
3405,1.5455755156353959,1503
7486,1.5453172205438066,662
3848,1.5446527012127895,907
2335,1.5431425976385105,1101
1301,1.54247311827957,3720
8012,1.5423915437128386,2270.5
2531,1.5421875,1280
5609,1.5416216216216216,925
6013,1.538978494623656,1488
3542,1.537987679671458,487
6498,1.5372585096596136,1087
8018,1.5371120107962213,741
6554,1.5365079365079366,630
9258,1.5363128491620113,358
8844,1.5344827586206897,696
6455,1.530799475753604,1526
4526,1.529438202247191,2225
9162,1.5284552845528456,615
8227,1.528239649949512,14855
6322,1.5275061124694376,1636
6486,1.5270018621973929,1611
5129,1.5269565217391305,1150
5075,1.5265588914549653,1299
7809,1.5248803827751196,2090
7265,1.524505928853755,2530
3539,1.5241691842900302,1986
6547,1.524002704530088,1479
2987,1.5236051502145922,1398
3028,1.5229166666666667,1920
8219,1.5218902015288396,1439
3569,1.5206295193534667,2351
6627,1.5206174200661522,4535
9058,1.519918144611187,7330
4320,1.5179856115107915,556
3666,1.5168,625
9259,1.5167724388032637,1103
6809,1.5163636363636364,1100
8119,1.5160311958405546,2308
3834,1.516025641025641,624
1959,1.515947888589398,4452
6333,1.5148797390949857,2453
8123,1.513770180436847,1053
5351,1.5136334812935954,1577
8144,1.5132450331125828,1208
4439,1.5114810562571757,1742
7646,1.5102661596958176,1315
6111,1.5101253616200578,2074
6777,1.5085976308750477,2617
4671,1.5080684596577016,2045
5186,1.5075445816186557,3645
9055,1.5066413662239089,1581
8070,1.5066026410564226,833
5988,1.5063070900391475,2299
8150,1.5061503416856492,2195
6859,1.504820333041192,2282
5802,1.5033333333333334,1800
7717,1.50277918140475,1979
6458,1.5009619084263177,2599
4664,1.5006747638326585,741
9466,1.4957627118644068,236
9310,1.4954128440366972,654
6407,1.495004995004995,2002
7995,1.4933333333333334,3750
6925,1.4929801324503311,1887.5
6037,1.4927835051546392,485
6432,1.4927400468384076,4270
7917,1.4917771883289124,3770
9467,1.490748898678414,2270
1822,1.4903846153846154,3640
1871,1.4896969696969697,825
3784,1.4879951980792316,1666
9928,1.487741935483871,1550
2692,1.484113475177305,7050
3988,1.4833333333333334,840
3924,1.4827586206896552,696
4012,1.482733284349743,1361
4445,1.4825806451612904,2325
6332,1.481254781943382,1307
1861,1.4811267605633802,3550
7849,1.4804177545691906,3830
9029,1.4803370786516854,1068
7416,1.4801512287334593,529
7254,1.48,400
7916,1.4797779540047582,1261
7745,1.4791086350974931,1795
8075,1.4783001808318263,5530
4726,1.4776913630781825,2443
3538,1.4766201804758,1219
5967,1.4759933774834437,1208
7762,1.4759238521836506,893
7545,1.4757543103448276,1856
2138,1.4751445086705202,865
1384,1.4747081712062258,1028
7608,1.4742785445420326,797
6235,1.473299606520517,1779
4972,1.473132372214941,2289
4521,1.4721624115656722,3251
4018,1.472,750
6668,1.4719495091164094,1426
9976,1.4714518760195758,1226
7726,1.471383147853736,1258
4619,1.47114556416882,1161
3317,1.4703817463799913,2279
2612,1.4688385269121813,3530
9876,1.4679245283018867,265
6351,1.4672268907563024,3570
3035,1.4666666666666666,540
8891,1.4647599591419815,1958
8253,1.4646643109540636,2264
6113,1.4642126789366052,1467
4616,1.4633179114342365,1513
8104,1.463276836158192,531
8700,1.462589928057554,1390
7817,1.4622005988023952,2672
2669,1.4610281923714759,3015
7635,1.4595348837209303,1075
5333,1.4589295177530472,1887
4549,1.4577691811734366,1551
5122,1.4575569358178053,4830
6369,1.4574814814814814,3375
4118,1.4562162162162162,3700
6069,1.4545454545454546,1166
7315,1.454014598540146,685
2437,1.453887884267631,553
4372,1.451797385620915,1224
1925,1.4513232514177694,4232
6319,1.4508196721311475,244
7677,1.4499753573188763,2029
1451,1.4498607242339834,718
4198,1.449748743718593,1990
8282,1.449618320610687,1310
9319,1.4481132075471699,1060
2325,1.4476598785280457,2799
4767,1.4476190476190476,315
2411,1.446808510638298,376
9755,1.4460370994940979,2372
3608,1.445945945945946,814
3640,1.4454725710508922,1513
8158,1.445360824742268,970
3166,1.445095168374817,1366
5204,1.4447619047619047,3150
6199,1.44435548438751,1249
2479,1.4435483870967742,248
6076,1.4427542033626901,1249
7943,1.439670605084139,2793
3467,1.438692098092643,1468
9787,1.43710407239819,3315
4673,1.4365503080082136,2435
1979,1.4361233480176212,4540
6926,1.4360655737704917,305
7523,1.4358736059479553,1076
2374,1.435814455231931,927
8892,1.4342984409799555,898
9639,1.434074074074074,4050
4686,1.4338028169014085,2840
3830,1.4329962073324904,1582
7888,1.4328358208955223,536
6549,1.4317460317460318,1260
7240,1.4315734173890202,1903.5
3981,1.4314627414903405,1087
9818,1.4312080536912752,1192
4193,1.4302884615384615,2080
7187,1.4272727272727272,1980
3991,1.4265025343953657,1381
2384,1.4261555806087938,2661
6293,1.425073457394711,1021
4524,1.4242692648361381,2258
3802,1.424015009380863,533
8630,1.4239987629503634,6467
6724,1.4229156963204472,2147
3452,1.4226044226044225,814
6245,1.4217171717171717,1980
3826,1.4214463840399003,401
7931,1.4182108626198082,3130
6630,1.4175925925925925,1080
2499,1.4169096209912537,343
9037,1.4153047989623866,3855
6050,1.4144945963127782,1573
3671,1.4123422159887797,713
1381,1.410944579993029,2869
7979,1.4107355864811133,2515
3034,1.4091790562378799,1547
7269,1.408496732026144,6426
2602,1.4067796610169492,4130
4078,1.406706327744727,1849
3277,1.405458089668616,1026
5195,1.4047936085219708,1502
7264,1.404692082111437,1364
2461,1.4044665012406947,403
8334,1.4041297935103245,678
7911,1.4037826478534974,3331
2331,1.4035505778625046,839.3
9854,1.4035087719298245,171
9543,1.4034552845528456,984
3495,1.4017796030116358,1461
2107,1.3997873471557682,1881
7872,1.3980738362760834,623
4956,1.3978494623655915,2511
3559,1.3974683544303796,395
7004,1.396694214876033,847
2359,1.3957617411225658,1746
5571,1.3909090909090909,990
8041,1.3897522049559008,2381
5929,1.389041095890411,2190
7459,1.3882924853149685,2468.5
4205,1.38763197586727,1326
8053,1.387589647645775,3207
4206,1.3875370919881305,3370
5302,1.3872582480091014,4395
7675,1.3868421052631579,1900
4174,1.3862987630827783,1051
7128,1.3834289813486371,2788
3276,1.3830935251798562,1112
3449,1.3808647654093835,1087
7482,1.3806672369546622,1169
1721,1.3780568407138136,3026
7313,1.3768677365799669,1807
1724,1.375748502994012,668
2179,1.3755274261603376,711
4678,1.3753280839895012,381
5352,1.37529296875,10240
1841,1.375135135135135,925
6460,1.3742677370362335,2304.5
4581,1.3740588637919233,5844
4496,1.3719599427753935,699
6145,1.371304347826087,2300
5449,1.3712737127371273,1845
3931,1.3695238095238096,1050
2750,1.3678474114441417,734
3153,1.3677269200930955,1289
6164,1.3661119515885023,1322
1963,1.3654054054054054,1850
9364,1.3653972422849638,3046
6278,1.3645021645021644,3465
2296,1.3641866330390922,3965
8011,1.362974319662706,2609
3580,1.3626373626373627,819
8999,1.3624801271860096,629
2053,1.3623326959847035,1046
6730,1.3620596205962059,1845
3969,1.3619909502262444,1326
4045,1.361963190184049,1385.5
1884,1.3611565739225313,1833
4748,1.360385144429161,3635
9386,1.3602731929425156,1757
7455,1.3587786259541985,393
4386,1.3584158415841585,505
6347,1.3583333333333334,240
1892,1.3583333333333334,3600
7899,1.3582766439909297,441
2749,1.3579545454545454,352
3231,1.3562326869806094,3610
2114,1.3561946902654867,904
4295,1.3556910569105691,492
4538,1.3550573514077164,1918
5711,1.3546218487394959,2380
9307,1.35431654676259,556
4951,1.3540414161656646,1497
7092,1.353462157809984,1242
4286,1.3533083645443196,801
4204,1.3530685920577616,2077.5
7080,1.3525449101796407,1336
7360,1.3514792899408283,845
9795,1.3510466988727858,1863
7487,1.3506743737957612,1557
7504,1.350196463654224,2036
6778,1.3493150684931507,730
6364,1.3482849604221636,1895
1514,1.346376811594203,690
8624,1.3459915611814346,711
3645,1.345505617977528,356
4318,1.3438934802571165,2178
4043,1.343447669305189,2274
7508,1.342832469775475,1158
9929,1.342789598108747,423
5923,1.3423510466988728,3105
8173,1.3422436459246274,2282
6533,1.341948310139165,1006
1975,1.3387462235649548,2648
3371,1.3376770538243625,1765
9890,1.3376365441906652,1007
7792,1.3375931842385516,939
7864,1.3373712901271957,1651
6302,1.3373493975903614,3403
1793,1.3372,2500
7975,1.3369565217391304,1012
9895,1.3368506493506493,1232
7014,1.336228287841191,806
6471,1.3356810464092566,795.1
3622,1.3356643356643356,572
8255,1.334282018111255,3865
4356,1.3324937027707808,1588
6658,1.332129963898917,554
1764,1.3310756972111555,2510
3998,1.3298611111111112,576
9678,1.3284253578732106,2445
1981,1.3282548476454294,1444
1914,1.3276231263383298,467
9039,1.3251582278481013,2528
3076,1.324906755076668,2413
8214,1.3247778874629812,1013
5395,1.3245847176079735,3010
4990,1.3232558139534885,430
2796,1.3219814241486068,646
8739,1.3219645293315143,1466
1951,1.3218577460214356,3079
6466,1.321055525013744,1819
6914,1.3198863636363636,1760
4471,1.319506172839506,4050
6357,1.3184306569343065,1096
5805,1.3176910299003322,2408
1870,1.3161993769470406,1284
4107,1.3141009055627426,7730
7514,1.3140676117775354,917
2782,1.313039309683605,2086
4025,1.3121951219512196,3280
4770,1.311864406779661,295
2681,1.3115738886663997,2497
4712,1.3114186851211074,867
4082,1.3111566018423746,977
3763,1.310956790123457,1296
7735,1.3101598040359268,8573
7021,1.309914642153644,1523
3454,1.3087308730873086,1111
3648,1.3072546230440967,703
7570,1.3071729957805907,1185
3676,1.3059936908517351,951
7031,1.305892547660312,1154
4885,1.3057065217391304,736
9790,1.305294780322944,2663
4781,1.3040816326530613,980
6231,1.304,3250
7840,1.303921568627451,1224
7516,1.3037533512064343,3730
7518,1.3037242655563266,2161.5
2924,1.3034238488783942,1694
7463,1.303000968054211,1033
9692,1.3028641072516758,1641
1833,1.3026785714285714,4480
6694,1.302291204730229,1353
7374,1.3009966777408637,1505
2767,1.3003826530612246,1568
7912,1.2996158770806658,3905
3925,1.2995810055865922,1432
9960,1.2989754098360655,4880
3002,1.2989669421487604,4840
4996,1.2986425339366516,1105
6941,1.2981471083660865,1781
5481,1.29656274980016,2502
8860,1.2941176470588236,697
7451,1.2928813559322034,4425
4569,1.2927100723427936,1797
8198,1.2890365448504983,3010
5974,1.2889561270801815,661
9869,1.2885844748858448,4380
6188,1.2883895131086143,534
6366,1.2881844380403458,347
6140,1.2842582106455267,883
3040,1.2826282628262826,1111
6504,1.2817525434853956,6094
7067,1.2812803103782735,1031
4826,1.2807308970099667,602
8898,1.2804532577903682,1059
4323,1.2800361336946702,2214
6291,1.2793053545586106,1382
7222,1.2777777777777777,900
5126,1.2777237354085602,2056
5631,1.2777106005642886,2481
4072,1.2775408670931059,2814
9436,1.2759936406995231,3145
3001,1.2757396449704141,1690
6698,1.2755905511811023,635
2001,1.2751586582048957,2206
6946,1.2745398773006136,6520
3275,1.2736318407960199,804
6134,1.2734607218683651,2355
6899,1.2730555555555556,3600
6327,1.2714097496706191,759
5729,1.2713238131995368,2591
6396,1.271252204585538,2835
6061,1.2704663212435232,4825
5076,1.2694453560879553,1523.5
1878,1.2688958990536277,15850
5101,1.2687224669603525,2951
2317,1.2664092664092663,259
3107,1.265405311577851,2880.5
2664,1.2644351464435146,2390
6988,1.2643622200584226,10270
3359,1.2609649122807018,456
2186,1.260385005065856,987
9837,1.2577946768060837,1315
7261,1.2572601936051628,1704.5
2733,1.25689381933439,6310
7294,1.2563256325632564,909
6454,1.2558958113340373,2841
7278,1.254809579897919,2547
5715,1.2533539731682146,1938
4290,1.2530864197530864,648
2876,1.2524590163934426,610
3852,1.250637755102041,1568
4837,1.2496551724137932,725
6448,1.2491869918699188,2460
2389,1.2486818980667838,1138
3548,1.248110831234257,794
6272,1.247787610619469,1356
3695,1.2476635514018692,2782
7361,1.2468513853904282,2382
3433,1.2455172413793103,1450
1961,1.24466243508367,1733
3553,1.2443820224719102,712
2760,1.2437118437118437,4095
6058,1.2430741733690795,1119
9076,1.2427843803056027,2061.5
3191,1.2418079096045198,1770
7769,1.2415841584158416,2525
7984,1.2409390444810544,2428
4528,1.2398343373493976,2656
6750,1.238938053097345,1695
2984,1.2382978723404254,940
7110,1.2374149659863947,1470
4792,1.2369668246445498,1688
7805,1.2357473035439137,649
7276,1.2356959863364645,2342
7844,1.2354651162790697,688
4979,1.2350557244174265,1974
7183,1.2348484848484849,264
3857,1.2334254143646408,724
7250,1.2315939957112223,1399
3526,1.2309437386569873,2204
4345,1.2289156626506024,664
3148,1.2274193548387098,3100
5013,1.2273008029647932,1619
7966,1.2263443101292204,2399
2180,1.226205191594561,809
6772,1.225,3200
6292,1.2247838616714697,1041
4621,1.2246633593196314,1411
9699,1.221306818181818,3520
6044,1.2210045662100457,1095
5905,1.2199046483909417,1678
7520,1.2191844300278034,2158
3837,1.2176656151419558,1585
9278,1.2176414189837008,1043
9533,1.21735945797473,2730.5
6118,1.2167906482465463,941
9896,1.21656050955414,942
6929,1.2161572052401746,2748
7480,1.2157846715328466,2192
6328,1.2141802067946825,2708
4347,1.2136752136752136,1521
7490,1.2134955752212389,904
7715,1.2131814483319772,2458
3546,1.2131474103585658,1004
9686,1.2119741100323624,1236
4251,1.2115655853314526,1418
3560,1.2108597285067872,3315
6653,1.203125,1088
6073,1.2030749519538757,1561
6998,1.2012396694214875,2420
6042,1.201082431307244,2402
6555,1.2002989536621824,669
9110,1.1979614949037372,4415
7994,1.196969696969697,2178
9769,1.1956841589014222,2039
2986,1.1956769055745164,4395
4109,1.195,3200
6844,1.1939742721733244,2954
9682,1.1938366718027735,3245
9994,1.1921216309606082,2894
1882,1.1917956656346749,6460
7060,1.1909774436090226,665
7116,1.190771349862259,1452
1419,1.1906779661016949,3540
4020,1.1901323706377858,831
7208,1.1900726392251817,826
6131,1.189900426742532,1406
7369,1.1885714285714286,2800
8130,1.1884262526464362,2834
5933,1.188318227593152,993
4554,1.1882556131260795,1158
9627,1.1870860927152318,4228
4486,1.18562874251497,1002
5607,1.184782608695652,460
4462,1.1841346153846153,2080
4709,1.1837409120951752,1513
9831,1.1834733893557423,428.4
2207,1.1833436917339963,1609
3157,1.1825127334465195,1178
6402,1.1822033898305084,1180
9159,1.181455190771961,2254
3565,1.180952380952381,525
4099,1.1794453507340945,1839
5018,1.178542834267414,1249
7636,1.1778221778221778,1001
4547,1.1765676567656767,3030
3856,1.1753709198813056,3370
5108,1.1752438614194416,5946
8617,1.174573055028463,527
5301,1.1686019507663725,1076.5
7231,1.1683093252463987,2638
7196,1.167883211678832,822
6558,1.1636904761904763,1008
3627,1.1632183908045977,435
8125,1.1624745071380014,1471
2700,1.1619666048237476,5390
3416,1.161947904869762,883
9948,1.1614996395097332,2774
2433,1.1610136452241715,1282.5
5310,1.1607456140350878,4560
8914,1.1604675876726886,2823
7721,1.1593333333333333,1500
4421,1.1568047337278107,1014
4746,1.1563829787234043,6580
1812,1.1557292738119729,2430.5
3417,1.1547131147540983,976
3480,1.1533948030176027,2386
5105,1.1531924166485072,2294.5
5809,1.1526162790697674,688
3391,1.1523897911832948,10775
5714,1.1522885467201012,4741
2146,1.1520715630885123,2124
9099,1.1518361581920904,1416
2805,1.151776649746193,3940
4208,1.1517107811491285,2323.5
7988,1.1503487470937743,3871
7115,1.15,1040
9303,1.149914821124361,2348
6803,1.1485148514851484,101
7807,1.1470125786163523,1272
7379,1.145369284876905,853
8929,1.1447963800904977,1105
4391,1.1442652329749103,1116
7638,1.144247281053234,1747
4125,1.1441935483870969,3100
7649,1.1429269882659714,6136
4531,1.1428571428571428,280
1438,1.142281879194631,1490
8283,1.1419753086419753,4860
6768,1.1418181818181818,550
3904,1.1410788381742738,723
9684,1.1403312860599293,5373
7279,1.1380345086271568,1333
3771,1.1377300613496932,3260
5817,1.1368421052631579,570
9679,1.1366218236173393,3345
4687,1.1363386476085762,1819
7076,1.1334816462736375,899
4366,1.1331168831168832,616
3626,1.1321687541199736,3034
9432,1.1314083677077196,169.7
6149,1.1312217194570136,2210
7191,1.1304878048780487,820
9057,1.128097438051239,2381
9880,1.1279143037177064,1587
7367,1.127717391304348,736
3139,1.1275303643724697,1976
1873,1.1261261261261262,333
4389,1.1245487364620939,1662
6104,1.1239398084815322,3655
7922,1.1227678571428572,448
3134,1.1223241590214068,981
2303,1.1215351812366738,1876
6361,1.1214194100042754,7017
9830,1.1206971677559914,2295
5915,1.1197632058287796,2196
6390,1.1158072696534236,1183
3997,1.1147826086956523,1150
8275,1.1140881590319793,1157
4975,1.1125884016973127,3535
7958,1.110503709488481,2561
6305,1.1097218678234244,3919
2477,1.1093569503273006,2597
5162,1.1092896174863387,549
6908,1.108880308880309,3885
7819,1.1081632653061224,490
3733,1.1069716775599128,9180
7427,1.1064916119620716,1371
6323,1.105748031496063,12700
2812,1.104995766299746,1181
6284,1.1049180327868853,4880
9366,1.1045392022008254,727
3710,1.1044776119402986,670
3951,1.103644646924829,878
4189,1.1033146792940163,2323
3486,1.102189781021898,1918
3105,1.1006833712984054,1097.5
7734,1.0998373983739838,6150
9889,1.099836867862969,3065
9904,1.0997442455242967,391
9325,1.0995348837209302,1075
6089,1.0982058545797924,1059
4718,1.0976897689768976,1515
2726,1.0963503649635036,2055
6277,1.0941684665226783,4630
3604,1.0931315483119908,859
2307,1.0923482849604222,1137
2935,1.0916808149405772,1178
6638,1.0911458333333333,768
7192,1.0903954802259888,531
7368,1.09,1400
9304,1.0892538379150303,2801
3566,1.0887573964497042,507
3447,1.0883152173913044,736
2670,1.0876494023904382,2510
4763,1.0871718672610202,2019
3289,1.0857714984981643,898.9
5191,1.0855991943605237,993
6286,1.0840064620355412,619
9165,1.0829170829170829,2002
7481,1.08133472367049,1918
2659,1.0806167400881057,4540
2751,1.0800442641091847,2711
6849,1.0800424065730188,3773
4465,1.0797029702970298,2020
2301,1.0790205898720089,1797
9087,1.0787072243346008,2630
2183,1.077943615257048,603
2462,1.0776978417266188,1390
6436,1.0772669220945084,3132
4114,1.0759304282775388,5347
5035,1.0752475247524753,505
7821,1.0733108108108107,2960
4635,1.072661870503597,2780
4429,1.0710135571336346,1549
4914,1.0685800604229607,3310
3360,1.0662624512776093,2309
4403,1.0653691873421482,6731
9746,1.065266106442577,3570
5981,1.062125748502994,1336
9346,1.061926605504587,2180
8091,1.0616368286445013,3910
9040,1.0612244897959184,3430
9220,1.058550185873606,1076
6951,1.057583447198907,5123
7951,1.0573073759254181,3647
4641,1.057089552238806,2680
4771,1.0552712384851586,1954
6473,1.054245283018868,1272
6508,1.0522418757712875,2431
6806,1.0522351500306184,16330
5391,1.051948051948052,1155
8088,1.0518590998043054,7154
9989,1.0509154752947079,3987
9418,1.0491379310344828,3480
4633,1.049103663289166,1283
2372,1.047666335650447,2014
3683,1.0474254742547426,738
4495,1.04739336492891,1477
3916,1.0473846153846154,1625
9078,1.0465393794749402,838
4516,1.0456481008346108,5871
3299,1.0455696202531646,1185
7729,1.0441119566619372,7753
8508,1.0419287211740043,477
6651,1.0417033773861968,3405
3804,1.0404332129963898,1385
4235,1.0390173410404624,1384
3096,1.0343087790110999,991
8622,1.034013605442177,441
3968,1.033402922755741,958
4203,1.0318341121495327,6848
6198,1.0308988764044944,356
3741,1.030188679245283,3710
6524,1.0301204819277108,4980
7908,1.0260416666666667,192
6237,1.0258953168044078,1815
7613,1.0258560447239693,1431
4272,1.0258387967605092,1296.5
7531,1.0257142857142858,1400
9823,1.024960505529226,3165
6757,1.024561403508772,855
4722,1.0238359201773837,1804
3677,1.0236813778256189,929
7883,1.021917808219178,365
9306,1.021122112211221,1515
6866,1.0204545454545455,6600
2354,1.0197889182058046,758
4023,1.0175862068965518,8700
3159,1.0151975683890577,329
4936,1.0138888888888888,1008
6592,1.012969588550984,4472
6999,1.011191573403555,1519
4917,1.0063441712926249,1261
5355,1.0054446460980035,551
2353,1.0049019607843137,204
7856,1.003790271636134,1583
9563,1.0020242914979758,494
9672,1.0009650180940892,4145
6254,0.9986778846153846,8320
6306,0.9984939759036144,664
3353,0.9971617786187322,2114
7590,0.9966386554621849,595
2270,0.9960194604157453,2261
6937,0.9957356076759062,938
9216,0.9947089947089947,2079
4398,0.9940784603997039,1351
4634,0.9936,2500
6855,0.9916259595254711,1433
9972,0.9915611814345991,237
3093,0.9909465020576131,1215
4063,0.9908618899273105,4815
5161,0.990125082290981,1519
2918,0.988955223880597,3350
3798,0.9888888888888889,4500
1960,0.9884726224783862,694
9744,0.9881465517241379,2784
7818,0.9872821479039096,2123
3179,0.9866036249014972,1269
1802,0.9863441279750292,1281.5
6539,0.9850483729111698,1137
2914,0.985038084874864,3676
1439,0.9848797250859107,1455
6538,0.9847328244274809,262
4980,0.9845222072678331,4458
4507,0.9843198191835005,7079
4202,0.9838875557079191,1458.5
7079,0.9822608695652174,5750
6810,0.9815837937384899,1629
4680,0.9799270072992701,548
7555,0.9758713136729222,746
7226,0.975,1840
4828,0.9744427934621099,3365
2780,0.9744376278118609,4890
4376,0.9715189873417721,316
4304,0.9710378117457763,1243
7564,0.9709090909090909,4125
3104,0.968289290681502,3595
8203,0.9662921348314607,623
6210,0.9655172413793104,638
6652,0.9654457498272287,2894
4447,0.9647058823529412,595
3116,0.9645756457564576,2710
7811,0.9645693341478314,1637
2428,0.9637023593466425,551
6742,0.9627329192546584,483
7059,0.9614147909967846,1244
6094,0.9612590799031477,826
9564,0.9577244258872651,1916
6197,0.9576988155668359,591
9531,0.9573998106658251,3169
7064,0.9569546120058565,3415
2903,0.9557522123893806,1017
3423,0.9534883720930233,301
9997,0.9532258064516129,620
2685,0.95,3220
8591,0.9494645876385497,2661.5
6556,0.9480712166172107,674
6901,0.946546052631579,1216
9475,0.9455040871934605,367
1840,0.944954128440367,218
7282,0.944078947368421,3040
6294,0.9438423645320198,2030
3593,0.9427710843373494,3320
5533,0.9420560747663551,2140
4498,0.9420137058513443,1897
6702,0.9409368635437881,19640
6412,0.9404096834264432,2148
7906,0.9396551724137931,1624
8919,0.9388839681133747,2258
4119,0.9385547382085677,2311
6590,0.9385041551246538,7220
6196,0.9378640776699029,3605
5127,0.9370546318289786,2526
6222,0.9358974358974359,1560
4690,0.9352380952380952,2100
3150,0.934923000496771,2013
3440,0.9342105263157895,684
1720,0.9341085271317829,774
9419,0.9337016574585635,181
2127,0.9334537789822343,664.2
9733,0.9327183939229517,1843
2281,0.9314697926059513,2218
7972,0.9303519061583577,1364
3937,0.9301960784313725,1275
8031,0.9276091252020837,5567
3540,0.9274725274725275,3640
7963,0.9267080745341615,1610
5857,0.926063829787234,1880
5942,0.9230769230769231,481
7731,0.9216769580760481,1538.5
2173,0.92,575
4026,0.9158878504672897,1284
5185,0.9142431021625652,1341
2150,0.9141914191419142,909
3796,0.9131403118040089,449
6049,0.9107142857142857,336
8864,0.9105545617173524,559
3186,0.906871609403255,2212
2157,0.9016553067185978,1027
7244,0.9012567324955116,557
3141,0.9004643650312941,2476.5
8920,0.8988636363636363,880
8015,0.8985019161537569,8611
6752,0.8965034965034965,1430
4626,0.8957098011859086,2867
6143,0.8953804347826086,736
4348,0.8942800788954635,2535
5199,0.893048128342246,1870
7839,0.892018779342723,2130
6580,0.8919949174078781,787
6005,0.8913639479095271,2918
8273,0.8890339425587467,3830
3280,0.8878205128205128,624
9360,0.8853801169590644,1710
3477,0.8839137645107794,603
3945,0.883433133732535,2505
8016,0.8824742268041237,485
8285,0.8821752265861027,331
3865,0.8807495741056218,1174
3320,0.8794871794871795,1170
8185,0.878345498783455,822
9977,0.8760045924225028,2613
2326,0.8756395995550612,4495
2485,0.875,448
2163,0.875,1760
4092,0.87248322147651,1937
2742,0.8721311475409836,4270
5885,0.8688111888111888,7150
1332,0.8666762964032935,692.3
7760,0.8663967611336032,494
8904,0.8662650602409638,830
2181,0.8659217877094972,250.6
3087,0.8656438865643886,2151
4838,0.8655913978494624,558
6071,0.8649468892261002,659
9816,0.8648648648648649,222
6418,0.8626919602529358,1107
4714,0.8613445378151261,238
2471,0.8613333333333333,375
4196,0.8606158833063209,1234
6180,0.8598684210526316,3040
9927,0.8598442714126807,899
6062,0.8588907014681892,1226
9341,0.8585858585858586,1485
2899,0.8583444001770695,2259
3738,0.8572228443449048,1786
6424,0.8565815324165029,1018
7683,0.8564315352697095,2410
5285,0.8564036222509702,773
6141,0.8543314682616245,2591.5
3558,0.853494623655914,1488
2587,0.853448275862069,4640
7974,0.8523283456859181,7151
9759,0.8516298239040839,2669
6503,0.8511858222569716,1918.5
3045,0.85,1280
6395,0.8478452066842568,1137
4341,0.8478260869565217,828
2124,0.8454882571075402,2427
3151,0.8415094339622642,1060
5975,0.8377885783718104,1646
9221,0.8368495077355836,711
9450,0.8367713004484305,1115
3844,0.8351983723296033,1966
8706,0.8316183348924229,1069
1885,0.830703012912482,3485
5578,0.828584773470341,2141
4031,0.8248888888888889,1125
9072,0.8242730720606827,3164
7148,0.8235294117647058,1479
9554,0.8229166666666666,672
6723,0.8220648207769907,2329.5
7140,0.8198581560283688,1410
7373,0.8173652694610778,2004
9846,0.8169273229070837,1087
4064,0.8147668393782384,1544
7716,0.8144654088050315,3180
1444,0.8134266886326195,2428
2229,0.8130630630630631,2664
2379,0.8127388535031848,3140
2393,0.8126104890984089,1697
8769,0.811965811965812,468
4390,0.8109640831758034,2645
9322,0.809878844361603,1073
4812,0.8088362068965518,4640
6255,0.8087855297157622,774
4847,0.8082901554404145,965
3341,0.8069345941686368,1269
8789,0.8064516129032258,62
8151,0.8053892215568862,1336
3167,0.8037190082644629,968
7795,0.8034682080924855,173
5698,0.8027522935779816,654
3836,0.8021052631578948,1425
7685,0.8012658227848102,3160
8020,0.800302571860817,1983
3983,0.7996298010180471,2161
2768,0.7992843201040989,3074
5702,0.7990196078431373,1224
7942,0.7978421351504826,1761
9558,0.795998570918185,2799
6088,0.7941851568477429,1307
1803,0.7914288790782814,928.7
6074,0.7910714285714285,560
3182,0.7906050955414012,1256
8566,0.7901531728665208,4570
4932,0.7899686520376176,1276
4396,0.7875299760191846,2085
7944,0.7867075664621677,4890
8101,0.7865612648221344,2024
3407,0.7856787667826952,1005.5
4519,0.7854896204655064,4769
9843,0.7850874501380791,16295
3963,0.7831325301204819,581
1333,0.7813750454710804,2749
3244,0.7810309278350516,2425
6086,0.7793398533007335,1636
3992,0.7788018433179723,651
3293,0.7786774628879892,741
7247,0.7757847533632287,446
8737,0.7756563245823389,419
7475,0.7729375481881264,2594
2154,0.7710040983606558,1952
9301,0.7701123080449233,4363
9562,0.77,1300
9069,0.7696793002915452,1029
9067,0.7692307692307693,247
7287,0.7691622103386809,1122
5411,0.7691228070175439,2137.5
4933,0.7682344921608726,2934
4088,0.7676713790344092,1874.5
2371,0.766867469879518,1660
4442,0.766388557806913,839
7126,0.7656744775174161,1579
6928,0.7649429147078576,1489
5244,0.7621776504297995,349
2588,0.7607382550335571,2980
7679,0.7602040816326531,2744
8056,0.7598997493734336,3990
5344,0.7592274678111588,27960
6099,0.7589686098654709,892
6565,0.7547085201793722,2230
2937,0.7498101746393319,2634
9336,0.7490825688073395,2180
6040,0.7484662576687117,978
7130,0.7481379310344828,3625
2666,0.7469135802469136,162
3902,0.7458563535911602,724
9034,0.7432723358449946,1858
8133,0.7431729518855656,1538
8595,0.7404487568223166,1649
9311,0.7387539598732841,4735
4234,0.7387218045112782,532
1418,0.7373737373737373,198
9757,0.7371794871794872,2496
4617,0.7368421052631579,1425
9974,0.7366715758468336,6790
2198,0.7348837209302326,645
6570,0.7346101231190151,731
5406,0.7344632768361582,1770
2908,0.7344632768361582,1947
6298,0.7313624678663239,2334
2734,0.7308743169398907,732
4636,0.7304227304227304,1443
7239,0.7303030303030303,1650
5901,0.728817158632406,2354.5
6715,0.7286634460547504,1242
4732,0.7281503189105326,2900.5
7985,0.7264604810996563,1455
6368,0.7243992606284658,5410
2970,0.723196881091618,1539
7201,0.7222659323367427,635.5
4441,0.7181603773584906,848
2216,0.717741935483871,2356
9956,0.7164377492246344,2257
7831,0.7164179104477612,134
3241,0.7160493827160493,486
2424,0.7156398104265402,633
8167,0.7150112866817155,1772
9433,0.713037781174929,4579
6138,0.712630359212051,863
8996,0.7125748502994012,835
7687,0.7111622554660529,1738
7119,0.7109862671660424,1602
9326,0.7107583774250441,567
3984,0.7078587699316629,1756
6814,0.7063492063492064,1764
7722,0.7063339731285988,521
5138,0.7059396299902629,1027
5074,0.7055084745762712,472
7775,0.702247191011236,534
9171,0.7004160887656034,721
6800,0.6995447647951442,1318
3922,0.6973840665873959,1682
4021,0.6936183395291202,6456
6701,0.691744768262935,7789
7939,0.6889763779527559,508
5570,0.6850961538461539,832
2264,0.6829759941359721,5457
8276,0.6824295010845987,2305
6897,0.6798418972332015,506
1712,0.6793814432989691,970
9272,0.677900194426442,1543
3190,0.6757679180887372,586
3577,0.6729758149316509,951
3649,0.6727716727716728,819
9147,0.6711444751745028,7593
6798,0.6702811244979919,2490
9842,0.6689526184538653,1604
3679,0.6686046511627907,516
3946,0.6676163342830009,2106
8596,0.6673773987206824,938
7932,0.666930693069307,5050
2932,0.6657957244655582,4210
6226,0.6651418115279049,1093
7561,0.6643454038997214,718
7088,0.6620132255694342,1361
9535,0.6595744680851063,376
7914,0.656934306569343,3425
6706,0.6554424432263116,2554
3962,0.6550689862027594,1667
4074,0.6533090467516697,1647
3036,0.6507575757575758,1320
6567,0.6504201680672269,595
2708,0.6492503407542026,2201
7689,0.648972602739726,584
6902,0.6460735262127475,2298.5
9445,0.6452513966480447,358
8842,0.645083932853717,4170
6971,0.6449119249778228,7891
3092,0.6447712418300654,3060
7870,0.6423357664233577,411
5250,0.6419895893580104,1729
2753,0.6414733969986357,3665
4061,0.6411258795934324,2558
3323,0.6385542168674698,83
1726,0.6376021798365122,367
8903,0.6367281475541299,1247
2055,0.6367041198501873,267
9247,0.6365979381443299,1164
7827,0.6325732899022801,1535
4578,0.6303265080243498,5421
3187,0.628463476070529,794
4482,0.6279863481228669,586
9532,0.6276968467637839,2711.5
4559,0.626379400945875,1903
7752,0.6252100840336134,1190
2170,0.6199524940617577,421
2395,0.6191895113230036,1678
7082,0.6187050359712231,1668
4481,0.6157354618015963,4385
2464,0.6155778894472361,398
1434,0.6125,720
3659,0.609038000684697,2921
3498,0.6082474226804123,7760
6028,0.6081782117790662,3277
7426,0.6077441077441077,1188
4716,0.6073182028716999,10795
7047,0.6024271844660194,2060
9163,0.6008733624454149,2290
6958,0.5985294117647059,680
6031,0.5945945945945946,999
9556,0.5935672514619883,5130
9600,0.5891891891891892,1850
9697,0.5886954821044397,5113
4113,0.5859697386519945,727
9262,0.5813047711781889,1027
6317,0.5808011049723757,1448
6035,0.5801952580195258,1434
9635,0.5784123910939013,2066
2911,0.5747538048343778,2234
1429,0.5742067553735927,977
9919,0.5727871250914411,1367
6433,0.570281124497992,249
2412,0.5688622754491018,1169
8111,0.5633663366336633,11110
6862,0.5632183908045977,783
7068,0.5625,768
6338,0.5616548940464178,4955
5019,0.561292270531401,3312
2778,0.5519125683060109,183
9324,0.5516279069767441,1075
8194,0.5507246376811594,3450
3687,0.5483870967741935,1085
3939,0.5435684647302904,482
8518,0.5407725321888412,233
6425,0.5406949071870538,2101
6039,0.5397001665741255,1801
3123,0.5360623781676414,513
4194,0.5333333333333333,8010
6962,0.5307994757536042,763
4040,0.5306122448979592,3430
9201,0.5304684748150758,2839
6026,0.5301745635910224,4010
2919,0.5278642149929279,3535
4998,0.5258215962441315,1065
2585,0.5255555555555556,3600
4631,0.5236907730673317,2406
4461,0.5236242356864925,1799
3901,0.5235783633841886,2884
9218,0.5225806451612903,775
2195,0.5201668984700973,719
9270,0.5185643564356436,1616
9380,0.5141843971631206,282
5482,0.5109510086455331,3470
6704,0.5085413929040736,761
9268,0.5005720823798627,1748
4880,0.4988776655443322,1782
9145,0.49825662482566246,2868
7362,0.49780893952673094,1141
9104,0.4966887417218543,3775
7388,0.4957345971563981,4220
2736,0.49229691876750703,1428
6098,0.4906976744186046,4730
3160,0.48868778280542985,663
6183,0.4886153846153846,1625
6532,0.4852706097282485,4379
3607,0.4850574712643678,435
9560,0.4849699398797595,998
7085,0.48396946564885496,655
3402,0.4828785446762975,747.6
9416,0.48268238761974946,1357
8174,0.48202222706472,2294.5
1783,0.4791666666666667,48
6016,0.47913832199546486,4410
3861,0.4740248382018541,571.7
5032,0.4735135135135135,3700
9264,0.47214854111405835,1131
2120,0.4721030042918455,233
6200,0.467966573816156,1077
7859,0.46134347275031684,789
8804,0.45032130499258527,2023
4350,0.44508670520231214,519
3708,0.443115438108484,3595
6977,0.44220183486238535,1090
3854,0.4401021711366539,3915
2613,0.4388984509466437,1743
8242,0.43761412051125986,1643
9075,0.43259052924791086,3590
2503,0.4287358968454985,2171.5
2915,0.4236292428198433,1532
7236,0.42337662337662335,3080
2109,0.4196013289036545,3010
7593,0.41291585127201563,511
8076,0.4019753086419753,2025
6326,0.3990135635018496,2027.5
2432,0.39893969516235916,1509
8001,0.39616832021895315,5846
9119,0.39547038327526135,1148
4246,0.3938223938223938,777
8058,0.3918823363032103,7071
3032,0.3880597014925373,402
9049,0.37584442169907883,4885
7133,0.3732297852900868,2189
5070,0.37291280148423006,539
6376,0.36764705882352944,952
3501,0.36229205175600737,2164
5706,0.3571992629639379,3799
3441,0.35602094240837695,955
5987,0.3558823529411765,1700
6428,0.35294117647058826,374
2916,0.3502235469448584,671
4381,0.34767025089605735,1674
6655,0.34438775510204084,784
5038,0.3417276720351391,3415
3611,0.34095238095238095,1575
3895,0.3408521303258145,399
6470,0.3399765533411489,853
6036,0.33835403726708074,6440
5279,0.3379746835443038,790
5851,0.3341421143847487,2885
5575,0.3311081441922563,1498
7203,0.32866015971606033,2817.5
1815,0.32763819095477387,1990
8233,0.32561576354679805,2030
2222,0.3253609135962077,2320.5
3978,0.3249630723781389,677
8142,0.31017770597738287,3095
3271,0.3074792243767313,361
7625,0.3062645011600928,431
5973,0.29880478087649404,502
9539,0.2929752066115702,2420
3004,0.2925014310246136,1747
6787,0.29008168028004666,4285
2117,0.28966880869995054,2023
2004,0.2845664546367593,2987
3434,0.28418945963975983,1499
9313,0.28285714285714286,700
5287,0.2800658978583196,607
9365,0.2744945567651633,1286
4809,0.2732351447435246,1969
3896,0.2727272727272727,473
4651,0.2607361963190184,326
3059,0.2602602602602603,999
4367,0.25893635571054924,2294
8217,0.25389221556886227,835
7813,0.24962178517397882,661
4918,0.24504504504504504,555
3989,0.23714759535655058,603
6201,0.23452380952380952,11760
4539,0.23228589032655575,1623
2282,0.22826086956521738,4324
4935,0.22813688212927757,789
5269,0.22686567164179106,335
7923,0.22682445759368836,507
6867,0.21823617339312407,669
2418,0.21483375959079284,391
4249,0.2115544472152951,2406
8876,0.21025308241401688,1541
6571,0.20905707196029777,1612
6640,0.2078272604588394,1482
7938,0.20544554455445543,2020
2962,0.20090634441087613,662
7791,0.1816958277254374,743
9942,0.1796875,1024
8030,0.1751227495908347,3055
7702,0.17475728155339806,515
7987,0.1744186046511628,516
9982,0.16551040634291378,1009
4319,0.16,200
7238,0.16,125
5703,0.1565749235474006,1635
8050,0.14824227022448117,2361
3415,0.14754098360655737,305
2927,0.14267185473411154,771
4361,0.13836065573770492,1525
8278,0.13460519342872285,1887
6297,0.11802575107296137,466
3571,0.11251758087201125,711
4819,0.1054380664652568,3310
3003,0.10522522522522522,1387.5
8854,0.09913169319826338,1382
9351,0.0989090909090909,1375
5110,0.09281627463445645,1573
6092,0.09028960817717206,587
6400,0.0875,320
4228,0.08565310492505353,467
7744,0.08454258675078864,3170
6584,0.0787746170678337,914
8614,0.0738255033557047,298
9619,0.07104557640750671,1492
7919,0.06338028169014084,142
3439,0.06,800
3979,0.05478775913129319,2026
3941,0.05172413793103448,928
2060,0.05080213903743316,748
9633,0.05046728971962617,1070
7105,0.04398826979472141,1364
7259,0.04020385050962627,5298
9251,0.03876739562624255,1006
6457,0.036146755828664376,2766.5
2445,0.028,500
9073,0.022887323943661973,568
6837,0.002331002331002331,429
5020,-0.013057265435553068,536.1
3135,-0.013740458015267175,1310
1893,-0.01920076803072123,833.3
7220,-0.02172636523781562,1703
6597,-0.023415191319246145,1751
7241,-0.03669724770642202,763
3286,-0.04408817635270541,499
2469,-0.045454545454545456,1782
2286,-0.05759162303664921,573
6858,-0.07373271889400922,434
4100,-0.08314350797266515,1756
9502,-0.08344477132923242,1869.5
7850,-0.08561643835616438,876
2877,-0.09523809523809523,861
5210,-0.09626955475330927,1662
7284,-0.10365853658536585,984
4750,-0.10369068541300527,569
4406,-0.11219512195121951,205
7273,-0.14399421128798842,1382
6776,-0.15308641975308643,405
9369,-0.1762820512820513,936
7214,-0.18238636363636362,1760
8115,-0.19218241042345277,614
4188,-0.1962240135765804,942.8
7877,-0.20392156862745098,1530
9959,-0.20640569395017794,562
2907,-0.21202854230377166,981
3877,-0.2130718954248366,1530
8830,-0.21540010065425264,3974
2112,-0.22268907563025211,238
3232,-0.2306338028169014,568
4987,-0.2336283185840708,565
5986,-0.25084745762711863,295
7245,-0.2593283582089552,536
3101,-0.2704837117472853,1013
3457,-0.2727272727272727,1001
6523,-0.27773995915588834,1469
3392,-0.3035143769968051,626
4047,-0.3204488778054863,802
7441,-0.32221006564551424,1828
6703,-0.3223480947476828,971
9731,-0.33118192819685355,2479
3109,-0.33899905571293676,1059
9513,-0.34616240266963294,2247.5
5953,-0.35948026948989414,2078
8077,-0.377431906614786,257
9051,-0.38238993710691827,795
9362,-0.4017467248908297,2061
1420,-0.4036312849162011,716
5610,-0.41456582633053224,1071
2288,-0.4246658566221142,1646
3248,-0.42857142857142855,735
9060,-0.4320567375886525,3525
4098,-0.43829468960359014,1337
1848,-0.43875278396436523,449
7602,-0.4473684210526316,190
9160,-0.4516971279373368,383
7097,-0.4524765729585007,747
9835,-0.4603448275862069,580
7686,-0.4921165790731008,2093
9656,-0.49795918367346936,735
2687,-0.507959479015919,691
8835,-0.5084087968952135,773
6472,-0.5202726946537496,278.7
3551,-0.5372750642673522,778
9081,-0.5570032573289903,3070
3401,-0.5689059500959693,1302.5
7277,-0.578005115089514,391
4393,-0.5851851851851851,4725
5949,-0.5897435897435898,1131
7814,-0.6064400715563506,559
9305,-0.6263038548752834,2205
7022,-0.6323529411764706,136
7615,-0.6428571428571429,154
8905,-0.6428571428571429,1736
7372,-0.6762481089258698,661
5233,-0.699634404464114,2598.5
9385,-0.7207357859531772,598
4707,-0.7692307692307693,325
7271,-0.7842857142857143,700
5940,-0.7916666666666666,72
9993,-0.7952191235059761,1255
7280,-0.8067754077791719,797
8609,-0.8176555716353111,691
3073,-0.8250186150409531,1343
3612,-0.8300852618757613,1642
9514,-0.8464818763326226,469
7084,-0.8714902807775378,926
6982,-0.8740279937791602,643
2904,-0.8882758620689655,725
8086,-0.902283105022831,1095
7213,-0.9339805825242719,515
2533,-0.9397905759162304,382
4409,-0.9418837675350702,499
6310,-0.9424131627056673,1094
7897,-0.9487179487179487,117
9063,-0.9494743981010512,2949
2983,-1.0013513513513514,740
9446,-1.017636684303351,567
9536,-1.0395569620253164,1896
5741,-1.0427204374572796,2926
4404,-1.075429424943988,1339
5232,-1.0868085106382979,3525
6615,-1.0926829268292684,410
6186,-1.0940766550522647,574
5707,-1.110044785668586,1563
2196,-1.1711026615969582,263
5527,-1.1879032258064517,1240
3204,-1.2365339578454333,427
2722,-1.2592592592592593,351
6771,-1.262158956109134,843
7227,-1.266909090909091,1375
2058,-1.268421052631579,950
2599,-1.2753496503496504,1144
8025,-1.2755013077593722,1147
5932,-1.2796208530805686,844
4222,-1.37987012987013,308
7898,-1.3854473942969519,1017
6439,-1.4627450980392156,510
9761,-1.5205585725368502,1289
7129,-1.5210420841683367,998
5902,-1.535031847133758,1570
9722,-1.5727979274611399,3860
5380,-1.6113074204946995,1698
3494,-1.6832116788321168,1370
2747,-1.7449511400651465,3070
3315,-1.7456140350877194,114
6635,-1.7911646586345382,498
6269,-1.8192627824019025,1682
6059,-1.8361581920903955,354
4735,-1.839779005524862,362
2993,-1.8676056338028169,2130
8289,-1.8818897637795275,508
6276,-1.8820058997050146,339
3223,-1.88327721661055,891
9355,-1.9566279780085523,1637
2976,-2.06,750
6218,-2.0855855855855854,666
9035,-2.105568445475638,862
7162,-2.106194690265487,226
9082,-2.129558541266795,1042
6557,-2.1336898395721926,935
6408,-2.2270588235294118,3400
5271,-2.252601156069364,1730
7338,-2.261421319796954,788
7003,-2.2666666666666666,435
3598,-2.2747252747252746,182
6846,-2.3904761904761904,1155
9503,-2.3937714436526787,1894.5
5852,-2.5093085106382977,752
7623,-2.572744014732965,543
7255,-2.623246492985972,499
3202,-2.793103448275862,87
5998,-2.9692307692307693,975
8897,-3.002288329519451,437
6822,-3.043783783783784,1850
3047,-3.070063694267516,314
9444,-3.076682316118936,639
1971,-3.107806691449814,538
3864,-3.1145454545454547,550
3524,-3.178521617852162,1434
7268,-3.273015873015873,315
9017,-3.3597051597051597,2035
8013,-3.4440298507462686,268
9507,-3.526923076923077,1040
4827,-3.817910447761194,670
2215,-3.8181818181818183,484
8439,-3.8724534986713905,5645
7291,-3.9151624548736463,554
5202,-4.108484005563282,719
8424,-4.121347368421053,11875
9760,-4.179856115107913,278
8940,-4.258382642998027,507
9115,-4.362654320987654,648
5994,-4.500732064421669,1366
8793,-5.057142857142857,3220
7215,-5.083928571428571,560
8181,-5.587421383647799,795
6464,-5.908,750
5017,-6.1245901639344265,305
3863,-6.564081632653061,1225
4902,-6.599385695480474,455.8
8260,-6.938202247191011,356
8886,-7.356652092442223,1601
5989,-7.621859296482412,796
6699,-7.699284009546539,838
8594,-7.89748201438849,556
7837,-8.116700201207243,497
9508,-9.092708333333333,960
9501,-9.109819516671765,653.8
9506,-9.640833778727952,935.5
9504,-9.711872826626925,1006.5
9505,-10.327568134171907,763.2
9509,-11.858589054096804,632.2
9511,-12.550234741784038,1065
