Symbol,rr,pl
9107,6.000000000000004,10.19601083000517
6898,5.900000000000004,6.867893372797667
6338,10.500000000000009,6.80464379685237
2395,3.8000000000000025,6.718654727952235
7859,6.400000000000005,6.269594412274657
6619,5.900000000000004,5.805838064979889
6554,7.000000000000005,5.532698226876766
7809,7.500000000000005,5.222129739248431
9101,2.4000000000000012,5.217111700490178
4334,7.300000000000006,5.044005100800091
4235,4.5000000000000036,4.892272531446961
7033,4.800000000000003,4.7917456335357125
9272,10.90000000000001,4.770165156384744
1518,11.500000000000009,4.690222737635392
3498,11.80000000000001,4.687500496258574
3181,9.700000000000008,4.594731893242157
6249,28.200000000000024,4.587109764171577
2437,2.5000000000000013,4.397424662746739
9104,18.300000000000015,4.388151542437789
4837,2.7000000000000015,4.168985466760784
3093,29.100000000000026,4.154968250703663
2767,6.300000000000004,4.139065454616468
3377,3.7000000000000024,4.027892811752649
7080,4.600000000000003,4.020185082833045
2813,2.300000000000001,3.887868834343856
2986,19.500000000000018,3.704887061408339
9127,2.300000000000001,3.7008218744777603
6335,4.100000000000003,3.6937966618351163
6562,1.6000000000000005,3.676250555759786
9827,7.300000000000006,3.660793030995454
9888,13.600000000000012,3.5699097425046635
9110,7.600000000000006,3.5661640768352845
7047,11.600000000000009,3.5660441942150576
7610,12.900000000000011,3.480808658391727
3187,3.0000000000000018,3.4394311410706204
9119,5.200000000000004,3.4035142040442428
4393,1.1,3.3850764105938174
6298,6.600000000000005,3.345959994187939
3991,3.300000000000002,3.3195177661566366
7420,12.10000000000001,3.253921778161059
2585,13.300000000000011,3.230529172407738
3393,5.200000000000004,3.2196868026771375
6590,24.40000000000002,3.152868670685465
8040,4.000000000000003,3.081406346489538
3321,12.60000000000001,3.074764989243001
4107,7.900000000000006,3.0310147818597515
4933,1.5000000000000004,3.024025752416204
3675,4.800000000000003,2.977972041979322
5121,4.800000000000003,2.9702901940363717
8075,6.200000000000005,2.9543348782893517
4323,7.100000000000005,2.936864547031439
9115,17.700000000000014,2.9345071146684862
7187,4.3000000000000025,2.928388544725468
2780,8.300000000000006,2.9141808290211912
6924,29.500000000000025,2.8891404984796356
5480,6.100000000000005,2.8454734445875274
9362,5.400000000000004,2.829759605273283
7381,1.3000000000000003,2.776302677429173
3772,4.200000000000003,2.763191942458084
6430,7.400000000000006,2.754324102954658
1419,10.800000000000008,2.7542471310659495
6088,3.200000000000002,2.7502685557851803
4439,2.8000000000000016,2.727726838595692
6966,13.300000000000011,2.692209160390288
8011,2.300000000000001,2.6897900283554987
6036,2.4000000000000012,2.6634832731846463
6658,3.6000000000000023,2.662826906231964
7388,7.000000000000005,2.6585778364023738
3843,7.900000000000006,2.6414343725204588
1514,11.90000000000001,2.626621282092735
5698,1.9000000000000008,2.619532204456175
8508,2.9000000000000017,2.6171362950413
8914,2.200000000000001,2.597854120902258
6627,29.900000000000027,2.5950546176689615
4360,14.700000000000012,2.590593301791961
7769,29.900000000000027,2.5771008359162852
6547,2.300000000000001,2.571724968559953
7014,1.7000000000000006,2.5680572193743942
7808,3.200000000000002,2.5401145774741876
7906,3.400000000000002,2.5313217657185865
2436,4.5000000000000036,2.520087434621084
9558,26.00000000000002,2.5199786621593105
3608,2.9000000000000017,2.5196389953006793
9274,24.800000000000022,2.5007873995142895
2157,8.500000000000007,2.4989793349088147
6368,19.000000000000014,2.4908931028197507
6899,17.300000000000015,2.4615234049977373
6083,3.300000000000002,2.4598710065651512
8891,9.300000000000008,2.453116220620953
9755,2.4000000000000012,2.4440555304290803
6193,18.700000000000017,2.4419309720352755
2760,21.40000000000002,2.4402936258770422
8260,1.1,2.438537236818803
6707,2.4000000000000012,2.4364355872354104
7298,9.100000000000007,2.4295142357246844
7734,3.400000000000002,2.4088897266755147
4763,2.300000000000001,2.40747656630148
8154,3.400000000000002,2.4070932411783588
8789,1.0,2.404034105846741
6565,26.900000000000023,2.393933434511926
7727,6.100000000000005,2.3904741294752125
9171,16.700000000000014,2.3823735256145495
6866,17.100000000000016,2.382149543534202
7021,4.400000000000003,2.3791327243487657
7480,5.800000000000004,2.3688581728859393
4512,5.200000000000004,2.3615031735341487
5644,25.00000000000002,2.3579990255731125
5410,9.100000000000007,2.353934303506575
2666,8.600000000000007,2.352800614199391
6817,4.3000000000000025,2.3477970918821476
9908,6.800000000000005,2.3426425148400334
3937,2.200000000000001,2.3381123341824988
5941,9.700000000000008,2.3237761285065393
5192,13.300000000000011,2.320681494743135
5967,21.90000000000002,2.3157575215757036
6957,11.20000000000001,2.3078916262597966
2726,6.000000000000004,2.2946222239835286
7849,9.200000000000006,2.29280630050187
5310,26.100000000000023,2.28965089737484
3254,1.0,2.2882340370236136
3347,4.900000000000004,2.282183599413687
8002,5.200000000000004,2.2796401084309723
4616,3.6000000000000023,2.277258658347883
3632,2.200000000000001,2.276307129466657
7130,5.400000000000004,2.2760833422044375
6257,22.30000000000002,2.2647837374704767
6946,12.70000000000001,2.263766081464833
1407,5.100000000000003,2.261089702357689
8242,2.300000000000001,2.258114244159187
6358,12.800000000000011,2.256905965783607
6417,12.20000000000001,2.2547120379164394
9810,30.000000000000025,2.252585190693578
7888,3.0000000000000018,2.244526177110232
8219,1.8000000000000007,2.2438418388133505
5444,2.100000000000001,2.2422297532518627
6419,10.300000000000008,2.2397012053021172
9246,1.7000000000000006,2.232876973406604
2768,4.100000000000003,2.229552776763915
9501,9.900000000000007,2.2247294373700326
7685,27.700000000000024,2.223987013161753
4828,11.40000000000001,2.221729026926979
5285,23.60000000000002,2.2216773768320497
6919,5.0000000000000036,2.214723505670778
2410,2.4000000000000012,2.2145487724986817
3465,2.200000000000001,2.214243347988637
1758,23.80000000000002,2.213710461727997
8137,6.200000000000005,2.21325850277857
6200,1.7000000000000006,2.2131771994660814
4680,3.0000000000000018,2.211612278991909
8093,2.300000000000001,2.208252566940559
8038,8.900000000000007,2.207778243036599
9267,3.0000000000000018,2.204939904751002
6490,6.900000000000006,2.199900643445645
6460,1.3000000000000003,2.197716134869687
4979,24.20000000000002,2.1969972020430606
6337,25.00000000000002,2.1773310248533146
6879,7.300000000000006,2.1747423188388417
5273,1.2000000000000002,2.16754241987565
7637,5.200000000000004,2.1631824572134577
4595,17.300000000000015,2.162710600910499
6927,29.000000000000025,2.162322327856803
2715,6.700000000000005,2.1550495951010378
2216,4.3000000000000025,2.1523100858527067
9856,4.900000000000004,2.1520430979637553
6125,4.000000000000003,2.149325229412627
8233,4.3000000000000025,2.1454533862354586
5334,9.900000000000007,2.141674374249204
7018,27.00000000000002,2.1394618227785833
7537,4.700000000000003,2.138309558004013
2307,9.200000000000006,2.1382562966428327
5406,1.0,2.1359653334056334
9824,1.6000000000000005,2.1348158055745787
6730,17.400000000000013,2.1280656591726466
7126,4.100000000000003,2.127965218698593
2195,3.7000000000000024,2.122183622257737
1775,5.5000000000000036,2.121445882136486
7525,4.200000000000003,2.11602720962913
1662,5.0000000000000036,2.113721192323813
7972,1.8000000000000007,2.110013881342435
9268,16.000000000000014,2.099460305312266
7814,8.600000000000007,2.097219567420516
7897,2.000000000000001,2.086737670090309
7064,23.60000000000002,2.066452199693451
2427,3.500000000000002,2.063687678666028
6638,4.800000000000003,2.0629820610861005
7050,30.000000000000025,2.061967098432954
9325,19.000000000000014,2.058428841761202
1992,9.100000000000007,2.0577937440825265
4992,1.5000000000000004,2.057055065660724
4481,15.400000000000013,2.0533577723459597
3948,10.200000000000008,2.0507003432669713
5202,2.9000000000000017,2.042356253896873
9818,3.8000000000000025,2.0405772022823823
7841,6.300000000000004,2.0354668798606763
7879,1.6000000000000005,2.033542590993559
2418,3.7000000000000024,2.031101427786061
2674,3.8000000000000025,2.0284862192812905
6632,2.000000000000001,2.0218419163463888
3238,4.800000000000003,2.0208197816967397
8031,2.000000000000001,2.0202730119460433
2304,6.700000000000005,2.0179757979176363
4997,4.100000000000003,2.016008668216524
5481,1.1,2.0159005471626754
8704,1.7000000000000006,2.014565182065996
9628,25.20000000000002,2.014085344704651
3989,29.800000000000026,2.0139068647760627
5401,2.300000000000001,2.0133269367631894
6081,18.900000000000016,2.0102716006756327
7214,3.500000000000002,2.007885164417393
3901,2.5000000000000013,2.007838573929909
6356,16.000000000000014,1.9971152540092003
7762,7.600000000000006,1.989181621515954
6061,16.100000000000016,1.9885339515991205
7847,27.00000000000002,1.9875360472921
4317,3.200000000000002,1.987211767678917
2991,3.8000000000000025,1.9864665296615902
9363,29.300000000000026,1.983945962736954
6186,16.800000000000015,1.983839327857944
4046,11.70000000000001,1.983292815000255
2353,21.10000000000002,1.9794603157154023
6777,12.10000000000001,1.972411734658027
7211,2.7000000000000015,1.9720357297398672
4362,2.200000000000001,1.9705975315235427
9930,7.400000000000006,1.9656671364522824
5697,9.900000000000007,1.9640401105982204
6069,12.60000000000001,1.9637602392899751
7148,9.900000000000007,1.9635691203891537
9927,30.000000000000025,1.960165436212583
8029,14.900000000000013,1.9599860974569197
9986,25.00000000000002,1.9578379132802763
7599,2.4000000000000012,1.9545914630318497
9955,11.000000000000009,1.9542146127650337
7740,3.100000000000002,1.9514980871655045
2918,10.200000000000008,1.9495700113657364
5021,6.100000000000005,1.9464974690184667
4396,2.4000000000000012,1.9397452445719627
4044,4.600000000000003,1.9391550387835434
3132,26.900000000000023,1.937499735450918
6629,2.000000000000001,1.9359006247668469
3031,4.000000000000003,1.93459221096701
6328,6.000000000000004,1.9294622758348483
4380,4.400000000000003,1.9283272729151184
3992,11.100000000000009,1.9241799120469094
3796,2.5000000000000013,1.9237248761923926
5384,20.100000000000016,1.9233586768054005
7128,1.3000000000000003,1.918010261997647
9368,7.100000000000005,1.9157525644824576
9029,14.100000000000012,1.9137065789763292
8111,6.700000000000005,1.9129364177418042
7272,1.5000000000000004,1.9128729614208266
4847,2.300000000000001,1.9114535929274525
7623,9.200000000000006,1.9103024333227387
8091,26.200000000000024,1.9102745454401626
5423,17.700000000000014,1.9097859247226878
9837,23.80000000000002,1.9080337778919145
3131,20.000000000000018,1.9063279587722741
3997,18.100000000000016,1.9047251257490911
5816,15.300000000000013,1.9043887120078034
2301,5.5000000000000036,1.9039086281086925
7012,1.4000000000000004,1.9008152140992267
3035,1.8000000000000007,1.8930136367378716
3583,11.000000000000009,1.8929620264578886
6881,7.800000000000006,1.8927407924518707
7726,4.000000000000003,1.8901324531859154
6819,4.600000000000003,1.8896833900878067
4673,1.8000000000000007,1.8866761415228743
1972,5.700000000000005,1.8861115700239752
5411,1.2000000000000002,1.8857256236346083
7283,17.000000000000014,1.882716640987461
5563,7.400000000000006,1.8806822490497168
9302,16.500000000000014,1.8795942572241244
6989,3.0000000000000018,1.8788517790467572
5284,11.600000000000009,1.8761571515990305
5408,6.300000000000004,1.8755148845502498
5304,2.100000000000001,1.86645256809541
2429,2.6000000000000014,1.8651850011808262
7069,4.700000000000003,1.8641174421453124
7922,22.40000000000002,1.860354790321288
9428,17.400000000000013,1.8579853838551934
7425,9.500000000000007,1.8568707434767988
4395,3.8000000000000025,1.8564040708636804
8150,2.4000000000000012,1.8557846485992229
6670,2.4000000000000012,1.8548438950163941
6941,5.800000000000004,1.8542082313316628
2181,1.0,1.8532410946788247
2462,5.900000000000004,1.8522020132909491
8007,2.6000000000000014,1.8512089226806658
7228,7.900000000000006,1.8501697118893616
3911,3.400000000000002,1.8497540675240274
5351,3.7000000000000024,1.849054056475116
6262,4.100000000000003,1.8481327648127523
2124,1.7000000000000006,1.8465616857462193
2499,2.300000000000001,1.8397324534941208
3974,3.100000000000002,1.837879311062589
4381,3.500000000000002,1.8368747562954189
9213,15.300000000000013,1.834723925235715
7036,18.600000000000016,1.8290725970582833
4406,4.900000000000004,1.8289026650299356
6772,2.100000000000001,1.8245488451070448
8929,9.000000000000007,1.8195981786204127
6264,1.9000000000000008,1.8195876797002786
7731,2.5000000000000013,1.8134349393466216
6349,2.000000000000001,1.8131579085649274
8101,20.80000000000002,1.8124981267952256
9384,2.100000000000001,1.8113354787015308
7609,16.400000000000013,1.8090690814247041
4526,4.700000000000003,1.8087498759368807
4722,10.700000000000008,1.8069802132864867
7561,21.10000000000002,1.8065003203222898
4832,6.000000000000004,1.8053217692864452
3486,7.100000000000005,1.8034774150297868
5449,1.3000000000000003,1.801822318195077
6652,20.000000000000018,1.8012219527487716
6570,7.700000000000006,1.7957130144955216
4657,26.400000000000023,1.79458251691048
1890,6.100000000000005,1.7918809271533154
2981,1.8000000000000007,1.7907248343646882
7818,3.7000000000000024,1.7882616547941061
9216,20.80000000000002,1.7849032531043805
7367,4.200000000000003,1.7837792334121012
4746,5.200000000000004,1.7794051756125755
9960,16.30000000000001,1.7792810060417061
7039,4.400000000000003,1.7778350810296848
5451,3.8000000000000025,1.7775365239002936
3186,3.100000000000002,1.7774907405384304
9025,7.000000000000005,1.7766986774118676
9697,21.40000000000002,1.7750063254972015
6789,5.700000000000005,1.773258690775913
9990,7.000000000000005,1.7730309742655723
6498,1.7000000000000006,1.7730015533773962
4331,5.700000000000005,1.7713944186692812
8253,9.200000000000006,1.770385835568444
9265,16.200000000000014,1.7688451891169905
3854,5.800000000000004,1.7677175230134823
4216,9.000000000000007,1.7672998930471184
6333,14.100000000000012,1.7653605476219905
1712,1.3000000000000003,1.7639511574655247
4432,4.200000000000003,1.762697848229433
9418,3.200000000000002,1.7617724901472027
7593,2.6000000000000014,1.7610011867953446
6999,1.4000000000000004,1.755265954943285
3964,2.5000000000000013,1.7532301207244492
4026,9.200000000000006,1.7531193065184598
3177,6.800000000000005,1.7518754094774363
6779,1.7000000000000006,1.7488610683819041
5195,1.2000000000000002,1.7475238695298159
8135,20.500000000000018,1.7453967024418855
9278,19.700000000000017,1.7444036728923344
4238,5.900000000000004,1.7427072167007207
7995,20.100000000000016,1.742007912654565
9273,4.600000000000003,1.7402445403866087
7595,2.9000000000000017,1.7382239583297925
8014,4.800000000000003,1.7373321729657805
6918,2.5000000000000013,1.735805984268353
5918,9.200000000000006,1.7339785026363115
7280,6.300000000000004,1.732882601518729
6140,5.600000000000004,1.7323163514455335
7925,16.900000000000013,1.7290548027912964
6058,4.600000000000003,1.7281817879644277
9625,13.300000000000011,1.7280759482171748
9369,6.400000000000005,1.7274768835957341
7927,12.50000000000001,1.7260507805311593
3458,2.4000000000000012,1.72586309318284
2750,18.400000000000016,1.7249494076366894
1429,5.800000000000004,1.724454050239435
7004,10.90000000000001,1.7235726822367217
7677,29.800000000000026,1.7234960548447966
7812,16.100000000000016,1.7234698621272306
7013,2.6000000000000014,1.722164055458719
2737,9.200000000000006,1.7203911353062808
9889,1.7000000000000006,1.7203206902557546
8746,4.100000000000003,1.7202593296812583
9769,21.700000000000017,1.7195272822467569
7744,2.300000000000001,1.718393710304848
3945,5.200000000000004,1.7178330170030012
1663,22.60000000000002,1.7170396866363864
8923,8.200000000000006,1.71632839504443
7202,4.800000000000003,1.7148767412844497
2170,8.400000000000006,1.714047138253268
8097,10.300000000000008,1.7121844955150658
6890,5.900000000000004,1.712133454482667
8835,3.400000000000002,1.7119971926152013
3771,3.6000000000000023,1.709814503372891
6351,4.900000000000004,1.708269664187477
1820,4.400000000000003,1.7080797595161166
4356,8.000000000000007,1.7078595460228063
3294,5.400000000000004,1.7073413883763953
5949,3.500000000000002,1.7054560383520876
8591,3.0000000000000018,1.7043186176847696
3695,21.90000000000002,1.70346820497336
6022,3.6000000000000023,1.7034487216515692
1966,5.5000000000000036,1.7024239151236003
5699,8.600000000000007,1.6983129716765317
6074,6.900000000000006,1.6968834462493856
6199,1.0,1.696539830176474
6493,12.900000000000011,1.6945909946385709
8167,1.8000000000000007,1.6941313776883073
7003,4.900000000000004,1.69264505729449
4318,21.90000000000002,1.6925421643101444
6137,7.600000000000006,1.6924926449424995
4792,10.500000000000009,1.6913371251625353
8022,5.300000000000004,1.6913176090668764
4719,2.5000000000000013,1.6904473625066991
3045,1.8000000000000007,1.6900950261467287
6141,1.8000000000000007,1.689764778606744
8065,13.20000000000001,1.6883977749864767
1743,13.20000000000001,1.6873167228387922
7246,1.6000000000000005,1.6869337835271685
8890,16.700000000000014,1.686758293152906
6844,1.6000000000000005,1.6818291356806625
2153,4.5000000000000036,1.6797788936670497
6210,15.100000000000012,1.6786786103026825
3955,7.800000000000006,1.676824593816157
8053,18.500000000000014,1.6756391552890646
5753,11.40000000000001,1.675467617715161
1882,2.8000000000000016,1.6731776863529568
6070,17.900000000000016,1.6712752500848072
6862,19.400000000000016,1.671217842415843
5184,3.300000000000002,1.6697745051450665
8058,17.400000000000013,1.6694907375100598
5344,3.8000000000000025,1.6694146241725143
4980,1.3000000000000003,1.668938626291658
6086,13.20000000000001,1.6689022162755787
5017,13.800000000000011,1.6688814438827786
6428,25.600000000000023,1.6687216789754036
6769,10.40000000000001,1.6674836846375534
8369,2.100000000000001,1.6666437290336382
9621,6.700000000000005,1.6653634306600018
1814,26.200000000000024,1.6648649277173453
6804,8.900000000000007,1.6644320754357471
7417,14.300000000000011,1.6642634772659288
3245,4.800000000000003,1.6640092270630162
3023,12.20000000000001,1.6627496191754867
6238,5.300000000000004,1.6613166626547589
1783,1.7000000000000006,1.6611147842305525
6973,23.50000000000002,1.659358410417076
6363,3.100000000000002,1.6591768190528988
9696,8.700000000000006,1.6591146128936451
5999,27.200000000000024,1.6579674524472385
2411,16.800000000000015,1.6568872661027725
7911,4.400000000000003,1.65531646599355
5380,5.900000000000004,1.653786413192995
6425,4.000000000000003,1.6500103313061238
8061,11.20000000000001,1.649130181986537
9066,8.300000000000006,1.6486697241163426
2488,14.00000000000001,1.648653834973029
4674,3.8000000000000025,1.6484777675706566
8037,1.6000000000000005,1.6482078059767062
4712,1.9000000000000008,1.6460974544125293
3107,3.7000000000000024,1.6457164629457572
5702,5.600000000000004,1.6437510033959652
6998,14.500000000000012,1.6431279250917628
4848,1.0,1.6395295180806548
6464,1.5000000000000004,1.6378340865628787
9381,18.900000000000016,1.6372740053911228
2970,14.00000000000001,1.6361408549481724
3089,1.8000000000000007,1.6360851668320069
1975,4.5000000000000036,1.635656379066308
2173,24.00000000000002,1.633753203745442
6034,3.200000000000002,1.6333520302221558
8141,12.800000000000011,1.633204688378612
1605,1.9000000000000008,1.6319522758069387
3431,11.20000000000001,1.6314766086010264
3480,1.9000000000000008,1.6301481423400064
6617,10.90000000000001,1.629374197237174
7231,1.8000000000000007,1.6286258331672017
8130,11.70000000000001,1.6279522024755928
8903,9.700000000000008,1.6260057689356275
2163,14.500000000000012,1.625984943868234
6063,2.300000000000001,1.6254610417297015
4194,1.2000000000000002,1.6253760143365763
2168,1.9000000000000008,1.623892102979618
4718,13.300000000000011,1.6232137019663309
3924,12.60000000000001,1.6228174085619105
6701,1.1,1.6208085426705876
3497,2.5000000000000013,1.6197057719596952
7426,15.000000000000012,1.619631000306377
3904,14.600000000000012,1.618325758341071
5471,1.0,1.6154958290613533
7867,5.5000000000000036,1.614614838350419
6222,1.7000000000000006,1.61461259288154
2792,1.8000000000000007,1.6140350081927175
6089,1.0,1.6139210841682348
2481,7.800000000000006,1.6137527981977038
4028,2.7000000000000015,1.6121838519816956
7815,3.400000000000002,1.6121148674285515
7105,3.300000000000002,1.6081429400293998
7508,4.200000000000003,1.6071985431858016
9218,3.7000000000000024,1.606432435351618
6914,6.200000000000005,1.602604268249834
6420,2.200000000000001,1.6020729549989072
3289,4.5000000000000036,1.600919745118885
7715,1.9000000000000008,1.5989406225652139
5713,1.5000000000000004,1.5985596698306443
4966,5.600000000000004,1.598317181732856
6677,4.5000000000000036,1.593543754851067
7565,3.0000000000000018,1.5926522889216423
7979,2.9000000000000017,1.592516060962607
9432,8.600000000000007,1.592210381186218
7606,3.200000000000002,1.5896737012847646
6702,1.9000000000000008,1.5894433790074902
2685,7.700000000000006,1.5881286235323635
7516,15.000000000000012,1.5880323071660265
1739,1.3000000000000003,1.5869826423146154
2983,17.500000000000014,1.5850730501218178
7751,9.400000000000007,1.5826310187921522
6664,1.5000000000000004,1.582462747414775
4687,17.400000000000013,1.5817319139980328
5129,1.7000000000000006,1.5803917376604018
1967,5.0000000000000036,1.5780560100083576
8158,3.200000000000002,1.577909209290577
3841,14.600000000000012,1.5773980090986661
9532,2.6000000000000014,1.576886002892236
8016,4.700000000000003,1.5755459904181601
3659,1.9000000000000008,1.5724584476381283
4547,7.600000000000006,1.5719266258675966
6958,4.600000000000003,1.57096594996062
9303,14.200000000000012,1.5707450524330329
8140,23.30000000000002,1.570298571792673
5928,4.100000000000003,1.5691846193455168
5290,6.300000000000004,1.5690397565197427
9087,2.9000000000000017,1.5686530405864787
6378,3.6000000000000023,1.5680969633638826
6023,22.60000000000002,1.5680564297980943
4041,4.700000000000003,1.567951120682783
3116,9.800000000000008,1.5675794977073862
6507,5.600000000000004,1.5667315420678534
6489,13.20000000000001,1.563837911004038
2180,4.200000000000003,1.5619698668063342
8281,4.600000000000003,1.560970584812557
3464,1.3000000000000003,1.5601313323828647
3375,8.500000000000007,1.5583947549149029
7607,1.7000000000000006,1.5577557136230513
6532,4.900000000000004,1.5572587952542902
6266,2.9000000000000017,1.5564491060089862
7991,3.300000000000002,1.556104370917331
8844,6.400000000000005,1.5554742832624822
7265,9.300000000000008,1.5545442901425168
7236,3.300000000000002,1.5542564386672155
9467,1.6000000000000005,1.5533693561653612
9852,6.400000000000005,1.5526760616587507
7185,7.800000000000006,1.552222135392879
7133,3.9000000000000026,1.5498876919593727
7261,1.3000000000000003,1.548964515543882
9543,1.9000000000000008,1.5488880743517315
6908,2.5000000000000013,1.5475840773785106
7826,6.000000000000004,1.5475529491042543
7567,2.8000000000000016,1.547536680645449
7278,2.100000000000001,1.5441613989049823
9651,3.500000000000002,1.5437149178696954
1840,8.300000000000006,1.5432143133160208
5817,1.9000000000000008,1.5426361140659184
8595,6.400000000000005,1.5424727666572184
3865,19.300000000000015,1.541891810761375
7092,1.1,1.5417486341459405
3467,10.100000000000009,1.5415119745209334
6459,7.700000000000006,1.539656373435209
8214,9.600000000000009,1.5395760632706352
7238,1.0,1.5395287734299123
6071,2.300000000000001,1.5372225667749944
6850,4.800000000000003,1.5362139696921187
6323,1.3000000000000003,1.5348210927984123
2384,3.500000000000002,1.5343599607813814
6915,4.400000000000003,1.5340906275955388
4781,4.800000000000003,1.533589981411585
7504,5.600000000000004,1.5318571531647391
6033,25.00000000000002,1.5307826029810068
8151,1.7000000000000006,1.5305722443322562
5185,6.600000000000005,1.5303197685736607
6943,4.700000000000003,1.5289820289501654
3153,3.8000000000000025,1.527970211562122
5464,6.200000000000005,1.5268918395808224
6301,2.100000000000001,1.5268069606463066
7241,9.900000000000007,1.5265240461438654
9757,1.0,1.5250453363905614
3612,1.3000000000000003,1.523447442842865
4068,1.8000000000000007,1.5225951911675168
8098,2.4000000000000012,1.5218482941408193
7718,3.200000000000002,1.5215652885519488
8070,19.700000000000017,1.520365085845533
8798,9.900000000000007,1.5184551921518878
5805,2.7000000000000015,1.5175806117873774
5983,20.600000000000016,1.5165864297588525
4437,15.900000000000013,1.5154626864984384
5395,7.2000000000000055,1.5147916290546022
5985,21.30000000000002,1.5144339622938081
6474,1.6000000000000005,1.5138685281424686
8132,3.8000000000000025,1.5126152624236506
7122,5.800000000000004,1.5121098326553897
6357,8.700000000000006,1.511985224575592
6568,8.200000000000006,1.5118156770661642
9904,4.400000000000003,1.5111294423327328
1885,7.600000000000006,1.5105619144730933
8275,5.700000000000005,1.5069629508158506
3645,3.400000000000002,1.5054769021661363
3323,3.500000000000002,1.5049064043641294
8125,20.700000000000017,1.5048520360593831
1793,5.200000000000004,1.5043955185095819
8129,18.700000000000017,1.504086750839345
4246,1.2000000000000002,1.5028284968242314
6928,5.600000000000004,1.5023592390703282
6763,12.30000000000001,1.5012451277877332
7846,2.100000000000001,1.5007754651890062
2372,13.20000000000001,1.4996819945522302
8596,3.200000000000002,1.4995402301231895
9759,1.5000000000000004,1.4991147291905649
3205,14.300000000000011,1.498893922591694
4645,6.500000000000005,1.4980749756644778
4932,7.500000000000005,1.4959380927875943
9260,1.5000000000000004,1.495841769409548
1384,12.50000000000001,1.4950077640228365
8732,1.8000000000000007,1.4944093714829452
6273,4.900000000000004,1.4942625782352028
9715,2.300000000000001,1.4932009353111557
2975,1.9000000000000008,1.4929327181491736
6457,2.9000000000000017,1.4923756633484255
7912,30.000000000000025,1.4915585497591148
4203,2.200000000000001,1.4915485074282175
2186,3.400000000000002,1.4911910620382676
3636,2.100000000000001,1.4902517772909205
9967,4.000000000000003,1.488202274113276
1430,9.500000000000007,1.4865754455703049
7545,1.0,1.4858152437394732
3916,1.1,1.4847160630969285
3482,6.700000000000005,1.484010525429214
7500,30.000000000000025,1.482276553776949
7735,4.100000000000003,1.482090064740312
7745,8.300000000000006,1.4812029049617785
9692,1.6000000000000005,1.4783659668358826
9055,3.200000000000002,1.4782236655383625
9214,2.5000000000000013,1.4776024671539874
4617,5.400000000000004,1.477449134347018
6412,9.200000000000006,1.47710580959587
8354,9.400000000000007,1.4763666114602403
3355,12.50000000000001,1.4758806507903648
6405,4.000000000000003,1.4752920604775692
7435,2.200000000000001,1.4748596325184677
9221,5.700000000000005,1.4725605584980705
6080,3.7000000000000024,1.4717065660646802
3569,1.1,1.4716875660395572
5901,5.900000000000004,1.4686950542019717
7059,4.600000000000003,1.467341418159181
6237,14.800000000000011,1.4671376521660298
6144,3.100000000000002,1.4661190775430382
8227,9.000000000000007,1.465594927393068
2999,2.200000000000001,1.4652840481293385
7590,7.100000000000005,1.4648294955623484
7988,2.300000000000001,1.464317404469648
7725,1.5000000000000004,1.4641842382848451
5461,2.000000000000001,1.4631169036259568
9364,29.500000000000025,1.462848353285718
9699,5.900000000000004,1.462541573348146
5741,1.2000000000000002,1.4624509387467177
9531,2.7000000000000015,1.461977267466642
4507,2.7000000000000015,1.461131193284882
2136,3.400000000000002,1.4607181591600198
5609,9.500000000000007,1.4591494370039544
1949,3.300000000000002,1.4572546509002022
7467,1.0,1.4563546235049838
1515,3.7000000000000024,1.4562024270260114
3845,18.600000000000016,1.4547741982509237
8001,6.000000000000004,1.4545449049392516
3231,12.00000000000001,1.454383842852296
7313,2.7000000000000015,1.4515513077304676
1928,4.000000000000003,1.4514575225475166
6462,7.500000000000005,1.4514557259551548
6762,2.9000000000000017,1.4495218218908565
7081,1.3000000000000003,1.4490807924230964
5660,3.8000000000000025,1.4486193710821116
2875,14.400000000000013,1.4485385837937947
1963,11.80000000000001,1.4484547876661207
7422,7.400000000000006,1.4484002400544493
4251,23.30000000000002,1.44374699738066
6874,3.7000000000000024,1.4434218911783738
2424,4.5000000000000036,1.4422791497946732
5288,3.0000000000000018,1.4421794644613906
6622,2.000000000000001,1.4418176508156435
6239,2.9000000000000017,1.440707488623556
6307,20.000000000000018,1.4395920800742399
7427,2.8000000000000016,1.4381102076762573
2914,8.100000000000007,1.437879055514626
6294,3.100000000000002,1.4373731978470425
7705,3.100000000000002,1.4372305623930322
3804,2.4000000000000012,1.4357925624491936
7222,1.4000000000000004,1.435533455456901
6969,1.5000000000000004,1.435487738148343
5078,28.700000000000024,1.4348611895832162
9928,3.200000000000002,1.4339591852620803
3793,12.40000000000001,1.4334342065655703
5929,1.1,1.432397818766059
8015,9.500000000000007,1.4308166495888175
5632,2.100000000000001,1.4303842286875768
6267,17.400000000000013,1.4298758369077564
6932,1.3000000000000003,1.4271835791737844
4528,2.000000000000001,1.4269369123649176
3765,2.100000000000001,1.4258016881197357
7638,16.30000000000001,1.4251368443741255
7921,4.800000000000003,1.4249550819847017
1939,20.000000000000018,1.4249233752889987
8059,2.300000000000001,1.4244839580650654
3087,9.600000000000009,1.4244672597769812
6675,22.90000000000002,1.423535930924826
5991,2.7000000000000015,1.422731477669418
7752,2.200000000000001,1.4227014929057538
9503,2.000000000000001,1.422694703151877
8060,5.400000000000004,1.419049095833557
8793,29.700000000000024,1.418387556238747
6995,4.600000000000003,1.417371645753168
6723,8.200000000000006,1.4171324882710656
9312,23.40000000000002,1.4162851112946184
7483,1.2000000000000002,1.4161173766230892
7247,11.90000000000001,1.4160232444592256
4298,2.6000000000000014,1.4158701977926411
4690,8.700000000000006,1.415006210547341
2122,8.900000000000007,1.4145752262255848
1914,1.9000000000000008,1.4142255483772523
9361,9.800000000000008,1.4134852161226636
6902,1.0,1.4127573867606058
1981,13.900000000000011,1.4114872504722338
2681,9.800000000000008,1.4112064115211316
9509,1.7000000000000006,1.410984216554108
2700,14.800000000000011,1.4106456015665243
6286,4.900000000000004,1.4096032686228264
1873,6.700000000000005,1.4086410461234866
6265,3.300000000000002,1.4078609713154644
4551,5.900000000000004,1.4074900979580285
3286,3.400000000000002,1.4072520276973923
3475,4.100000000000003,1.4066858597334995
6092,7.700000000000006,1.406460019177168
6996,3.200000000000002,1.4061422730102189
8425,5.5000000000000036,1.4056609449426711
6651,4.000000000000003,1.405191452438947
7226,1.9000000000000008,1.4046150771614478
5930,1.8000000000000007,1.4045114397411618
1808,1.4000000000000004,1.4036036761764126
4442,4.200000000000003,1.4032746568610681
3104,1.5000000000000004,1.401102969447173
3679,2.8000000000000016,1.4005024615836335
9072,1.0,1.40005448898148
9791,16.000000000000014,1.3993294562715413
3524,15.100000000000012,1.3986405745651525
5110,1.1,1.3985202007660742
5101,1.0,1.3976293649698666
4021,1.9000000000000008,1.3969922425628747
7805,1.9000000000000008,1.3967055889553106
8050,19.500000000000018,1.3948440089561447
7970,7.300000000000006,1.3947955100601033
7957,7.500000000000005,1.3940238441788135
7551,29.400000000000027,1.3937271280436052
7269,2.100000000000001,1.3920356724653034
1768,3.6000000000000023,1.3917711514515345
3284,1.4000000000000004,1.3909153849243407
8424,2.000000000000001,1.3905426400109198
4403,4.400000000000003,1.390007337034477
6440,1.5000000000000004,1.3899894027812878
7011,14.200000000000012,1.3898920795298735
5803,26.600000000000023,1.389807580502816
7608,10.000000000000007,1.387767945816832
3034,1.1,1.3876776023227897
4202,2.100000000000001,1.3858630174365902
5992,4.200000000000003,1.3847379254134642
7994,1.5000000000000004,1.3846756599363905
4347,6.700000000000005,1.384668045834472
5446,23.40000000000002,1.384369771212232
7984,9.900000000000007,1.3835696095392978
9367,2.6000000000000014,1.3828772175219572
2305,3.0000000000000018,1.3817795305900582
6674,1.9000000000000008,1.3808685769509017
5659,3.400000000000002,1.38065732159971
9896,3.100000000000002,1.3797830914854663
4707,4.900000000000004,1.3797481816393367
9709,27.100000000000023,1.3792959147972312
8012,4.100000000000003,1.3788082883690713
7871,4.5000000000000036,1.3787889478227169
8931,2.6000000000000014,1.3783440647866234
2408,1.7000000000000006,1.3782435721363493
5011,24.50000000000002,1.3781933574450043
1879,2.8000000000000016,1.378166038207558
9882,1.8000000000000007,1.377741144711118
8032,1.8000000000000007,1.3777090946731758
9513,3.8000000000000025,1.3774717757573343
3105,3.100000000000002,1.3772406164689188
6997,1.6000000000000005,1.3771779958224888
4709,10.500000000000009,1.3769765015311455
2335,5.100000000000003,1.3763833974124193
7203,4.5000000000000036,1.3762240561233483
6458,1.4000000000000004,1.3760499712072412
7729,2.8000000000000016,1.3760059217213048
3851,1.6000000000000005,1.374900578463498
7296,1.6000000000000005,1.374678750908754
7305,12.10000000000001,1.3746512112431568
3103,1.0,1.3735190708315508
6146,1.6000000000000005,1.3734683719856509
5440,14.500000000000012,1.3726594813119832
6905,1.0,1.3724010674032892
8283,2.8000000000000016,1.372196557030559
3246,26.200000000000024,1.3719195317044894
7239,8.400000000000006,1.3712918518931236
3501,12.800000000000011,1.3711279487039523
6339,18.300000000000015,1.3707906930828822
3963,7.900000000000006,1.3676898520868783
1979,7.300000000000006,1.3671717050253864
8078,15.100000000000012,1.3660485491980432
4975,4.400000000000003,1.3654425526426341
3548,4.600000000000003,1.365049374593887
5974,3.300000000000002,1.3640038037065791
9913,7.2000000000000055,1.3633978583949953
1973,1.2000000000000002,1.3632160553903592
2987,4.000000000000003,1.3625800490785185
4671,4.700000000000003,1.3624830759597768
7955,6.800000000000005,1.3621322357111347
3322,20.80000000000002,1.3620877383562688
8934,5.200000000000004,1.3605899259547563
7990,1.2000000000000002,1.3605262548743406
8515,1.9000000000000008,1.3591290333053707
6787,7.400000000000006,1.3587292435667175
5079,11.500000000000009,1.3585608793822825
8877,10.200000000000008,1.3582084834229196
5463,2.100000000000001,1.3574280132238357
3248,5.800000000000004,1.3556486328756616
3036,1.2000000000000002,1.3555696923325011
9832,3.6000000000000023,1.3553710917719723
4633,5.100000000000003,1.3543915561016298
8118,2.7000000000000015,1.3535938332017612
7974,1.7000000000000006,1.353196195261863
4783,19.80000000000002,1.3529363388332498
2464,3.200000000000002,1.3527804489635444
2742,3.0000000000000018,1.3525398213833448
4636,4.3000000000000025,1.3521613020554704
5831,1.7000000000000006,1.3501100591810482
9753,4.100000000000003,1.3494635288257137
9682,1.1,1.3493674438904395
8905,4.400000000000003,1.349183071544514
3176,5.600000000000004,1.3491435745587061
8218,1.6000000000000005,1.3487427608988536
2673,3.9000000000000026,1.3480754726312882
9554,3.400000000000002,1.3474583546429075
7760,5.200000000000004,1.3469178824760886
2993,12.40000000000001,1.3466504181055743
1982,8.400000000000006,1.3464532684966801
9145,5.0000000000000036,1.3453313710173471
3316,2.6000000000000014,1.3449878525261854
2292,2.6000000000000014,1.3444705114958693
7687,4.600000000000003,1.3443429496669086
7999,10.300000000000008,1.344324623441216
8159,1.4000000000000004,1.3436967347025521
9880,5.100000000000003,1.3436293244348168
6371,15.700000000000014,1.3432753235213666
8174,1.0,1.3431207052741172
9733,30.000000000000025,1.343065757718827
1720,11.70000000000001,1.342788120794562
2733,2.6000000000000014,1.3420387487715297
3291,6.700000000000005,1.3416761866160556
4171,3.300000000000002,1.341506026001717
8072,1.3000000000000003,1.3408792788590085
7279,2.000000000000001,1.3405061703262546
4826,8.800000000000008,1.3403974514520938
5911,1.2000000000000002,1.3402963188000414
3405,2.000000000000001,1.3395032408261731
6436,1.5000000000000004,1.3391884767529616
9934,2.300000000000001,1.338201369051131
9386,9.700000000000008,1.3364293776520098
4196,2.8000000000000016,1.3346465892829413
9307,14.200000000000012,1.3346397732567605
4100,1.4000000000000004,1.334363185197695
6724,1.3000000000000003,1.334242389299684
4333,7.100000000000005,1.3341877245531828
9778,27.400000000000023,1.333580054550601
1976,3.200000000000002,1.333372095146971
7347,2.7000000000000015,1.3332167513137114
4093,12.30000000000001,1.3323484762293927
6167,30.000000000000025,1.3314851164195134
7472,8.600000000000007,1.3311167782741733
7670,17.900000000000016,1.3310538576027293
7827,5.800000000000004,1.330954337826573
3236,8.700000000000006,1.33046235001643
4193,9.700000000000008,1.3300885789380137
4553,2.8000000000000016,1.3295529506121713
7315,1.7000000000000006,1.3294375353138108
7459,5.100000000000003,1.3279017305743543
6635,11.30000000000001,1.3272952435775291
6676,3.300000000000002,1.326659277046669
4516,2.000000000000001,1.3266418718984432
8084,1.7000000000000006,1.3263408779894434
8395,3.500000000000002,1.3261596359587078
3191,18.300000000000015,1.325496571723463
7134,6.400000000000005,1.3240473658680645
2689,13.10000000000001,1.3238116529025263
6336,6.100000000000005,1.322806360243981
4119,3.8000000000000025,1.3221450340989769
5482,2.000000000000001,1.3221263755278307
4634,3.400000000000002,1.3218134928366656
7224,2.000000000000001,1.3211694312237958
5352,7.800000000000006,1.3211412223841081
1866,5.900000000000004,1.3210917313870068
8074,10.100000000000009,1.32095316403389
6806,1.7000000000000006,1.3202714680135001
3050,2.000000000000001,1.3201931109307767
3161,6.900000000000006,1.3182194606367932
5191,4.100000000000003,1.3176712801166997
2982,6.500000000000005,1.3176043479145587
6226,1.0,1.3172794454415206
4462,12.50000000000001,1.3172575729925278
9502,2.300000000000001,1.3169661465648497
7087,15.900000000000013,1.3165005667878416
1766,2.100000000000001,1.3155049836003234
7240,3.200000000000002,1.3154903193528842
2788,1.0,1.3150008883203461
7679,4.100000000000003,1.3144854864109072
2379,15.900000000000013,1.3142834863462565
3151,11.40000000000001,1.3135943874667628
3157,30.000000000000025,1.3118707275597505
4886,2.8000000000000016,1.3112214145410654
3361,5.300000000000004,1.3108013396221057
3784,4.3000000000000025,1.3106089540083818
7721,1.5000000000000004,1.3094461724535353
5233,3.400000000000002,1.309159363555179
1786,3.500000000000002,1.309138682158619
3445,3.7000000000000024,1.308905117345454
4662,12.800000000000011,1.3072873754779364
3179,4.5000000000000036,1.3065787732379346
2003,17.200000000000014,1.306183278195324
6637,7.100000000000005,1.3060776103012028
8117,4.100000000000003,1.3055897379431212
9717,6.100000000000005,1.3055221844889058
3591,6.500000000000005,1.304907369188644
5706,4.200000000000003,1.3049055300075922
4369,2.5000000000000013,1.3042164961045657
4361,26.600000000000023,1.304079422824597
8157,1.1,1.3040299983619628
6360,3.200000000000002,1.3035119211465989
2730,1.9000000000000008,1.3034196625882841
1439,2.8000000000000016,1.302862914720728
6912,13.700000000000012,1.3026812594909827
6882,11.70000000000001,1.3025042531115443
7615,2.000000000000001,1.302368918268814
1802,1.7000000000000006,1.3015770937510691
1418,4.5000000000000036,1.3011582109723405
1788,3.7000000000000024,1.300823708116444
8928,9.800000000000008,1.2998078517582585
3106,4.900000000000004,1.299506783819347
3024,12.900000000000011,1.2990052456382468
4401,2.4000000000000012,1.2981437870948336
5357,5.0000000000000036,1.297793150603561
2753,12.20000000000001,1.2977218034240057
6925,1.1,1.297479966820017
7242,3.200000000000002,1.2973534714482238
8699,2.4000000000000012,1.2968418303956244
2734,3.9000000000000026,1.2957626448480792
9795,21.700000000000017,1.294349915130291
3002,5.100000000000003,1.294317565077659
6136,1.9000000000000008,1.2940998762087237
4299,19.100000000000016,1.293732332915036
5237,7.100000000000005,1.2935498430959929
5201,5.700000000000005,1.2930636798152946
4694,1.2000000000000002,1.292967046068121
8876,1.3000000000000003,1.2925697414658583
3299,6.100000000000005,1.2904924244411058
5076,3.8000000000000025,1.2903689910644005
8291,5.400000000000004,1.2901831642629842
3676,6.900000000000006,1.2880216887305607
6856,3.100000000000002,1.2880000391967883
7931,17.900000000000016,1.2869372552737084
6045,25.300000000000022,1.2857837923559412
4394,4.5000000000000036,1.2856942444565833
2309,26.400000000000023,1.2853944190882496
6361,2.100000000000001,1.2853910526023726
5903,5.700000000000005,1.2844344466206707
3184,3.6000000000000023,1.2843174840049023
5253,7.000000000000005,1.2841328413284134
3402,6.200000000000005,1.283403837982378
5976,8.100000000000007,1.2832337000461007
4125,1.0,1.2831991195144266
1870,4.400000000000003,1.2831401920356196
9248,2.100000000000001,1.2826737563336104
6278,1.4000000000000004,1.2823921245494108
9876,11.90000000000001,1.2811720773350015
7514,28.500000000000025,1.2801950047891881
5331,1.5000000000000004,1.2789894067859762
3817,19.600000000000016,1.278969740896521
6393,22.80000000000002,1.2786053433760618
7084,25.300000000000022,1.278316102523681
7986,6.700000000000005,1.277743239516549
7985,9.600000000000009,1.276696525080755
3001,1.1,1.2766808085616366
8194,2.100000000000001,1.2762285098996449
8518,1.8000000000000007,1.2762034912749904
1909,27.500000000000025,1.2761022550195495
4748,5.300000000000004,1.27569391840969
3766,7.500000000000005,1.2750822061261946
5958,4.800000000000003,1.274948424288165
7739,1.4000000000000004,1.2740915022641555
8893,9.500000000000007,1.2729845061228198
2892,2.9000000000000017,1.2717759019251464
4840,1.9000000000000008,1.2716688912375238
6524,1.5000000000000004,1.2715115706636129
6272,10.600000000000009,1.270630950028936
1833,6.100000000000005,1.2705629126655764
4628,1.9000000000000008,1.270003332142985
6381,2.100000000000001,1.269064886231095
6131,5.400000000000004,1.2681046498996769
6201,1.6000000000000005,1.2677863271004635
7270,2.300000000000001,1.267357638961729
4031,3.300000000000002,1.2668978517567249
6322,13.00000000000001,1.2668638646543269
4524,8.100000000000007,1.266730928106921
9702,2.200000000000001,1.2659199596244175
2114,3.7000000000000024,1.2653853609788492
4023,15.400000000000013,1.2652752618808647
8133,9.400000000000007,1.2644966913150997
3190,20.100000000000016,1.2644511081527101
3489,26.600000000000023,1.2641703772834032
6807,28.200000000000024,1.2641665239084148
4186,6.300000000000004,1.2637867032928143
7856,2.7000000000000015,1.2630460836697097
5969,19.600000000000016,1.2628839984432558
7466,26.300000000000022,1.2627966593679003
2150,1.8000000000000007,1.262181915817118
3110,1.2000000000000002,1.262152843822583
6121,1.9000000000000008,1.2620853406332704
4641,4.900000000000004,1.261873134630773
9322,10.40000000000001,1.261715957194633
2185,7.000000000000005,1.2615507706578284
7958,2.7000000000000015,1.2609876761514789
8138,27.400000000000023,1.2602706307572977
4732,5.700000000000005,1.2601969974459841
7218,3.0000000000000018,1.2599298616268144
9039,1.9000000000000008,1.2588609049445811
7997,25.70000000000002,1.2583952876917537
5491,1.2000000000000002,1.2583245025394179
8593,6.200000000000005,1.258144749833157
4174,6.200000000000005,1.2574398325679423
5943,3.6000000000000023,1.2565307781138393
5984,10.800000000000008,1.2561029028970836
7266,12.50000000000001,1.2559699052818865
8020,2.5000000000000013,1.2559261777783974
6644,7.700000000000006,1.2558098803982083
7795,12.00000000000001,1.2555678911622206
1929,23.10000000000002,1.2554327001266243
7501,15.100000000000012,1.2542631613082136
7975,22.500000000000018,1.2538601065233046
8152,15.100000000000012,1.2534215446307697
9658,1.8000000000000007,1.2532553290645905
7552,2.4000000000000012,1.252684883533553
6516,4.900000000000004,1.2522994090465505
8995,3.200000000000002,1.2522719564216063
6584,3.7000000000000024,1.2522324121921977
7259,5.700000000000005,1.2519807611538893
6330,1.0,1.2517975106885246
4368,2.5000000000000013,1.2514396862943689
4082,5.600000000000004,1.2514268443958212
3242,12.50000000000001,1.2513654033872401
5484,2.000000000000001,1.2509186737081817
7896,28.900000000000023,1.2508337948974244
8068,5.900000000000004,1.2505040133701946
3437,3.200000000000002,1.2498745058169685
3551,3.100000000000002,1.2495497910587319
1805,4.800000000000003,1.2492961543489212
3079,2.4000000000000012,1.2492914454891364
2903,15.600000000000012,1.248502591462117
7282,4.3000000000000025,1.2482550336166898
6302,1.3000000000000003,1.2480667256965778
3436,2.100000000000001,1.2479270213402827
6037,5.400000000000004,1.246520536689283
9845,14.00000000000001,1.2464437620851818
4531,30.000000000000025,1.2459683246963507
2325,4.600000000000003,1.2456756426458717
4668,10.800000000000008,1.2451134237975394
2693,3.6000000000000023,1.2446679806623093
3925,12.10000000000001,1.244086227972845
8225,5.700000000000005,1.2437478409414207
1878,6.700000000000005,1.2432994180147952
7460,7.100000000000005,1.2431181415166852
8892,4.100000000000003,1.2421180872804993
6284,1.1,1.2419512659566623
5018,1.8000000000000007,1.2413962630498212
2169,8.500000000000007,1.2410958295904726
9857,2.5000000000000013,1.2409062404981248
1382,16.100000000000016,1.2403108632840067
6718,1.8000000000000007,1.23948480490104
5108,8.000000000000007,1.2388902074595853
9408,2.6000000000000014,1.2387312536315236
6626,2.100000000000001,1.2384247916283466
9037,6.300000000000004,1.2383645834379668
4008,8.700000000000006,1.238240416316798
1434,1.5000000000000004,1.237863726403264
6484,3.7000000000000024,1.2372401125701797
5851,1.5000000000000004,1.236887108711134
9746,3.100000000000002,1.236465706231391
9251,2.8000000000000016,1.2357519243907042
4272,11.80000000000001,1.2353319082453194
9310,2.4000000000000012,1.2346198204200844
6364,9.800000000000008,1.2345874237402814
7520,4.700000000000003,1.2345031260329578
7885,6.900000000000006,1.234456475294036
8917,2.100000000000001,1.2341088974246246
7716,2.300000000000001,1.2339721161919566
2927,2.300000000000001,1.2338937012887248
6432,9.500000000000007,1.2335022021517164
7461,15.900000000000013,1.2333464459213166
4463,30.000000000000025,1.2329005734101282
8739,2.000000000000001,1.232891502463309
9744,5.100000000000003,1.232861313547919
6859,2.100000000000001,1.2328153458732356
6098,2.8000000000000016,1.2325072249630014
2778,26.300000000000022,1.2323453815300431
3076,1.3000000000000003,1.232130895345489
3252,27.00000000000002,1.2317780342042597
7538,3.500000000000002,1.2316631276873793
6161,4.200000000000003,1.2312123522432326
6203,2.300000000000001,1.2309418861640615
1780,3.500000000000002,1.2299796166067194
1898,1.5000000000000004,1.2297140512279356
8624,4.800000000000003,1.2295555086143142
3391,1.0,1.2293899729759818
2924,5.800000000000004,1.22935671235889
1904,1.5000000000000004,1.229181314688264
6961,7.500000000000005,1.2287859822489815
9976,6.800000000000005,1.2286706475558555
2819,4.000000000000003,1.22847160137314
9412,1.7000000000000006,1.2281085525506523
6960,3.0000000000000018,1.22734688978139
7521,8.600000000000007,1.2272085590706836
3228,1.0,1.226809265363225
7343,1.7000000000000006,1.2259683523288325
4725,7.800000000000006,1.2258764555951174
9691,16.200000000000014,1.225428157703035
3156,18.500000000000014,1.2252663004105313
9446,10.300000000000008,1.2252153450483787
7840,9.200000000000006,1.2248687089948878
2749,5.900000000000004,1.224667282273313
4390,1.2000000000000002,1.2245663551573591
3546,3.6000000000000023,1.2243177739525986
3277,3.200000000000002,1.2240733310771368
7949,19.900000000000016,1.223797878903969
2503,4.5000000000000036,1.2236039664350236
8025,1.2000000000000002,1.2235667950762683
9049,5.0000000000000036,1.2234325564008177
6481,3.7000000000000024,1.2231765176660685
7905,8.700000000000006,1.2229358889065978
8276,5.100000000000003,1.222756428619166
9782,9.300000000000008,1.2226453337187744
8869,17.300000000000015,1.2225387958024705
5982,18.400000000000016,1.2224282193875176
2221,4.100000000000003,1.2223722930848746
9305,5.300000000000004,1.2223072367122108
7624,5.300000000000004,1.2215003608527475
2984,11.20000000000001,1.2214660885454933
4022,1.5000000000000004,1.2212852390962952
9353,9.900000000000007,1.2205054876304984
9073,3.8000000000000025,1.2201061482667968
2874,2.5000000000000013,1.2195585869640722
4491,19.200000000000017,1.219107996081871
6473,4.5000000000000036,1.2189712626394342
1942,2.200000000000001,1.2188934901887334
6535,3.300000000000002,1.218716284263684
3741,2.100000000000001,1.2177938742366698
6630,4.700000000000003,1.2173070411857307
6309,3.100000000000002,1.2171889073501876
7455,6.100000000000005,1.2170973896811863
9433,10.40000000000001,1.2163976880631824
7294,2.300000000000001,1.2163205620991453
6488,6.200000000000005,1.2162138763612143
7781,3.100000000000002,1.2160942218026387
7040,5.800000000000004,1.216051512214367
8908,4.200000000000003,1.215984377581309
9444,9.800000000000008,1.2150421491727934
4293,2.300000000000001,1.2136888647279023
9678,2.100000000000001,1.213512801179592
6269,3.7000000000000024,1.2134806161796046
3374,23.70000000000002,1.2130503814762656
9656,3.8000000000000025,1.2121282904173616
1828,12.60000000000001,1.2114960835402835
8018,7.900000000000006,1.2114207314433887
3950,1.6000000000000005,1.2112414250917787
4752,6.800000000000005,1.2105949449645905
6143,1.3000000000000003,1.2097831241647687
2198,8.600000000000007,1.2092117002654896
4091,2.100000000000001,1.2082789950179071
6392,17.000000000000014,1.2080690710130997
3593,1.0,1.2074851958652255
9906,9.900000000000007,1.2072778591881819
9994,30.000000000000025,1.2057800167869832
4767,2.300000000000001,1.2057432595425321
9765,3.8000000000000025,1.204278772501778
5971,8.400000000000006,1.2041961410305746
3449,17.000000000000014,1.2040303171337647
7953,23.20000000000002,1.2033182324438205
9065,14.800000000000011,1.2030337603741508
4735,6.000000000000004,1.2010338988545142
7865,8.900000000000007,1.2010314177056192
6164,3.100000000000002,1.2007303082742444
4258,1.5000000000000004,1.200691693869128
4092,2.5000000000000013,1.200432855272085
3604,3.8000000000000025,1.1983223004467434
9948,1.9000000000000008,1.198162625256676
1841,23.00000000000002,1.1979361149754004
7817,4.800000000000003,1.197863310481829
7820,1.5000000000000004,1.1965615248831334
9647,19.300000000000015,1.1962127821265283
4345,4.600000000000003,1.1957996100489425
8897,1.7000000000000006,1.195151447211612
6038,1.1,1.1951199754462318
6135,2.200000000000001,1.1949754515298123
2349,9.600000000000009,1.1949253426864659
5217,3.200000000000002,1.1945785385850316
1969,13.700000000000012,1.1943102813265107
2790,3.100000000000002,1.194114051317517
6346,3.100000000000002,1.1939404315189173
1811,2.100000000000001,1.1938367106179217
3526,1.4000000000000004,1.1937747331554809
1926,9.200000000000006,1.1934588548461007
3969,2.7000000000000015,1.1933420391027998
6837,22.40000000000002,1.193024286261271
8935,2.000000000000001,1.1930069589204615
5966,30.000000000000025,1.1922383998640682
4809,17.600000000000016,1.1921564703232925
3143,10.500000000000009,1.1921435009478256
7299,14.900000000000013,1.191889517010998
2359,8.500000000000007,1.1914243043847514
5186,9.800000000000008,1.1911236401371967
7434,6.200000000000005,1.190987897839835
3028,9.800000000000008,1.190077488469042
7646,5.800000000000004,1.1896695031315971
7414,2.100000000000001,1.1896513576566203
9507,2.5000000000000013,1.1892455563529583
6395,1.8000000000000007,1.1890021596380882
8912,4.900000000000004,1.1888167748003011
2461,7.2000000000000055,1.188769128265734
7255,2.4000000000000012,1.1884655780800069
1762,1.1,1.1879090357369266
4047,7.600000000000006,1.1877452365481362
4902,15.600000000000012,1.1876750021849845
5957,1.3000000000000003,1.1874764450890394
5071,15.300000000000013,1.1870762501635446
6503,1.0,1.187030594693013
1884,10.90000000000001,1.1867546513076495
5959,1.3000000000000003,1.1860507483055882
5975,2.000000000000001,1.1853824252197969
3978,2.7000000000000015,1.1852467903524864
2286,5.800000000000004,1.1852014818525396
2201,8.500000000000007,1.185102415226588
3328,2.5000000000000013,1.1848195619564361
8700,11.30000000000001,1.1842906871990044
6171,1.6000000000000005,1.1838023712257457
7613,3.400000000000002,1.1836171355309038
1301,4.900000000000004,1.1835291361107365
3418,4.100000000000003,1.1831529741969447
2497,2.000000000000001,1.181273182535841
3537,16.700000000000014,1.1812574238649283
1719,1.0,1.1811981488128753
7887,10.500000000000009,1.1809707303898167
3539,3.7000000000000024,1.180806514301192
7451,1.6000000000000005,1.1803770338614508
6331,2.300000000000001,1.180340879902022
9742,1.1,1.1790413243304112
7191,10.800000000000008,1.179001395010343
9028,1.2000000000000002,1.1788269835637373
3315,5.600000000000004,1.1788205934246743
6794,1.1,1.1786608315878515
7235,3.500000000000002,1.1780157459307676
6463,1.1,1.1775112536504837
2670,7.600000000000006,1.1774575786224228
9534,6.200000000000005,1.1772309931699878
8052,1.7000000000000006,1.1765342408088046
9311,4.700000000000003,1.1764564909504605
6877,1.6000000000000005,1.176112770895686
3912,3.0000000000000018,1.1748785559308739
6103,1.0,1.1748275622789544
6379,1.8000000000000007,1.1744308707491196
3148,1.5000000000000004,1.1741602519308927
5970,5.200000000000004,1.174004232497935
5445,2.300000000000001,1.1739609102417474
8707,11.500000000000009,1.173873765476663
6159,20.80000000000002,1.1731467380720202
3943,2.9000000000000017,1.1724454285170371
6504,1.5000000000000004,1.1723379455733725
6523,2.8000000000000016,1.1722068911475403
7287,1.7000000000000006,1.1715686645236851
4222,5.900000000000004,1.171060334522231
8279,4.700000000000003,1.1708443658576673
6455,1.6000000000000005,1.1707670684001534
9365,2.200000000000001,1.1696695464941382
5757,5.100000000000003,1.1696415916189105
8076,7.500000000000005,1.1686395831171343
2327,1.2000000000000002,1.1679267255995243
3454,3.6000000000000023,1.1677081301684848
1436,5.0000000000000036,1.1676700537141396
7943,2.200000000000001,1.166961092062299
3839,12.50000000000001,1.166915070956627
6113,1.6000000000000005,1.1660827273071646
3371,9.400000000000007,1.165902800251664
2139,7.500000000000005,1.165775878296083
3988,5.700000000000005,1.165219799296401
7919,2.9000000000000017,1.1649973581438011
2664,1.5000000000000004,1.164559626024611
4714,5.600000000000004,1.164348709559631
7981,2.9000000000000017,1.1643173300831449
6771,2.300000000000001,1.1640742132115098
7513,7.800000000000006,1.1636332227883044
3981,3.8000000000000025,1.1632966774186364
6803,2.300000000000001,1.1632365243555747
9504,1.2000000000000002,1.1631553782821649
4761,2.8000000000000016,1.1630771798226496
3558,12.800000000000011,1.1626180372101997
6317,2.100000000000001,1.162430194279869
8940,7.800000000000006,1.1622472192304643
9780,13.700000000000012,1.162189278045838
4956,4.3000000000000025,1.1616616148157517
1812,26.800000000000022,1.161472525405103
9436,4.900000000000004,1.1609912053780536
9622,2.000000000000001,1.1604292860705314
6461,10.800000000000008,1.1599933602854562
7823,25.40000000000002,1.159794938260676
3733,5.5000000000000036,1.1594230758176909
3826,2.6000000000000014,1.1593779319833935
9739,1.6000000000000005,1.1590371524915166
6376,1.5000000000000004,1.1590013841861664
6513,2.100000000000001,1.1590011607922688
7683,4.900000000000004,1.1580579006197824
7510,25.00000000000002,1.157482219988682
7908,12.50000000000001,1.1567156112563304
5280,17.200000000000014,1.1566340087087301
6091,16.400000000000013,1.1565927203547046
6694,21.80000000000002,1.1562130856682789
3401,1.8000000000000007,1.1558961248626076
4261,1.3000000000000003,1.1555821505980455
6752,3.300000000000002,1.1554321601515227
4578,3.8000000000000025,1.1551072956398158
4063,4.400000000000003,1.154639201444712
3297,15.100000000000012,1.1531023627761843
6342,20.400000000000016,1.152619480120369
3172,2.9000000000000017,1.1518083927292255
8168,1.5000000000000004,1.1515586221079532
8804,3.9000000000000026,1.1515555764216998
6870,3.9000000000000026,1.151273443439615
6042,8.700000000000006,1.151177244333299
9476,17.000000000000014,1.1510269816630505
5821,13.400000000000011,1.1508963852029779
6282,2.4000000000000012,1.1506882415963355
5122,2.5000000000000013,1.1503794751596905
9380,13.300000000000011,1.1499881080272922
9740,1.7000000000000006,1.1495767192095128
8801,3.400000000000002,1.149447664838196
9726,9.800000000000008,1.1490823310520093
1826,4.5000000000000036,1.1476575228079238
5729,3.500000000000002,1.1472519438405402
7811,2.9000000000000017,1.1472361245839575
6312,1.9000000000000008,1.146701807414015
2296,3.6000000000000023,1.146061081053079
2669,1.7000000000000006,1.1460466163982181
5602,2.200000000000001,1.1458225444239112
1451,10.100000000000009,1.1456101978494266
6325,6.400000000000005,1.1449441641481877
3440,12.50000000000001,1.1446469616249488
8925,1.9000000000000008,1.1442621735061909
4043,2.7000000000000015,1.1439206296442537
7944,1.4000000000000004,1.1436079677463244
7377,6.400000000000005,1.1431693192497183
6408,23.40000000000002,1.1429054199184283
9974,21.40000000000002,1.1424158407005103
1934,9.900000000000007,1.142357693132086
9017,5.700000000000005,1.1418659391520056
9083,3.500000000000002,1.141818329158704
6118,3.200000000000002,1.1417971486318252
7564,2.7000000000000015,1.1413298127132558
7481,4.000000000000003,1.1412196576444784
6555,1.4000000000000004,1.1395852461523033
5036,30.000000000000025,1.1393940020024838
3435,18.200000000000017,1.1390116793539709
4554,1.8000000000000007,1.138696074993562
3770,3.200000000000002,1.1379373065122467
7713,4.3000000000000025,1.137665972730199
9830,1.1,1.1376050561760043
9059,16.800000000000015,1.1370114372333344
6250,1.0,1.1367800349770365
3003,2.7000000000000015,1.1359906911143913
2332,1.9000000000000008,1.1356898195832925
4078,1.2000000000000002,1.1353761436610685
2317,6.400000000000005,1.1351428234055205
6293,3.300000000000002,1.1351346373055151
3040,3.9000000000000026,1.1349175294840037
5393,1.3000000000000003,1.1346986199904279
5279,5.0000000000000036,1.1343929014864662
4099,3.500000000000002,1.134383643472004
6254,4.700000000000003,1.1343319952873856
3495,3.300000000000002,1.134264654215331
6855,1.9000000000000008,1.1340931833243224
4365,14.00000000000001,1.1336930132515648
7458,1.2000000000000002,1.1329748116694125
2415,9.300000000000008,1.1329089839706756
3388,4.3000000000000025,1.132575333243271
7939,5.100000000000003,1.1322746702900526
7372,1.5000000000000004,1.1320380107803547
9441,2.8000000000000016,1.131944568353973
7361,3.400000000000002,1.1317455001580645
7213,1.1,1.1317372334739595
5302,1.2000000000000002,1.1311186654972076
1770,1.9000000000000008,1.1307690334694815
8860,3.8000000000000025,1.130377989467233
3317,4.600000000000003,1.1300734306357543
7509,2.7000000000000015,1.1295829433965114
6770,8.400000000000006,1.1294976874346436
6188,7.000000000000005,1.1294420301687773
4335,2.000000000000001,1.1294266354352032
2329,3.6000000000000023,1.129024724991616
3490,7.700000000000006,1.1282765059795201
1867,3.0000000000000018,1.12800079172315
1807,2.100000000000001,1.12791662690383
5988,5.600000000000004,1.1274677903364179
3396,10.600000000000009,1.1274092972440948
4061,1.2000000000000002,1.127074087279945
1952,2.6000000000000014,1.1269128613554096
9632,7.900000000000006,1.1268791981567867
8747,5.400000000000004,1.1263414904122282
9233,7.600000000000006,1.1259762561435214
7482,5.200000000000004,1.1259173514841188
2602,8.100000000000007,1.1255792170701602
1813,1.1,1.1249573675438722
4229,1.6000000000000005,1.1246589876780635
9991,5.400000000000004,1.1244276829738555
9366,12.00000000000001,1.1233985793397891
1716,12.40000000000001,1.1224710084235132
9058,1.3000000000000003,1.1219885734237365
4248,9.000000000000007,1.1214103408102
2932,1.0,1.1214040004646424
3392,8.000000000000007,1.1214013261871585
4220,3.8000000000000025,1.1203664188758269
8945,2.5000000000000013,1.120235097930637
4350,5.400000000000004,1.1199835872893305
1871,1.9000000000000008,1.1198137859076447
4441,5.900000000000004,1.1194065863260334
6151,1.3000000000000003,1.1193200764708544
8030,1.9000000000000008,1.119185655909303
6319,1.7000000000000006,1.1189220257949455
1925,1.2000000000000002,1.1186433245994947
4224,2.8000000000000016,1.1186349929861035
7539,6.200000000000005,1.1182352683238133
4771,7.700000000000006,1.117816764325961
6858,3.0000000000000018,1.1173486184235664
4045,1.8000000000000007,1.1171606384778208
3447,1.3000000000000003,1.1171289507106161
4885,4.000000000000003,1.116868734677271
6292,30.000000000000025,1.116777527157444
5945,3.0000000000000018,1.1165342100753486
5187,7.000000000000005,1.11608386410699
6863,8.000000000000007,1.1160813787814494
1798,8.100000000000007,1.115843532027645
5857,11.000000000000009,1.1158054699598952
1951,1.5000000000000004,1.1155817633981682
8103,1.5000000000000004,1.1155768225785065
9068,5.800000000000004,1.1147819045971483
8566,1.7000000000000006,1.1145321296336275
2326,1.5000000000000004,1.1141094338138973
9324,15.100000000000012,1.1136610856211844
3891,3.0000000000000018,1.11363424290887
7162,4.400000000000003,1.113531550073882
3159,3.100000000000002,1.1130489985124472
9147,1.1,1.1128182166713942
9760,4.400000000000003,1.1116927727370753
9508,1.7000000000000006,1.111629760332533
7928,1.0,1.1110374959459943
6963,1.0,1.110619022935049
2374,3.7000000000000024,1.1103172778920998
7531,1.6000000000000005,1.1094318351449624
9070,16.600000000000016,1.1092864048232751
6466,10.40000000000001,1.1091387198022817
6745,19.300000000000015,1.1090269212531292
7164,2.9000000000000017,1.1088192423313121
3540,3.400000000000002,1.108775679453356
7475,16.200000000000014,1.1085977337531416
1835,1.7000000000000006,1.1084903800133532
2935,3.100000000000002,1.1083360854826976
6165,1.9000000000000008,1.1082611087976084
1736,13.600000000000012,1.1080996925769484
1965,5.900000000000004,1.1070420557929985
6741,9.500000000000007,1.1069560623855297
2001,1.5000000000000004,1.1067988717625166
6247,1.9000000000000008,1.1067445286091013
6277,1.7000000000000006,1.106535461632423
7058,15.100000000000012,1.1065260423038015
8230,6.000000000000004,1.1064611510056561
5965,5.300000000000004,1.1064054441508073
9076,1.4000000000000004,1.1064023964120182
4486,7.700000000000006,1.1063370136907678
6492,5.800000000000004,1.1061506682013742
9763,26.200000000000024,1.1061051117521508
4204,1.4000000000000004,1.1054939138539488
3677,1.3000000000000003,1.1053188221954406
8057,2.100000000000001,1.1051728837826684
4627,9.500000000000007,1.105004495552579
4664,1.9000000000000008,1.1043368408209677
3302,1.0,1.1039263472963703
9479,1.9000000000000008,1.1027456188205877
9959,3.6000000000000023,1.1023001159979011
8887,3.300000000000002,1.101955503477247
4386,4.800000000000003,1.1018783778539407
6486,14.500000000000012,1.1014193305748976
3657,1.0,1.101257752009358
2207,3.0000000000000018,1.1010445872425487
9867,3.7000000000000024,1.1002356254673455
1815,11.40000000000001,1.099946654192585
6445,1.4000000000000004,1.0992341685336784
6929,5.900000000000004,1.099138511483309
9505,1.4000000000000004,1.0990185422704462
8871,15.700000000000014,1.0986539369775847
3443,6.300000000000004,1.0985387488329992
1847,16.900000000000013,1.098269384432355
2747,30.000000000000025,1.0978610048777167
9902,1.0,1.09739935335395
8999,12.60000000000001,1.0973643100822807
4569,1.4000000000000004,1.0973150418853077
5368,2.6000000000000014,1.0953362084768101
3597,3.9000000000000026,1.0952457380966603
9564,18.600000000000016,1.094861178090866
3670,6.700000000000005,1.094588839393511
6539,11.100000000000009,1.0944448985899524
5527,1.9000000000000008,1.0942100255353282
4464,1.0,1.0941474719958673
6517,5.100000000000003,1.0941156792880524
8842,1.3000000000000003,1.094009708195698
9247,1.9000000000000008,1.0935638823999767
5923,1.5000000000000004,1.0933966046341932
8996,7.500000000000005,1.0932414154949648
7559,2.4000000000000012,1.0929265607164693
9932,1.8000000000000007,1.0928457305082766
5204,1.4000000000000004,1.092721418889933
9034,9.800000000000008,1.092203323010225
3566,3.7000000000000024,1.092162441229587
4234,15.000000000000012,1.0919639227988178
1887,4.5000000000000036,1.0917222824554615
6518,7.800000000000006,1.0914628435728206
5391,2.5000000000000013,1.0913183710629133
5386,26.300000000000022,1.0912608604341536
4088,2.8000000000000016,1.0910157724201428
4094,4.3000000000000025,1.0903187805060441
3341,2.5000000000000013,1.0903050840389117
7899,15.600000000000012,1.09016769511742
7419,4.5000000000000036,1.0894179890459499
9687,8.200000000000006,1.0887591656094702
7634,8.800000000000008,1.0885896883864405
6485,2.300000000000001,1.0885347501123177
9064,1.6000000000000005,1.088139373310782
7821,1.1,1.0874363436727197
9872,12.60000000000001,1.0874010506429825
1905,5.900000000000004,1.0873567723453639
7370,7.800000000000006,1.086904044487821
3799,9.500000000000007,1.0865953308532983
3852,4.200000000000003,1.0856749980893428
2156,9.600000000000009,1.0848882127340391
7875,13.700000000000012,1.0848306880923588
8046,30.000000000000025,1.0847665407780405
6448,1.2000000000000002,1.0843595353509228
7463,1.8000000000000007,1.083631608032421
6390,3.8000000000000025,1.0834200802290181
7618,1.6000000000000005,1.0833661787357098
6977,6.400000000000005,1.08236131643833
4320,2.8000000000000016,1.0815013155911273
4631,1.9000000000000008,1.081471918401604
1332,3.6000000000000023,1.0809759913653119
7971,5.5000000000000036,1.0806775314825718
4172,11.500000000000009,1.0802827557122103
9275,1.7000000000000006,1.0800138018165373
6279,4.700000000000003,1.079920203269499
4243,1.0,1.0791754750891598
7602,12.20000000000001,1.0789035639924522
7966,2.200000000000001,1.078634934177912
6362,4.100000000000003,1.078232459622053
2883,13.20000000000001,1.0781462856022777
9351,12.900000000000011,1.0779551118779498
3020,3.6000000000000023,1.0777388518854925
5333,1.8000000000000007,1.0772085633150201
6291,2.000000000000001,1.076451212115861
6678,10.000000000000007,1.0756398597316417
4112,2.7000000000000015,1.0753408177396573
4996,27.100000000000023,1.0751957861232082
6962,1.8000000000000007,1.0751900195265198
7201,10.40000000000001,1.0749073537680618
9143,4.5000000000000036,1.0748577676038098
8927,10.100000000000009,1.0744964241434465
1850,15.600000000000012,1.0742214875672353
4540,1.2000000000000002,1.073963540298886
4556,22.10000000000002,1.0738428670171913
7635,2.4000000000000012,1.073738848435175
4372,2.300000000000001,1.07365731923515
6190,3.9000000000000026,1.07295787501245
6134,1.6000000000000005,1.0729510169154575
1961,4.3000000000000025,1.0727750263099498
5355,17.600000000000016,1.0724279835390964
5940,10.40000000000001,1.0722675987002226
4450,20.600000000000016,1.0717131546511174
1921,1.6000000000000005,1.0710450246247978
4619,6.100000000000005,1.070959940294153
7723,5.600000000000004,1.0709008793644677
2915,1.2000000000000002,1.070376170495699
3983,5.900000000000004,1.0696075711490627
3738,30.000000000000025,1.069301265245679
8185,3.6000000000000023,1.0688027798196182
1438,5.0000000000000036,1.0685964330616113
6647,5.0000000000000036,1.0685646548706402
7937,4.400000000000003,1.0684720378113286
5704,7.000000000000005,1.067998346630663
6788,2.000000000000001,1.0673534746628575
3232,24.50000000000002,1.0667707131317745
5232,3.8000000000000025,1.0646894104544389
3169,2.200000000000001,1.0643401125361378
5010,6.300000000000004,1.0638366998176658
5458,5.0000000000000036,1.0636330877604399
1444,3.6000000000000023,1.0633741339310385
7851,15.100000000000012,1.0633173061049408
5715,1.5000000000000004,1.0617728348357909
4726,2.4000000000000012,1.061555656374386
7605,3.6000000000000023,1.0613718402310457
7446,7.300000000000006,1.0610367393962126
1376,5.300000000000004,1.0610136646334096
7902,8.600000000000007,1.0609774647518948
5962,15.900000000000013,1.060554039210971
9842,3.500000000000002,1.0600391466886292
9788,12.900000000000011,1.0599913518029789
7192,1.3000000000000003,1.059808232668893
8041,4.800000000000003,1.0590567758074754
9644,5.0000000000000036,1.0587061973849505
2393,7.600000000000006,1.0586937451285294
9074,1.7000000000000006,1.058068756429352
4429,2.300000000000001,1.0579942321627411
3577,3.9000000000000026,1.0577961166013563
3173,4.700000000000003,1.0571976095355755
7284,22.70000000000002,1.0565985527700064
6246,11.20000000000001,1.0565789798066374
3922,1.2000000000000002,1.0565316550249952
8056,5.200000000000004,1.0561372197172711
4728,7.2000000000000055,1.055951711504584
8706,2.7000000000000015,1.055578860564053
9997,2.9000000000000017,1.0552060000856023
9761,26.400000000000023,1.0551532921951607
4423,2.6000000000000014,1.054820777794153
6540,2.5000000000000013,1.0547180072544058
5161,1.0,1.0546027213859825
4800,2.7000000000000015,1.0545588545628357
2264,6.500000000000005,1.0544203842225994
7082,9.700000000000008,1.0543963845657465
3201,1.6000000000000005,1.0543082062141738
2916,4.200000000000003,1.05411712306699
6180,6.700000000000005,1.0538653367107165
7219,4.000000000000003,1.053862899691688
5922,6.300000000000004,1.053732133730108
9972,1.2000000000000002,1.0536604207880473
4762,1.6000000000000005,1.0532194786428344
7486,5.900000000000004,1.0531076195503002
1941,1.1,1.0529873157771243
3477,1.4000000000000004,1.0529478804305172
6384,2.7000000000000015,1.0526260333318123
4990,7.000000000000005,1.0517985289679648
2961,2.5000000000000013,1.0513172051676327
8043,1.3000000000000003,1.050751260946265
7800,2.7000000000000015,1.0502221819930437
9743,2.7000000000000015,1.0500990312911738
8850,1.4000000000000004,1.0498734532953948
7254,5.800000000000004,1.049708970176672
2117,30.000000000000025,1.0496387596485428
6643,1.3000000000000003,1.0496033685446922
5946,4.400000000000003,1.0495971006182354
6327,15.500000000000012,1.048898080254572
3166,1.5000000000000004,1.0488142343865392
4838,6.600000000000005,1.0484808824732736
1718,1.2000000000000002,1.048412322369672
5244,1.2000000000000002,1.047935431514884
7088,3.0000000000000018,1.0478111928031468
9698,5.900000000000004,1.0476624531345344
1723,1.0,1.0471587021591184
7229,1.3000000000000003,1.0469238711881588
7175,5.900000000000004,1.0468681821553651
2288,2.8000000000000016,1.0468277062979126
5802,1.1,1.0466735907361793
5906,30.000000000000025,1.0463896972483757
9304,18.700000000000017,1.046102552207365
2692,1.4000000000000004,1.0459589599806876
6875,2.6000000000000014,1.0451380957203518
6192,1.0,1.043785041033236
3946,3.400000000000002,1.0434467453081329
3280,2.4000000000000012,1.0430863191908173
9823,7.100000000000005,1.0430672002982209
4750,30.000000000000025,1.043047613743963
7196,3.400000000000002,1.0423405587825765
9686,2.4000000000000012,1.0421098790068974
4287,11.40000000000001,1.0420744298579283
7628,8.100000000000007,1.0415184541895055
7619,2.6000000000000014,1.0413587100970687
6347,1.0,1.0413407442025284
6470,2.4000000000000012,1.0410947658080638
5900,3.400000000000002,1.0410276521144002
7268,2.000000000000001,1.0408982471634918
5921,3.8000000000000025,1.040137979390718
5990,1.1,1.0398337985743515
8881,3.6000000000000023,1.039799715438222
3123,2.5000000000000013,1.0397594228639795
6245,8.600000000000007,1.039687330058828
8198,19.100000000000016,1.0394428331564907
6407,2.4000000000000012,1.038337743172676
2120,1.0,1.038217481632291
3333,3.300000000000002,1.037850406665395
8131,9.300000000000008,1.0374092260511294
3433,8.600000000000007,1.0372790295118242
2917,17.500000000000014,1.036881830851897
4004,1.4000000000000004,1.0367813859895894
5020,1.0,1.03674024478179
4678,1.0,1.0361852603711854
1899,1.9000000000000008,1.036070054817036
1911,1.0,1.035562560697187
7041,6.000000000000004,1.0348996947421076
9445,2.000000000000001,1.0342834853835534
1954,2.200000000000001,1.0340593026231233
9672,3.100000000000002,1.0328823234774893
1893,1.1,1.0323360079167172
8023,6.300000000000004,1.0323343038581714
5819,1.8000000000000007,1.0321508511609139
5282,1.7000000000000006,1.03200761470834
8155,5.300000000000004,1.0318032508034611
2498,3.200000000000002,1.0316008709213316
1776,6.100000000000005,1.0307723633189554
4120,2.7000000000000015,1.0299292597326146
7354,10.40000000000001,1.0298034572856376
2108,11.600000000000009,1.0296117376515859
3800,4.400000000000003,1.029465022370656
8737,1.8000000000000007,1.0291421676968804
6820,2.4000000000000012,1.0290601687895449
2331,2.6000000000000014,1.0277233296971238
5933,16.500000000000014,1.027093173369733
4182,1.4000000000000004,1.0270728422324313
7038,8.800000000000008,1.0268641709051456
3763,8.200000000000006,1.0267642777478916
2806,3.200000000000002,1.0267478423981973
7244,2.100000000000001,1.0266113446217644
3457,5.800000000000004,1.0262666847878363
8841,1.4000000000000004,1.0262614454664867
6785,9.200000000000006,1.0254509729462924
2908,1.2000000000000002,1.0254060671162526
3857,4.000000000000003,1.0253533560391612
4998,2.000000000000001,1.0252444913722465
3167,2.5000000000000013,1.0247467900267289
9787,3.100000000000002,1.0243083108963562
6235,1.5000000000000004,1.024149279850157
6013,1.1,1.024061522783327
6988,1.0,1.0238492402037602
4072,2.6000000000000014,1.023825696785152
8086,1.4000000000000004,1.0235602480216088
3300,3.8000000000000025,1.0231927915883776
7864,1.7000000000000006,1.0231556334600007
4124,16.700000000000014,1.022894575434251
9414,1.2000000000000002,1.022871080597298
3712,16.200000000000014,1.0227599127807325
3071,3.200000000000002,1.022504852855054
4901,3.400000000000002,1.0223403101012243
2294,2.200000000000001,1.0221197679248561
2814,2.4000000000000012,1.0216314929640442
3241,1.5000000000000004,1.0215590326234647
9063,4.800000000000003,1.0205592123057885
4398,1.7000000000000006,1.020339122997221
4994,1.5000000000000004,1.0196405145854661
4366,2.000000000000001,1.0193946214405405
4367,8.800000000000008,1.0191047602190815
9514,3.500000000000002,1.0189236244910227
7131,2.5000000000000013,1.0188567040229681
6668,10.90000000000001,1.0186135361727142
4534,1.4000000000000004,1.0181845559621059
1333,4.400000000000003,1.018179170080985
6923,4.200000000000003,1.0175809031807903
2754,4.100000000000003,1.0174571530354328
7273,30.000000000000025,1.016657343135833
5218,1.5000000000000004,1.0164947150188846
9022,5.0000000000000036,1.0158664174722267
3598,16.000000000000014,1.0157740030281293
3421,13.50000000000001,1.0148785680960053
8104,3.0000000000000018,1.014459642323544
9263,1.0,1.0140592545844345
9846,1.4000000000000004,1.0140507929169669
9799,1.5000000000000004,1.0136853770349994
5707,1.0,1.013608876718754
8289,2.4000000000000012,1.0135097918950908
4231,1.0,1.0134310411294365
3426,4.400000000000003,1.0132601947106596
4055,4.000000000000003,1.0128919398576912
5162,11.100000000000009,1.0121987469247962
4341,1.1,1.012097399256002
9232,1.6000000000000005,1.011883955885698
6472,1.0,1.0116434822507103
8622,28.200000000000024,1.0115257889709963
6542,7.000000000000005,1.0114636460049256
4005,1.4000000000000004,1.011125475611078
2483,1.3000000000000003,1.0110104409500555
8119,3.0000000000000018,1.0108934174159263
8051,1.2000000000000002,1.0105675355193453
3353,1.7000000000000006,1.01035630681534
2659,4.000000000000003,1.0098567567906023
4471,2.8000000000000016,1.0091263404203212
1950,6.400000000000005,1.0089021847009858
7314,13.600000000000012,1.0088686197806207
7877,14.900000000000013,1.0087403058086406
9869,1.3000000000000003,1.0086368380008786
4189,25.00000000000002,1.0079514342970062
1799,18.800000000000015,1.0077572290473353
9537,1.1,1.0071630540028231
4951,2.300000000000001,1.007055359607533
1420,3.9000000000000026,1.006954338295083
6183,3.6000000000000023,1.0066851402650863
5902,1.1,1.0063112669489005
8005,3.8000000000000025,1.0056288191549287
5603,1.9000000000000008,1.0045575148102335
6480,3.0000000000000018,1.0044807346774882
2211,7.500000000000005,1.0043669052775808
3293,1.7000000000000006,1.0043293731813718
1401,14.200000000000012,1.003901044110288
9313,3.6000000000000023,1.0036862100795396
4188,3.400000000000002,1.0028459607731188
2812,1.6000000000000005,1.0028012259668686
4430,15.400000000000013,1.0024399418459242
3513,3.7000000000000024,1.002405375528556
7671,2.7000000000000015,1.0022111155806528
5363,1.5000000000000004,1.0020035816090962
4977,6.100000000000005,1.0014460841932247
9082,5.600000000000004,1.0010717072475868
6082,1.7000000000000006,1.0002536066397592
7570,3.200000000000002,1.000201332208414
6365,2.4000000000000012,1.0001967372775025
1821,1.2000000000000002,1.0000497348758934
