Symbol,Price,Type,Strike,"Exp Date",DTE,Bid,Midpoint,Ask,Last,Volume,"Open Int",Vol/OI,IV,Delta,Time
QQQ,366.17,Call,364,2023-06-22,0,2.08,2.27,2.46,2.22,134682,3906,34.48,5.43%,0.984258,2023-06-22
SPY,436.51,Call,433,2023-06-26,3,3.66,3.86,4.06,3.75,6157,192,32.07,6.85%,0.911575,2023-06-22
SPY,436.51,Call,435,2023-06-22,0,1.27,1.34,1.4,1.34,478540,16751,28.57,0.00%,0,2023-06-22
IWM,183.33,Call,240,2024-01-19,210,0.26,0.28,0.29,0.28,18181,646,28.14,17.00%,0.031683,2023-06-22
QQQ,366.17,Call,365,2023-06-22,0,1.18,1.4,1.63,1.29,149412,5386,27.74,5.81%,0.864727,2023-06-22
SPY,436.51,Call,433,2023-06-23,0,3.31,3.55,3.79,3.66,18986,687,27.64,11.65%,0.911978,2023-06-22
SPY,436.51,Call,436,2023-06-22,0,0.25,0.33,0.41,0.31,541709,21353,25.37,0.00%,0,2023-06-22
XLI,104.07,Call,107,2023-07-21,28,0.27,0.83,1.39,0.82,37689,1538,24.51,15.88%,0.291587,2023-06-22
KRE,40.16,Put,39.5,2023-07-21,28,1.23,1.35,1.47,1.33,4290,178,24.1,37.81%,-0.411772,2023-06-22
EEM,39.75,Put,37,2024-01-19,210,0.85,0.94,1.03,0.95,30000,1364,21.99,19.50%,-0.253276,2023-06-22
IWM,183.33,Call,182,2023-07-28,35,5.2,5.26,5.31,5.31,3351,157,21.34,18.91%,0.583851,2023-06-22
KRE,40.16,Put,48,2025-12-19,910,9.6,10.85,12.1,10.3,3500,165,21.21,25.44%,-0.578436,2023-06-22
SPY,436.51,Call,434,2023-06-23,0,2.6,2.66,2.72,2.66,61255,2934,20.88,9.13%,0.89226,2023-06-22
XLI,104.07,Put,103,2023-08-18,56,1.28,1.55,1.82,1.57,25821,1280,20.17,14.05%,-0.385168,2023-06-22
IWM,183.33,Call,183,2023-06-23,0,0.84,0.85,0.86,0.83,16733,838,19.97,17.43%,0.584786,2023-06-22
XLE,77.92,Call,83,2023-08-18,56,1.06,1.13,1.19,1.11,6157,338,18.22,23.50%,0.265717,2023-06-22
SPY,436.51,Call,442,2023-06-26,3,0.12,0.13,0.13,0.13,46532,2555,18.21,9.43%,0.077504,2023-06-22
IWM,183.33,Call,200,2023-12-29,189,4.3,4.35,4.4,4.36,12170,679,17.92,17.32%,0.314519,2023-06-22
QQQ,366.17,Call,365,2023-06-27,4,3.27,3.3,3.34,3.24,14292,815,17.54,16.86%,0.58628,2023-06-22
QQQ,366.17,Call,366,2023-06-22,0,0.3,0.34,0.38,0.3,73043,4255,17.17,2.27%,0.690687,2023-06-22
SPY,436.51,Call,438,2023-07-05,12,2.58,2.59,2.6,2.56,1685,100,16.85,9.65%,0.452964,2023-06-22
SPY,436.51,Call,436,2023-06-23,0,1.23,1.24,1.25,1.24,226906,13551,16.74,10.37%,0.593994,2023-06-22
SPY,436.51,Call,435,2023-06-26,3,2.31,2.34,2.37,2.35,33275,2087,15.94,8.74%,0.683931,2023-06-22
SPY,436.51,Call,434,2023-06-22,0,2.26,2.32,2.38,2.32,172006,11070,15.54,0.00%,0,2023-06-22
SPY,436.51,Call,435,2023-07-05,12,4.24,4.25,4.26,4.19,2346,158,14.85,9.95%,0.605208,2023-06-22
QQQ,366.17,Call,368,2023-07-28,35,8.43,8.48,8.52,8.5,3066,207,14.81,19.03%,0.507528,2023-06-22
GDX,29.85,Call,30.5,2023-06-30,7,0.22,0.24,0.25,0.25,5340,362,14.75,30.21%,0.316327,2023-06-22
SPY,436.51,Put,450,2023-11-17,147,18.55,18.72,18.89,18.63,4682,354,13.23,12.55%,-0.613328,2023-06-22
SPY,436.51,Call,435,2023-06-23,0,1.87,1.89,1.9,1.89,188367,14537,12.96,10.08%,0.7526,2023-06-22
SPY,436.51,Call,434,2023-06-26,3,3.01,3.05,3.09,3.01,12366,977,12.66,8.13%,0.795634,2023-06-22
QQQ,366.17,Call,363,2023-06-22,0,3.2,3.35,3.5,3.29,62529,5048,12.39,11.82%,0.924837,2023-06-22
KRE,40.16,Put,37.5,2023-07-21,28,0.59,0.67,0.75,0.69,1401,117,11.97,40.04%,-0.246496,2023-06-22
SPY,436.51,Call,436,2023-07-05,12,3.63,3.64,3.65,3.64,2594,224,11.58,9.83%,0.556087,2023-06-22
QQQ,366.17,Call,364,2023-06-23,0,2.85,2.9,2.95,2.91,39243,3468,11.32,20.60%,0.716316,2023-06-22
SPY,436.51,Call,433,2023-06-22,0,2.78,3.2,3.62,3.16,25519,2302,11.09,10.42%,0.934677,2023-06-22
SPY,436.51,Call,436,2023-06-29,6,2.72,2.73,2.74,2.73,7536,696,10.83,10.42%,0.55513,2023-06-22
SPY,436.51,Call,433,2023-06-29,6,4.63,4.7,4.76,4.55,3138,290,10.82,10.55%,0.741302,2023-06-22
QQQ,366.17,Call,365,2023-06-23,0,2.17,2.2,2.23,2.18,105727,9845,10.74,19.73%,0.628989,2023-06-22
SPY,436.51,Call,437,2023-06-23,0,0.76,0.77,0.77,0.76,126016,13335,9.45,10.68%,0.427916,2023-06-22
DIA,339.34,Put,327,2023-06-30,7,0.11,0.13,0.15,0.13,2147,229,9.38,15.87%,-0.042455,2023-06-22
SMH,150.08,Call,150,2023-07-14,21,3.7,3.75,3.8,4.06,1028,110,9.35,24.81%,0.528571,2023-06-22
XLY,167.39,Put,131,2023-09-15,84,0.5,1.56,2.62,0.56,2000,214,9.35,33.36%,-0.047506,2023-06-22
QQQ,366.17,Put,366,2023-06-28,5,2.7,2.72,2.73,2.8,2631,287,9.17,16.94%,-0.4772,2023-06-22
IWM,183.33,Call,183,2023-06-28,5,1.64,1.65,1.67,1.66,1239,139,8.91,16.85%,0.550093,2023-06-22
IWM,183.33,Call,184,2023-06-23,0,0.41,0.42,0.42,0.41,16188,1873,8.64,18.06%,0.354257,2023-06-22
SPY,436.51,Call,437,2023-07-05,12,3.08,3.09,3.1,3.08,1915,222,8.63,9.71%,0.50497,2023-06-22
SPY,436.51,Put,434,2023-06-23,0,0.28,0.29,0.29,0.29,126693,14766,8.58,12.62%,-0.184995,2023-06-22
QQQ,366.17,Put,347,2023-07-07,14,0.57,0.58,0.59,0.58,4996,588,8.5,20.79%,-0.083773,2023-06-22
IWM,183.33,Call,183,2023-06-26,3,1.2,1.21,1.23,1.24,2481,294,8.44,15.27%,0.562854,2023-06-22
QQQ,366.17,Put,329,2023-09-29,98,4,4.02,4.03,4.33,1777,211,8.42,24.26%,-0.157975,2023-06-22
KWEB,27.51,Call,30.5,2023-07-21,28,0.3,0.31,0.32,0.33,1615,192,8.41,39.35%,0.195896,2023-06-22
QQQ,366.17,Put,363,2023-06-23,0,0.39,0.4,0.4,0.4,48550,5774,8.41,19.65%,-0.192799,2023-06-22
QQQ,366.17,Put,363,2023-06-27,4,1.21,1.23,1.24,1.28,4208,511,8.23,16.77%,-0.298636,2023-06-22
SPY,436.51,Call,437,2023-06-26,3,1.23,1.24,1.25,1.24,29487,3676,8.02,8.94%,0.46114,2023-06-22
QQQ,366.17,Put,347,2023-06-30,7,0.19,0.2,0.21,0.2,31260,3916,7.98,22.98%,-0.041749,2023-06-22
SPY,436.51,Call,436,2023-06-26,3,1.73,1.74,1.75,1.74,32959,4179,7.89,8.85%,0.574087,2023-06-22
QQQ,366.17,Put,364,2023-06-26,3,1.14,1.15,1.16,1.15,8933,1143,7.82,15.90%,-0.329516,2023-06-22
QQQ,366.17,Put,362,2023-06-27,4,0.96,0.98,0.99,0.98,4207,539,7.81,17.04%,-0.249734,2023-06-22
QQQ,366.17,Put,360,2023-06-27,4,0.6,0.61,0.62,0.6,5128,657,7.81,17.44%,-0.167397,2023-06-22
QQQ,366.17,Put,364,2023-06-23,0,0.59,0.61,0.62,0.6,42265,5426,7.79,19.08%,-0.269178,2023-06-22
QQQ,366.17,Call,364,2023-06-27,4,3.89,3.93,3.97,3.81,3533,465,7.6,16.98%,0.644703,2023-06-22
TMF,7.72,Put,8,2023-06-23,0,0.25,0.33,0.4,0.3,6300,832,7.57,65.64%,-0.847748,2023-06-22
QQQ,366.17,Put,365,2023-06-29,6,2.55,2.57,2.58,2.58,7378,974,7.57,17.31%,-0.427901,2023-06-22
SPY,436.51,Call,432,2023-06-22,0,4.04,4.32,4.6,3.78,5117,677,7.56,11.81%,0.956493,2023-06-22
GLD,177.71,Put,187,2023-09-29,98,9.8,9.9,10,9.75,926,126,7.35,13.67%,-0.782471,2023-06-22
QQQ,366.17,Call,364,2023-06-26,3,3.44,3.51,3.59,3.4,8971,1228,7.31,16.45%,0.666734,2023-06-22
QQQ,366.17,Call,365,2023-06-26,3,2.81,2.84,2.88,2.85,12952,1778,7.28,16.15%,0.599166,2023-06-22
SPY,436.51,Call,440,2023-06-26,3,0.35,0.36,0.36,0.36,29048,4002,7.26,9.25%,0.181518,2023-06-22
IWM,183.33,Call,185,2023-06-23,0,0.18,0.19,0.19,0.18,24903,3446,7.23,19.01%,0.183186,2023-06-22
XLP,74.27,Call,74.5,2023-07-21,28,0.67,0.79,0.91,0.78,2544,353,7.21,9.99%,0.489226,2023-06-22
IWM,183.33,Put,183,2023-06-28,5,1.33,1.35,1.36,1.32,3046,426,7.15,18.02%,-0.454334,2023-06-22
QQQ,366.17,Put,361,2023-06-27,4,0.76,0.77,0.78,0.79,2476,353,7.01,17.23%,-0.205645,2023-06-22
SPY,436.51,Call,438,2023-06-23,0,0.43,0.44,0.44,0.44,86029,12270,7.01,11.05%,0.283145,2023-06-22
ARKK,42.67,Call,44.5,2023-06-30,7,0.27,0.28,0.29,0.26,2833,410,6.91,37.68%,0.223639,2023-06-22
SPY,436.51,Put,460,2024-01-19,210,26.53,26.79,27.04,27.15,3371,488,6.91,12.62%,-0.708572,2023-06-22
QQQ,366.17,Put,365,2023-06-23,0,0.89,0.9,0.9,0.89,47938,6944,6.9,18.65%,-0.364744,2023-06-22
SPY,436.51,Put,438,2023-07-05,12,3.62,3.64,3.65,3.65,1061,154,6.89,9.78%,-0.555617,2023-06-22
TSLL,17.72,Call,18,2023-06-23,0,0.2,0.23,0.25,0.2,4568,663,6.89,86.43%,0.372923,2023-06-22
XLI,104.07,Call,110,2023-09-15,84,0.5,0.92,1.33,0.96,12780,1869,6.84,13.64%,0.245208,2023-06-22
QQQ,366.17,Call,369,2023-06-28,5,1.81,1.83,1.84,1.82,2709,400,6.77,17.14%,0.365709,2023-06-22
SPY,436.51,Call,433,2023-07-03,10,5.22,5.29,5.35,5.4,2171,321,6.76,10.11%,0.70878,2023-06-22
QQQ,366.17,Call,367,2023-06-23,0,1.1,1.11,1.12,1.12,33054,4902,6.74,19.47%,0.418108,2023-06-22
SPY,436.51,Put,433,2023-07-03,10,1.38,1.38,1.39,1.34,1620,242,6.69,10.21%,-0.296046,2023-06-22
UVIX,4.97,Call,5,2023-06-30,7,0.2,0.25,0.3,0.25,2352,357,6.59,95.39%,0.511117,2023-06-22
QQQ,366.17,Call,374,2023-06-30,7,1.12,1.13,1.14,1.11,15138,2303,6.57,18.33%,0.215686,2023-06-22
QQQ,366.17,Put,440,2023-08-18,56,73.41,73.71,74.01,73.83,8554,1307,6.54,28.69%,-0.990311,2023-06-22
SPY,436.51,Put,435,2023-06-23,0,0.5,0.51,0.51,0.5,174421,26875,6.49,12.25%,-0.287311,2023-06-22
SPY,436.51,Put,435,2023-06-26,3,0.9,0.91,0.91,0.91,43313,6787,6.38,10.11%,-0.34079,2023-06-22
QQQ,366.17,Call,368,2023-06-26,3,1.34,1.36,1.37,1.36,5821,919,6.33,15.81%,0.376445,2023-06-22
SPY,436.51,Put,409,2023-07-28,35,1.03,1.04,1.05,1.04,1366,216,6.32,17.13%,-0.094136,2023-06-22
QQQ,366.17,Call,370,2023-06-27,4,1.1,1.12,1.13,1.07,5308,840,6.32,16.47%,0.285616,2023-06-22
DIA,339.34,Call,347,2023-06-30,7,0.14,0.17,0.2,0.18,2184,347,6.29,10.98%,0.077794,2023-06-22
QQQ,366.17,Put,343,2023-07-07,14,0.38,0.39,0.4,0.38,1668,266,6.27,21.82%,-0.056127,2023-06-22
TLT,102.31,Call,104,2023-07-28,35,1.2,1.23,1.26,1.21,2037,325,6.27,14.56%,0.384086,2023-06-22
EEM,39.75,Call,44,2024-01-19,210,0.6,0.69,0.77,0.61,30000,4810,6.24,14.79%,0.243273,2023-06-22
SPY,436.51,Call,434,2023-07-03,10,4.56,4.6,4.64,4.52,3161,509,6.21,10.08%,0.660224,2023-06-22
BITI,18.85,Call,19,2023-07-21,28,0.85,1.13,1.4,1.08,646,105,6.15,53.84%,0.517342,2023-06-22
XLI,104.07,Put,104,2023-07-21,28,1.14,1.57,2,1.46,3003,491,6.12,14.03%,-0.465008,2023-06-22
GLD,177.71,Call,178.5,2023-06-23,0,0.23,0.25,0.26,0.26,787,129,6.1,15.22%,0.294682,2023-06-22
URTY,39.27,Call,42,2023-07-21,28,1.05,1.13,1.2,1.14,1121,184,6.09,48.98%,0.344127,2023-06-22
QQQ,366.17,Call,363,2023-06-23,0,3.63,3.72,3.81,3.69,29217,4845,6.03,21.08%,0.791137,2023-06-22
UNG,7.17,Call,10,2023-08-18,56,0.09,0.12,0.15,0.12,2901,484,5.99,67.93%,0.138403,2023-06-22
SPY,436.51,Put,433,2023-06-26,3,0.4,0.41,0.41,0.41,22482,3760,5.98,10.28%,-0.184129,2023-06-22
SPY,436.51,Call,438,2023-06-26,3,0.85,0.86,0.86,0.85,19155,3225,5.94,9.03%,0.353554,2023-06-22
SPY,436.51,Put,427,2023-06-27,4,0.09,0.1,0.1,0.1,7842,1329,5.9,12.49%,-0.042763,2023-06-22
SPY,436.51,Put,436,2023-06-23,0,0.86,0.87,0.87,0.87,89017,15093,5.9,12.42%,-0.421903,2023-06-22
QQQ,366.17,Put,361,2023-06-29,6,1.29,1.31,1.32,1.3,737,126,5.85,17.91%,-0.254983,2023-06-22
USO,62.52,Call,63,2023-06-23,0,0.25,0.27,0.28,0.28,2328,402,5.79,36.84%,0.350922,2023-06-22
SPY,436.51,Call,432,2023-06-29,6,5.39,5.47,5.54,5.58,2550,445,5.73,10.59%,0.792459,2023-06-22
SPY,436.51,Call,435,2023-07-03,10,3.93,3.95,3.96,3.93,3761,658,5.72,9.93%,0.609955,2023-06-22
SPY,436.51,Call,434,2023-06-28,5,3.6,3.64,3.68,3.64,6437,1126,5.72,9.78%,0.70978,2023-06-22
QQQ,366.17,Put,363,2023-06-26,3,0.86,0.87,0.88,0.86,5332,938,5.68,16.00%,-0.264748,2023-06-22
SPY,436.51,Put,434,2023-06-26,3,0.61,0.62,0.62,0.61,19163,3386,5.66,10.10%,-0.253758,2023-06-22
QQQ,366.17,Call,367,2023-06-29,6,3.06,3.08,3.09,3.08,1078,191,5.64,17.89%,0.478019,2023-06-22
TQQQ,40.14,Call,39.5,2023-06-30,7,1.54,1.59,1.63,1.59,6714,1192,5.63,55.67%,0.601808,2023-06-22
QQQ,366.17,Call,361,2023-06-22,0,5.11,5.29,5.47,5.11,10619,1914,5.55,23.34%,0.882749,2023-06-22
XRT,62.3,Put,59,2023-09-15,84,0.28,2.54,4.8,1.62,826,149,5.54,26.99%,-0.297343,2023-06-22
TLT,102.31,Put,100.5,2023-07-21,28,0.77,0.79,0.8,0.76,614,111,5.53,14.09%,-0.303305,2023-06-22
QQQ,366.17,Call,368,2023-06-29,6,2.6,2.62,2.63,2.63,1537,279,5.51,17.86%,0.430896,2023-06-22
QQQ,366.17,Call,363,2023-07-14,21,8.61,8.65,8.68,8.56,3349,610,5.49,18.33%,0.609577,2023-06-22
QQQ,366.17,Put,357,2023-06-28,5,0.47,0.48,0.48,0.48,2108,385,5.48,18.96%,-0.119166,2023-06-22
SPY,436.51,Put,700,2024-12-20,546,261.39,263.33,265.26,264.43,599,110,5.45,35.23%,-0.920063,2023-06-22
SPY,436.51,Call,436,2023-06-27,4,2.07,2.09,2.1,2.08,11161,2047,5.45,9.42%,0.564997,2023-06-22
SPY,436.51,Call,440,2023-07-05,12,1.75,1.76,1.77,1.74,939,173,5.43,9.51%,0.350418,2023-06-22
SPY,436.51,Put,436,2023-06-26,3,1.29,1.3,1.31,1.31,25137,4648,5.41,10.16%,-0.437555,2023-06-22
QQQ,366.17,Call,363,2023-06-29,6,5.38,5.46,5.54,5.05,1242,230,5.4,18.64%,0.657883,2023-06-22
XLU,66,Call,67,2023-07-14,21,0,0.35,0.7,0.52,739,139,5.32,14.28%,0.348521,2023-06-22
SPY,436.51,Call,435,2023-06-28,5,2.96,2.98,2.99,2.97,9371,1761,5.32,9.78%,0.6375,2023-06-22
IWM,183.33,Put,215,2023-12-15,175,31.57,31.81,32.04,31.82,2110,397,5.31,20.00%,-0.934826,2023-06-22
QQQ,366.17,Call,362,2023-06-22,0,4.07,4.27,4.46,4.1,30229,5715,5.29,19.84%,0.87036,2023-06-22
IWM,183.33,Put,240,2023-12-15,175,56.6,56.81,57.02,56.86,530,101,5.25,29.93%,-0.947914,2023-06-22
IWM,183.33,Put,181,2023-07-07,14,1.45,1.46,1.47,1.46,3468,660,5.25,17.82%,-0.338348,2023-06-22
SPY,436.51,Put,450,2023-06-30,7,13.36,13.66,13.96,13.59,874,167,5.23,14.53%,-0.947191,2023-06-22
SPY,436.51,Put,433,2023-06-23,0,0.16,0.17,0.17,0.17,96951,18738,5.17,13.19%,-0.116052,2023-06-22
SPY,436.51,Put,436,2023-06-29,6,2.01,2.02,2.03,2.03,4426,860,5.15,10.67%,-0.44976,2023-06-22
QQQ,366.17,Put,368,2023-06-22,0,1.57,1.78,1.98,1.89,1405,274,5.13,8.01%,-0.888598,2023-06-22
QQQ,366.17,Put,359,2023-06-29,6,0.91,0.92,0.93,0.95,620,123,5.04,18.46%,-0.190768,2023-06-22
SPY,436.51,Call,434,2023-06-27,4,3.32,3.36,3.4,3.4,4771,946,5.04,9.57%,0.732373,2023-06-22
SPY,436.51,Call,435,2023-06-29,6,3.31,3.33,3.34,3.36,8473,1685,5.03,10.48%,0.621284,2023-06-22
QQQ,366.17,Call,370,2023-06-29,6,1.83,1.84,1.85,1.85,2525,509,4.96,17.70%,0.339159,2023-06-22
QQQ,366.17,Call,360,2023-06-22,0,6.04,6.26,6.47,6.06,4268,867,4.92,26.49%,0.894401,2023-06-22
EEM,39.75,Put,50,2023-12-15,175,10.05,10.38,10.7,10.28,33600,6870,4.89,25.24%,-0.951012,2023-06-22
QQQ,366.17,Call,366,2023-06-23,0,1.57,1.6,1.63,1.59,31416,6440,4.88,19.51%,0.525059,2023-06-22
KRE,40.16,Call,40,2023-08-18,56,2.5,2.66,2.82,2.63,1898,392,4.84,40.10%,0.545615,2023-06-22
EWZ,32.78,Put,22,2024-06-21,364,0.6,0.82,1.03,0.77,905,188,4.81,37.07%,-0.109226,2023-06-22
SPY,436.51,Call,443,2023-06-29,6,0.42,0.43,0.43,0.44,2522,530,4.76,10.33%,0.14405,2023-06-22
SPY,436.51,Put,432,2023-06-26,3,0.26,0.27,0.27,0.27,11453,2407,4.76,10.47%,-0.129741,2023-06-22
QQQ,366.17,Call,367,2023-06-26,3,1.77,1.79,1.8,1.78,4942,1040,4.75,15.91%,0.450588,2023-06-22
QQQ,366.17,Call,366,2023-06-26,3,2.26,2.28,2.3,2.3,5145,1091,4.72,16.20%,0.525559,2023-06-22
SPY,436.51,Put,434,2023-06-29,6,1.24,1.25,1.26,1.21,5044,1073,4.7,10.66%,-0.320852,2023-06-22
QQQ,366.17,Put,362,2023-06-26,3,0.65,0.66,0.67,0.7,6400,1361,4.7,16.41%,-0.212087,2023-06-22
SOXL,23.1,Call,23.5,2023-06-23,0,0.21,0.22,0.24,0.21,2920,624,4.68,77.78%,0.344008,2023-06-22
QQQ,366.17,Put,353,2023-07-28,35,3.54,3.57,3.59,3.58,613,133,4.61,20.44%,-0.251562,2023-06-22
IWM,183.33,Call,195,2023-07-28,35,0.65,0.67,0.69,0.67,2766,601,4.6,16.97%,0.139654,2023-06-22
IEMG,49.44,Call,50,2023-07-21,28,0.5,0.58,0.65,0.53,748,163,4.59,13.38%,0.409845,2023-06-22
SPY,436.51,Put,441,2023-12-15,175,15.99,16.12,16.24,16.77,4609,1005,4.59,14.20%,-0.481668,2023-06-22
SPY,436.51,Put,435,2023-07-05,12,2.26,2.27,2.28,2.23,1135,249,4.56,10.01%,-0.400934,2023-06-22
SPY,436.51,Put,448,2023-08-18,56,12.81,12.98,13.14,13,2648,581,4.56,10.24%,-0.741259,2023-06-22
QQQ,366.17,Put,250,2023-10-20,119,0.63,0.64,0.65,0.71,3504,774,4.53,36.07%,-0.021357,2023-06-22
XLU,66,Put,66,2023-07-14,21,0.15,0.6,1.05,0.8,768,170,4.52,13.21%,-0.48199,2023-06-22
QQQ,366.17,Put,359,2023-06-28,5,0.7,0.71,0.72,0.7,2472,549,4.5,18.20%,-0.167205,2023-06-22
QQQ,366.17,Put,370,2023-06-27,4,4.67,4.73,4.79,4.7,638,142,4.49,15.77%,-0.728955,2023-06-22
QQQ,366.17,Call,363,2023-06-26,3,4.15,4.25,4.34,4.25,5107,1143,4.47,16.82%,0.726439,2023-06-22
XLU,66,Call,74,2024-01-19,210,0,1.9,3.8,0.58,4280,972,4.4,13.38%,0.169032,2023-06-22
SPY,436.51,Put,437,2023-06-28,5,2.31,2.32,2.33,2.31,5928,1350,4.39,10.57%,-0.522063,2023-06-22
XLE,77.92,Put,100,2023-07-21,28,21.6,22,22.4,22.05,4400,1008,4.37,59.36%,-0.925808,2023-06-22
QQQ,366.17,Call,373,2023-06-29,6,1.03,1.04,1.05,1,519,120,4.33,17.70%,0.220437,2023-06-22
SPY,436.51,Put,437,2023-07-05,12,3.11,3.12,3.13,3.13,1324,307,4.31,9.83%,-0.503173,2023-06-22
SPY,436.51,Put,437,2023-06-22,0,0.65,0.7,0.74,0.67,36883,8654,4.26,4.44%,-0.678755,2023-06-22
SPY,436.51,Call,431,2023-06-22,0,4.72,5.31,5.91,5.25,918,216,4.25,22.63%,0.863137,2023-06-22
QQQ,366.17,Put,366,2023-06-23,0,1.28,1.3,1.31,1.3,14443,3398,4.25,18.48%,-0.474733,2023-06-22
QQQ,366.17,Call,361,2023-06-26,3,5.75,5.86,5.96,5.73,1248,296,4.22,17.42%,0.824257,2023-06-22
QQQ,366.17,Call,366,2023-06-28,5,3.15,3.18,3.21,3.11,2034,483,4.21,17.43%,0.525154,2023-06-22
QQQ,366.17,Call,362,2023-06-23,0,4.51,4.57,4.64,4.49,13057,3104,4.21,22.49%,0.840434,2023-06-22
SMH,150.08,Put,150,2023-07-14,21,3.1,3.2,3.3,3.25,1003,239,4.2,23.85%,-0.473949,2023-06-22
SPY,436.51,Put,436,2023-06-27,4,1.58,1.59,1.6,1.57,11530,2758,4.18,10.45%,-0.443922,2023-06-22
XLE,77.92,Put,73,2023-09-15,84,1.51,1.59,1.66,1.6,2072,498,4.16,24.99%,-0.26468,2023-06-22
QQQ,366.17,Put,358,2023-06-28,5,0.57,0.58,0.59,0.58,1055,254,4.15,18.58%,-0.141369,2023-06-22
KRE,40.16,Put,64,2024-01-19,210,22.75,24.05,25.35,23.85,970,235,4.13,38.90%,-0.970517,2023-06-22
SPY,436.51,Put,431,2023-07-03,10,0.92,0.93,0.94,0.9,905,222,4.08,10.49%,-0.214496,2023-06-22
QQQ,366.17,Call,363,2023-06-28,5,4.95,5.04,5.13,4.68,1958,481,4.07,17.91%,0.675312,2023-06-22
EFA,72.08,Put,45,2024-12-20,546,0.32,0.7,1.08,0.84,2000,492,4.07,31.16%,-0.060845,2023-06-22
XBI,86.59,Put,82,2023-06-30,7,0.14,0.15,0.16,0.15,512,126,4.06,30.08%,-0.088509,2023-06-22
SPY,436.51,Call,440,2023-06-29,6,1.04,1.05,1.05,1.06,3982,981,4.06,10.30%,0.290742,2023-06-22
GDXJ,35.21,Put,33,2023-08-18,56,0.8,0.84,0.87,0.82,3017,745,4.05,33.43%,-0.272037,2023-06-22
XLI,104.07,Put,95,2023-09-15,84,0.13,1.17,2.2,0.82,25417,6279,4.05,20.66%,-0.147961,2023-06-22
LABU,6.74,Call,9,2023-08-18,56,0.18,0.2,0.21,0.23,1025,254,4.04,73.74%,0.203479,2023-06-22
SPY,436.51,Call,436,2023-06-28,5,2.38,2.39,2.4,2.4,9748,2415,4.04,9.90%,0.559409,2023-06-22
SPY,436.51,Call,435,2023-06-27,4,2.66,2.68,2.69,2.68,10487,2611,4.02,9.39%,0.654619,2023-06-22
GDXJ,35.21,Put,34,2023-07-21,28,0.64,0.66,0.67,0.68,549,138,3.98,31.45%,-0.316007,2023-06-22
IYR,83.3,Put,81,2023-07-21,28,0.65,0.67,0.69,0.66,3858,969,3.98,17.50%,-0.263299,2023-06-22
QQQ,366.17,Put,362,2023-06-23,0,0.26,0.27,0.28,0.26,34779,8755,3.97,20.17%,-0.133779,2023-06-22
IWM,183.33,Put,182.5,2023-07-21,28,2.97,2.98,2.99,2.97,605,153,3.95,17.68%,-0.436455,2023-06-22
SPY,436.51,Call,433,2023-06-28,5,4.29,4.34,4.39,4.44,2155,549,3.93,9.52%,0.780564,2023-06-22
XOP,122.72,Call,125,2023-06-23,0,0.11,0.13,0.15,0.17,2430,620,3.92,31.25%,0.130911,2023-06-22
QQQ,366.17,Put,357.5,2023-07-21,28,3.46,3.48,3.49,3.5,543,139,3.91,18.41%,-0.290437,2023-06-22
TNA,33.29,Call,33.5,2023-06-23,0,0.28,0.3,0.32,0.27,1205,315,3.83,56.98%,0.42334,2023-06-22
QQQ,366.17,Put,364,2023-06-29,6,2.16,2.18,2.19,2.19,1752,460,3.81,17.43%,-0.380432,2023-06-22
SPY,436.51,Put,436,2023-11-17,147,12.97,13.01,13.05,12.96,1651,437,3.78,14.46%,-0.434124,2023-06-22
IWM,183.33,Call,184,2023-06-28,5,1.16,1.17,1.18,1.17,832,221,3.76,16.81%,0.440072,2023-06-22
GDX,29.85,Call,30,2023-07-07,14,0.53,0.57,0.6,0.61,508,136,3.74,26.46%,0.48205,2023-06-22
SPY,436.51,Put,434,2023-07-05,12,1.91,1.92,1.93,1.86,539,144,3.74,10.13%,-0.353576,2023-06-22
IYR,83.3,Put,82,2023-07-21,28,0.89,0.92,0.94,0.92,10055,2686,3.74,16.75%,-0.346951,2023-06-22
QQQ,366.17,Call,365,2023-06-29,6,4.13,4.17,4.2,4.16,1706,459,3.72,18.15%,0.571768,2023-06-22
SPY,436.51,Call,439,2023-06-29,6,1.36,1.37,1.37,1.38,2832,764,3.71,10.32%,0.352607,2023-06-22
SQQQ,19.42,Put,19.5,2023-06-30,7,0.58,0.61,0.64,0.62,4702,1267,3.71,54.43%,-0.50396,2023-06-22
TMF,7.72,Put,8,2023-06-30,7,0.3,0.32,0.35,0.32,2570,697,3.69,32.53%,-0.777242,2023-06-22
ARKK,42.67,Call,42.5,2023-06-30,7,0.99,1.01,1.03,0.99,615,168,3.66,37.44%,0.548457,2023-06-22
SPY,436.51,Put,432,2023-06-23,0,0.09,0.1,0.1,0.1,57920,15830,3.66,13.81%,-0.071664,2023-06-22
QQQ,366.17,Put,364,2023-06-27,4,1.52,1.53,1.54,1.59,2567,706,3.64,16.57%,-0.353761,2023-06-22
SPY,436.51,Call,434,2023-07-07,14,5.54,5.56,5.57,5.56,6381,1778,3.59,11.19%,0.631869,2023-06-22
SPY,436.51,Put,434,2023-06-27,4,0.85,0.86,0.86,0.85,10013,2810,3.56,10.41%,-0.285625,2023-06-22
QQQ,366.17,Put,355,2023-06-26,3,0.1,0.11,0.11,0.1,4544,1279,3.55,19.59%,-0.038121,2023-06-22
QQQ,366.17,Call,371,2023-06-28,5,1.19,1.21,1.22,1.19,1237,349,3.54,17.06%,0.269061,2023-06-22
QQQ,366.17,Call,370,2023-06-28,5,1.48,1.49,1.5,1.5,1339,380,3.52,17.22%,0.317148,2023-06-22
SPY,436.51,Put,431,2023-06-26,3,0.17,0.18,0.18,0.17,11583,3287,3.52,10.60%,-0.087603,2023-06-22
QQQ,366.17,Put,354,2023-06-28,5,0.26,0.27,0.27,0.27,1119,319,3.51,20.08%,-0.07024,2023-06-22
TQQQ,40.14,Call,39,2023-06-23,0,1.22,1.28,1.33,1.25,23049,6561,3.51,57.64%,0.836695,2023-06-22
EWZ,32.78,Put,32,2023-07-07,14,0.34,0.36,0.38,0.36,1072,306,3.5,26.37%,-0.318444,2023-06-22
SPY,436.51,Call,440,2023-07-03,10,1.52,1.53,1.53,1.52,2314,663,3.49,9.63%,0.333728,2023-06-22
LABD,12.77,Call,13,2023-07-07,14,0.6,0.68,0.75,0.63,595,171,3.48,73.04%,0.480947,2023-06-22
QQQ,366.17,Put,358,2023-06-29,6,0.76,0.77,0.78,0.81,523,151,3.46,18.74%,-0.16375,2023-06-22
QQQ,366.17,Put,361,2023-06-26,3,0.49,0.5,0.5,0.53,3821,1116,3.42,16.72%,-0.166662,2023-06-22
GLD,177.71,Call,179,2023-06-23,0,0.12,0.13,0.14,0.14,1385,406,3.41,15.12%,0.184307,2023-06-22
SPY,436.51,Put,434,2023-06-28,5,1.06,1.07,1.08,1.09,8071,2376,3.4,10.62%,-0.307056,2023-06-22
SPY,436.51,Put,437,2023-06-23,0,1.37,1.38,1.39,1.37,27363,8070,3.39,12.47%,-0.56298,2023-06-22
QQQ,366.17,Put,354,2023-06-27,4,0.15,0.16,0.17,0.17,897,265,3.38,20.23%,-0.051751,2023-06-22
IWM,183.33,Put,200,2023-06-30,7,16.74,16.83,16.92,16.76,550,163,3.37,36.31%,-0.961027,2023-06-22
SPY,436.51,Call,439,2023-06-23,0,0.23,0.24,0.24,0.24,54862,16268,3.37,11.40%,0.173327,2023-06-22
IWM,183.33,Put,183,2023-06-26,3,0.94,0.96,0.97,0.97,3175,946,3.36,17.35%,-0.44526,2023-06-22
SPY,436.51,Call,485,2024-03-15,266,6.46,6.54,6.61,6.39,1117,333,3.35,12.44%,0.248481,2023-06-22
DIA,339.34,Put,339,2023-06-23,0,0.66,0.71,0.75,0.72,2199,657,3.35,12.68%,-0.433904,2023-06-22
XLE,77.92,Call,78,2023-06-23,0,0.22,0.35,0.47,0.36,618,186,3.32,24.61%,0.471409,2023-06-22
SPY,436.51,Call,434,2023-06-29,6,3.94,3.98,4.02,3.93,7188,2177,3.3,10.51%,0.683861,2023-06-22
SQQQ,19.42,Put,19,2023-06-30,7,0.38,0.39,0.39,0.38,3215,993,3.24,53.72%,-0.367461,2023-06-22
SLV,20.53,Put,20,2023-07-07,14,0.18,0.19,0.19,0.17,695,215,3.23,25.71%,-0.281672,2023-06-22
QQQ,366.17,Call,366,2023-06-29,6,3.57,3.6,3.63,3.58,1246,386,3.23,17.93%,0.525424,2023-06-22
SPY,436.51,Put,434,2023-07-03,10,1.67,1.68,1.69,1.71,1228,381,3.22,10.09%,-0.343659,2023-06-22
QQQ,366.17,Put,405,2023-07-21,28,38.46,38.75,39.03,38.83,9666,3001,3.22,21.54%,-0.991842,2023-06-22
IWM,183.33,Call,182.5,2023-07-21,28,4.33,4.35,4.36,4.29,610,190,3.21,18.06%,0.567157,2023-06-22
TQQQ,40.14,Call,38.5,2023-06-23,0,1.65,1.73,1.8,1.73,3559,1109,3.21,69.19%,0.88134,2023-06-22
XHB,76.72,Put,75,2024-01-19,210,2.82,4.81,6.8,4.4,502,157,3.2,26.11%,-0.381187,2023-06-22
SPY,436.51,Call,437,2023-06-29,6,2.2,2.21,2.22,2.22,4444,1388,3.2,10.45%,0.486964,2023-06-22
QQQ,366.17,Put,365,2023-06-26,3,1.49,1.5,1.51,1.51,5231,1636,3.2,15.82%,-0.400714,2023-06-22
SPY,436.51,Put,415,2023-07-07,14,0.24,0.25,0.25,0.23,11085,3468,3.2,15.67%,-0.044148,2023-06-22
QQQ,366.17,Call,367,2023-07-07,14,4.91,4.93,4.95,4.95,4214,1324,3.18,17.64%,0.500574,2023-06-22
SPY,436.51,Put,435,2023-06-27,4,1.17,1.17,1.18,1.2,10496,3298,3.18,10.40%,-0.36159,2023-06-22
GDX,29.85,Call,30,2023-06-30,7,0.4,0.42,0.44,0.43,991,313,3.17,29.78%,0.466279,2023-06-22
QQQ,366.17,Call,368,2023-06-23,0,0.72,0.74,0.75,0.72,20232,6486,3.12,18.93%,0.312159,2023-06-22
QQQ,366.17,Call,365,2023-06-28,5,3.69,3.72,3.76,3.73,2379,765,3.11,17.47%,0.578014,2023-06-22
EWZ,32.78,Put,31,2023-08-18,56,0.69,0.71,0.72,0.7,2508,807,3.11,27.55%,-0.294797,2023-06-22
SPY,436.51,Put,433,2023-06-29,6,0.96,0.97,0.97,0.93,2992,961,3.11,10.72%,-0.263805,2023-06-22
QQQ,366.17,Put,362,2023-06-29,6,1.54,1.55,1.56,1.65,775,251,3.09,17.71%,-0.293315,2023-06-22
SPY,436.51,Call,437,2023-06-28,5,1.87,1.88,1.89,1.87,6869,2238,3.07,9.83%,0.480587,2023-06-22
SPY,436.51,Put,432,2023-06-29,6,0.73,0.74,0.74,0.74,2604,850,3.06,10.82%,-0.213776,2023-06-22
EWZ,32.78,Call,32,2023-07-28,35,1.58,1.63,1.67,1.54,570,188,3.03,31.27%,0.606136,2023-06-22
XLU,66,Call,75,2025-01-17,574,0,2.5,5,2.46,750,248,3.02,15.00%,0.327491,2023-06-22
SPY,436.51,Put,436,2023-06-28,5,1.82,1.83,1.84,1.83,7189,2381,3.02,10.62%,-0.447667,2023-06-22
SPY,436.51,Call,430,2023-06-22,0,5.74,6.33,6.91,6.24,1154,384,3.01,25.40%,0.875442,2023-06-22
SPY,436.51,Put,414,2023-07-28,35,1.35,1.36,1.37,1.36,1314,437,3.01,16.06%,-0.124108,2023-06-22
SPY,436.51,Put,440,2023-06-22,0,3.14,3.51,3.88,3.34,631,211,2.99,17.49%,-0.807429,2023-06-22
TQQQ,40.14,Call,40,2023-06-23,0,0.53,0.55,0.58,0.57,27944,9385,2.98,59.51%,0.552652,2023-06-22
SPY,436.51,Call,434,2023-07-14,21,6.82,6.84,6.85,6.97,2315,782,2.96,11.89%,0.613597,2023-06-22
SPY,436.51,Put,435,2023-06-29,6,1.59,1.6,1.61,1.61,4630,1568,2.95,10.68%,-0.383859,2023-06-22
GDX,29.85,Call,29.5,2023-06-23,0,0.37,0.41,0.45,0.42,608,207,2.94,31.68%,0.767511,2023-06-22
QQQ,366.17,Put,363,2023-07-14,21,4.27,4.29,4.31,4.33,1599,543,2.94,17.44%,-0.391053,2023-06-22
SPY,436.51,Put,438,2023-06-29,6,3.05,3.06,3.07,3.12,3899,1326,2.94,10.60%,-0.585335,2023-06-22
QQQ,366.17,Put,363,2023-06-29,6,1.83,1.84,1.85,1.86,1612,550,2.93,17.52%,-0.334989,2023-06-22
QQQ,366.17,Call,368,2023-06-27,4,1.78,1.81,1.83,1.74,1724,590,2.92,16.60%,0.40136,2023-06-22
SPY,436.51,Put,460,2023-07-28,35,23.36,23.66,23.96,23.83,1318,458,2.88,14.18%,-0.904137,2023-06-22
QQQ,366.17,Put,361,2023-06-23,0,0.17,0.18,0.19,0.18,20623,7168,2.88,21.14%,-0.095058,2023-06-22
XLF,32.88,Call,33,2023-07-14,21,0.43,0.46,0.49,0.43,536,187,2.87,14.64%,0.48486,2023-06-22
SPY,436.51,Put,429,2023-06-29,6,0.34,0.35,0.35,0.32,1548,540,2.87,11.48%,-0.110526,2023-06-22
SPY,436.51,Call,436,2023-07-03,10,3.33,3.34,3.36,3.36,3007,1048,2.87,9.95%,0.555379,2023-06-22
SPY,436.51,Call,432,2023-06-23,0,4.22,4.49,4.76,4.38,3271,1141,2.87,16.70%,0.887378,2023-06-22
SPY,436.51,Put,431,2023-06-29,6,0.56,0.57,0.57,0.57,1904,667,2.85,10.99%,-0.172013,2023-06-22
KRE,40.16,Put,36,2023-08-18,56,0.81,0.93,1.04,0.9,2313,811,2.85,41.63%,-0.220563,2023-06-22
QQQ,366.17,Call,363,2023-06-27,4,4.57,4.65,4.72,4.23,2913,1021,2.85,17.34%,0.696775,2023-06-22
SPY,436.51,Call,437,2023-07-21,28,5.97,5.98,5.99,5.99,9701,3440,2.82,11.67%,0.526463,2023-06-22
KRE,40.16,Put,40,2023-06-23,0,0.06,0.22,0.37,0.29,3219,1153,2.79,43.96%,-0.425425,2023-06-22
SPY,436.51,Call,437,2023-07-03,10,2.79,2.8,2.81,2.82,1539,554,2.78,9.81%,0.499982,2023-06-22
XLE,77.92,Put,90,2023-07-21,28,11.65,12.1,12.55,12,5650,2041,2.77,42.87%,-0.875787,2023-06-22
SPY,436.51,Put,436,2023-07-03,10,2.43,2.44,2.45,2.44,1478,537,2.75,9.93%,-0.450404,2023-06-22
QQQ,366.17,Call,364,2023-06-29,6,4.75,4.78,4.8,4.78,1273,468,2.72,18.34%,0.61634,2023-06-22
QQQ,366.17,Call,374,2023-06-27,4,0.37,0.38,0.39,0.38,2013,740,2.72,16.75%,0.120969,2023-06-22
DIA,339.34,Put,338,2023-07-14,21,2.48,2.55,2.62,2.52,638,237,2.69,10.43%,-0.410178,2023-06-22
TLT,102.31,Put,104,2023-07-07,14,2.15,2.19,2.23,2.07,1045,388,2.69,15.07%,-0.700349,2023-06-22
SPY,436.51,Call,438,2023-06-28,5,1.44,1.44,1.45,1.45,7316,2732,2.68,9.91%,0.403142,2023-06-22
SPY,436.51,Put,430,2023-06-26,3,0.12,0.13,0.13,0.13,13493,5030,2.68,11.26%,-0.066325,2023-06-22
SQQQ,19.42,Call,18,2023-07-28,35,2.03,2.13,2.23,2.18,1107,420,2.64,57.07%,0.702949,2023-06-22
QQQ,366.17,Put,355,2023-06-29,6,0.45,0.46,0.46,0.46,2141,812,2.64,19.74%,-0.103161,2023-06-22
IWM,183.33,Put,220,2023-12-15,175,36.61,36.83,37.04,36.81,2657,1010,2.63,21.98%,-0.940006,2023-06-22
SPY,436.51,Call,434,2023-06-30,7,4.3,4.33,4.36,4.35,11772,4483,2.63,11.30%,0.662943,2023-06-22
KOLD,60.05,Call,130,2023-06-30,7,0,0.05,0.1,0.15,1000,383,2.61,253.25%,0.021497,2023-06-22
QQQ,366.17,Put,352.5,2023-07-21,28,2.43,2.44,2.45,2.44,2030,779,2.61,19.34%,-0.213929,2023-06-22
QQQ,366.17,Put,360,2023-06-28,5,0.86,0.87,0.88,0.87,3948,1512,2.61,18.03%,-0.199932,2023-06-22
HYG,74.32,Call,76,2023-09-15,84,0.16,0.22,0.28,0.22,20514,7881,2.6,5.61%,0.199369,2023-06-22
QQQ,366.17,Call,364,2023-06-28,5,4.29,4.34,4.39,4.33,2011,788,2.55,17.50%,0.6295,2023-06-22
IWM,183.33,Put,163,2023-09-15,84,1.43,1.44,1.46,1.44,5508,2174,2.53,24.29%,-0.128549,2023-06-22
EEM,39.75,Put,55,2023-12-15,175,15,15.35,15.7,15.28,43001,17001,2.53,33.13%,-0.957404,2023-06-22
QQQ,366.17,Put,360,2023-06-23,0,0.12,0.13,0.13,0.13,45878,18185,2.52,22.29%,-0.069114,2023-06-22
TBT,29.72,Put,22,2023-12-15,175,0.28,0.32,0.35,0.3,500,200,2.5,35.97%,-0.080643,2023-06-22
QQQ,366.17,Call,367,2023-06-28,5,2.65,2.68,2.71,2.61,1731,696,2.49,17.37%,0.47171,2023-06-22
SPY,436.51,Call,425,2023-11-17,147,28.52,28.73,28.93,28.67,1418,572,2.48,16.99%,0.668685,2023-06-22
QQQ,366.17,Call,371,2023-06-26,3,0.53,0.54,0.54,0.54,2370,955,2.48,15.79%,0.188745,2023-06-22
QQQ,366.17,Call,367,2023-06-30,7,3.47,3.49,3.51,3.49,8889,3587,2.48,18.48%,0.483219,2023-06-22
TLT,102.31,Call,103,2023-07-14,21,1.09,1.11,1.13,1.18,523,212,2.47,13.99%,0.441376,2023-06-22
IWM,183.33,Call,183,2023-07-28,35,4.59,4.65,4.7,4.65,530,215,2.47,18.38%,0.54782,2023-06-22
SPY,436.51,Call,439,2023-06-26,3,0.56,0.57,0.57,0.56,9277,3758,2.47,9.12%,0.258459,2023-06-22
XLE,77.92,Put,77.5,2023-06-23,0,0.12,0.21,0.3,0.2,917,375,2.45,23.20%,-0.323991,2023-06-22
EFA,72.08,Call,72.5,2023-06-30,7,0.3,0.35,0.39,0.35,1920,785,2.45,12.97%,0.388429,2023-06-22
SPY,436.51,Put,433,2023-06-28,5,0.79,0.8,0.8,0.81,4755,1939,2.45,10.65%,-0.245432,2023-06-22
GLD,177.71,Call,179,2023-06-30,7,0.76,0.78,0.8,0.76,1709,700,2.44,12.58%,0.362954,2023-06-22
KRE,40.16,Put,39,2023-07-07,14,0.57,0.67,0.76,0.66,581,239,2.43,37.45%,-0.328153,2023-06-22
HYG,74.32,Put,75,2023-10-20,119,1.64,1.77,1.9,1.9,2328,957,2.43,9.12%,-0.554068,2023-06-22
SPY,436.51,Put,435,2023-06-28,5,1.41,1.42,1.42,1.42,9570,3971,2.41,10.65%,-0.375634,2023-06-22
SPY,436.51,Call,433,2023-07-14,21,7.44,7.56,7.68,7.4,4711,1978,2.38,12.16%,0.641227,2023-06-22
SLV,20.53,Call,20.5,2023-06-23,0,0.14,0.15,0.15,0.15,515,217,2.37,31.27%,0.54245,2023-06-22
QQQ,366.17,Call,361,2023-06-23,0,5.4,5.48,5.55,5.49,5785,2443,2.37,23.86%,0.877568,2023-06-22
SPY,436.51,Call,432,2023-07-28,35,10.47,10.6,10.73,10.31,1182,500,2.36,13.42%,0.638488,2023-06-22
SPY,436.51,Put,432,2023-06-28,5,0.58,0.59,0.59,0.58,5374,2287,2.35,10.69%,-0.191685,2023-06-22
QQQ,366.17,Put,365,2023-07-14,21,5.04,5.06,5.08,5.05,1978,849,2.33,17.14%,-0.442439,2023-06-22
GDX,29.85,Call,31,2023-06-30,7,0.11,0.12,0.13,0.13,2623,1125,2.33,30.14%,0.192548,2023-06-22
XLF,32.88,Call,34,2023-08-18,56,0.4,0.41,0.42,0.4,17759,7649,2.32,15.15%,0.323794,2023-06-22
IWM,183.33,Put,183,2023-07-14,21,2.75,2.76,2.78,2.72,513,222,2.31,17.61%,-0.460052,2023-06-22
QQQ,366.17,Call,401,2023-08-18,56,1.32,1.33,1.34,1.25,1035,450,2.3,17.25%,0.113662,2023-06-22
SMH,150.08,Put,125,2023-11-17,147,2.45,2.5,2.54,2.5,904,395,2.29,32.36%,-0.14441,2023-06-22
QQQ,366.17,Put,364,2023-06-28,5,1.88,1.9,1.91,1.89,2195,959,2.29,17.15%,-0.370062,2023-06-22
QQQ,366.17,Put,350,2023-11-17,147,10.53,10.57,10.6,10.55,2286,998,2.29,21.80%,-0.308737,2023-06-22
GLD,177.71,Put,187,2023-06-30,7,9.2,9.3,9.4,9.25,2753,1203,2.29,25.28%,-0.933238,2023-06-22
SPY,436.51,Put,430,2023-06-29,6,0.43,0.44,0.44,0.44,23505,10355,2.27,11.20%,-0.137626,2023-06-22
QQQ,366.17,Put,350,2023-06-28,5,0.13,0.14,0.14,0.14,1016,451,2.25,22.01%,-0.036863,2023-06-22
SPY,436.51,Put,428,2023-06-29,6,0.27,0.28,0.28,0.28,3859,1714,2.25,11.86%,-0.090408,2023-06-22
USO,62.52,Put,63,2023-06-23,0,0.7,0.75,0.8,0.75,1173,526,2.23,36.66%,-0.650661,2023-06-22
QQQ,366.17,Put,352,2023-07-07,14,0.97,0.98,0.99,0.97,1398,626,2.23,19.39%,-0.135819,2023-06-22
TQQQ,40.14,Call,40,2023-06-30,7,1.29,1.3,1.31,1.29,9609,4317,2.23,54.29%,0.53798,2023-06-22
QQQ,366.17,Put,359,2023-06-23,0,0.09,0.1,0.1,0.1,10211,4605,2.22,23.69%,-0.052426,2023-06-22
DIA,339.34,Call,343,2023-07-21,28,2.52,2.57,2.61,2.44,574,260,2.21,10.12%,0.388962,2023-06-22
SPY,436.51,Put,435,2023-07-03,10,2.02,2.03,2.04,2.04,3376,1530,2.21,10.04%,-0.395993,2023-06-22
XLE,77.92,Call,82,2023-08-18,56,1.27,1.38,1.49,1.41,983,448,2.19,23.90%,0.313898,2023-06-22
EWZ,32.78,Call,32.5,2023-07-14,21,1.01,1.04,1.06,1.04,1004,459,2.19,29.57%,0.553108,2023-06-22
SPY,436.51,Put,428,2023-06-28,5,0.18,0.19,0.19,0.19,1261,575,2.19,11.77%,-0.070902,2023-06-22
LIT,64.01,Put,60,2023-07-21,28,0.25,0.28,0.3,0.3,525,241,2.18,23.23%,-0.139356,2023-06-22
QQQ,366.17,Put,365,2023-07-03,10,3.15,3.17,3.19,3.17,1116,512,2.18,16.17%,-0.432927,2023-06-22
GLD,177.71,Put,191,2023-07-21,28,13.2,13.3,13.4,13.25,5450,2502,2.18,19.76%,-0.931643,2023-06-22
EWZ,32.78,Call,36,2024-01-19,210,1.41,1.56,1.71,1.51,628,289,2.17,29.50%,0.345265,2023-06-22
SQQQ,19.42,Put,18.5,2023-06-30,7,0.2,0.22,0.24,0.21,1271,586,2.17,53.10%,-0.240508,2023-06-22
SPY,436.51,Call,435,2023-07-07,14,4.88,4.9,4.91,4.83,7545,3475,2.17,11.01%,0.593091,2023-06-22
EWZ,32.78,Call,34,2023-06-30,7,0.13,0.15,0.16,0.13,41660,19167,2.17,29.10%,0.183821,2023-06-22
SPXU,11.11,Call,10,2023-07-21,28,1.13,1.19,1.24,1.19,2506,1158,2.16,32.82%,0.88998,2023-06-22
GDX,29.85,Put,27,2024-03-15,266,1.53,1.61,1.68,1.68,5000,2319,2.16,32.91%,-0.281263,2023-06-22
QQQ,366.17,Call,371,2023-06-23,0,0.15,0.16,0.16,0.16,6408,2992,2.14,18.99%,0.0949,2023-06-22
QQQ,366.17,Call,369,2023-06-23,0,0.45,0.46,0.46,0.44,10609,4962,2.14,18.88%,0.221383,2023-06-22
IWM,183.33,Put,178,2023-07-07,14,0.75,0.76,0.77,0.75,1534,720,2.13,18.80%,-0.196792,2023-06-22
QQQ,366.17,Put,361,2023-06-28,5,1.05,1.06,1.07,1.07,1778,834,2.13,17.84%,-0.236565,2023-06-22
XLI,104.07,Put,98,2023-07-21,28,0,1.35,2.69,0.28,2517,1182,2.13,18.56%,-0.106883,2023-06-22
QQQ,366.17,Put,352,2023-06-27,4,0.11,0.11,0.12,0.13,516,244,2.11,21.23%,-0.035355,2023-06-22
SPY,436.51,Call,437,2023-06-27,4,1.57,1.58,1.59,1.58,6417,3047,2.11,9.51%,0.472944,2023-06-22
IWM,183.33,Put,182,2023-06-23,0,0.27,0.28,0.29,0.27,9281,4406,2.11,20.10%,-0.238647,2023-06-22
YINN,35.5,Put,34.5,2023-06-23,0,0.25,0.3,0.35,0.33,607,289,2.1,99.76%,-0.281344,2023-06-22
IWM,183.33,Put,184,2023-06-26,3,1.47,1.49,1.51,1.46,896,427,2.1,17.34%,-0.583549,2023-06-22
GLD,177.71,Put,190,2023-07-21,28,12.2,12.3,12.4,12.25,2550,1214,2.1,18.69%,-0.928206,2023-06-22
QQQ,366.17,Call,376,2023-07-21,28,3.51,3.52,3.53,3.48,2796,1332,2.1,17.04%,0.320959,2023-06-22
QQQ,366.17,Call,374,2023-06-29,6,0.84,0.85,0.86,0.78,615,294,2.09,17.75%,0.18784,2023-06-22
SPY,436.51,Call,436,2023-07-14,21,5.52,5.54,5.55,5.5,3441,1644,2.09,11.50%,0.552101,2023-06-22
SQQQ,19.42,Call,20.5,2023-07-21,28,0.76,0.78,0.79,0.79,665,320,2.08,56.27%,0.399506,2023-06-22
IWM,183.33,Put,182.5,2023-06-23,0,0.41,0.42,0.43,0.43,8954,4370,2.05,20.60%,-0.331021,2023-06-22
TQQQ,40.14,Call,44,2023-07-21,28,0.89,0.92,0.95,0.87,2249,1102,2.04,50.03%,0.284679,2023-06-22
QQQ,366.17,Put,364,2023-07-28,35,6.72,6.76,6.79,6.92,514,253,2.03,18.68%,-0.425368,2023-06-22
XLE,77.92,Put,72,2023-08-18,56,0.9,0.96,1.01,0.98,1066,524,2.03,26.66%,-0.203895,2023-06-22
SPY,436.51,Call,435,2023-07-14,21,6.15,6.17,6.18,6.25,3962,1952,2.03,11.68%,0.583656,2023-06-22
TLT,102.31,Put,102,2023-06-30,7,0.59,0.61,0.62,0.6,9099,4478,2.03,13.50%,-0.424436,2023-06-22
VXX,26.15,Call,27,2023-06-23,0,0.07,0.1,0.12,0.1,6402,3165,2.02,69.61%,0.194187,2023-06-22
IWM,183.33,Call,182,2023-06-23,0,1.43,1.51,1.58,1.55,4169,2075,2.01,17.75%,0.789506,2023-06-22
SPY,436.51,Call,438,2023-06-27,4,1.16,1.17,1.17,1.18,4942,2460,2.01,9.56%,0.383625,2023-06-22
QQQ,366.17,Call,361,2023-06-28,5,6.43,6.51,6.58,6.39,840,420,2,18.20%,0.760209,2023-06-22
SPY,436.51,Call,439,2023-06-28,5,1.08,1.09,1.09,1.1,7371,3682,2,9.89%,0.328973,2023-06-22
USO,62.52,Call,63.5,2023-06-23,0,0.11,0.14,0.17,0.15,526,264,1.99,37.51%,0.217329,2023-06-22
SPY,436.51,Put,437,2023-07-03,10,2.89,2.91,2.92,2.92,1373,690,1.99,9.92%,-0.506924,2023-06-22
SPY,436.51,Call,441,2023-06-26,3,0.21,0.22,0.22,0.22,5006,2512,1.99,9.34%,0.121142,2023-06-22
QQQ,366.17,Put,338,2023-07-07,14,0.24,0.25,0.25,0.25,559,283,1.98,23.56%,-0.036533,2023-06-22
SPXL,86.28,Call,86,2023-06-23,0,0.7,0.77,0.85,0.8,724,365,1.98,36.09%,0.575078,2023-06-22
SLV,20.53,Call,19.5,2023-07-21,28,1.25,1.27,1.28,1.28,902,455,1.98,25.48%,0.793889,2023-06-22
BITI,18.85,Call,22,2023-07-21,28,0.35,0.45,0.55,0.65,515,262,1.97,67.58%,0.237492,2023-06-22
SPY,436.51,Put,439,2023-06-22,0,2.62,2.68,2.73,2.58,2471,1253,1.97,11.03%,-0.838796,2023-06-22
SOXL,23.1,Call,23,2023-06-23,0,0.42,0.44,0.45,0.42,3078,1562,1.97,76.67%,0.552489,2023-06-22
GDXJ,35.21,Call,36,2023-07-21,28,0.89,0.91,0.92,0.92,848,433,1.96,31.17%,0.431117,2023-06-22
QQQ,366.17,Call,367,2023-06-27,4,2.22,2.24,2.25,2.19,4092,2087,1.96,16.64%,0.462932,2023-06-22
ARKK,42.67,Call,43.5,2023-06-30,7,0.54,0.55,0.57,0.57,848,436,1.94,38.26%,0.374959,2023-06-22
QQQ,366.17,Call,372,2023-06-26,3,0.37,0.38,0.38,0.38,1227,634,1.94,15.81%,0.142425,2023-06-22
GLD,177.71,Call,182.5,2023-07-21,28,0.9,0.92,0.94,1,623,322,1.93,12.26%,0.257427,2023-06-22
QQQ,366.17,Call,366,2023-07-14,21,6.8,6.83,6.86,6.73,647,335,1.93,17.89%,0.536726,2023-06-22
QQQ,366.17,Put,366,2023-06-26,3,1.91,1.92,1.94,1.91,1584,819,1.93,15.49%,-0.475939,2023-06-22
QQQ,366.17,Call,362,2023-06-26,3,4.92,5.03,5.13,4.93,2308,1198,1.93,16.09%,0.79329,2023-06-22
QQQ,366.17,Call,368,2023-06-28,5,2.2,2.22,2.24,2.22,2346,1217,1.93,17.23%,0.418153,2023-06-22
IWM,183.33,Call,185,2023-06-26,3,0.43,0.44,0.44,0.42,3132,1626,1.93,15.78%,0.272226,2023-06-22
SPY,436.51,Call,438,2023-06-29,6,1.74,1.75,1.76,1.76,3266,1700,1.92,10.39%,0.418978,2023-06-22
SPY,436.51,Put,433,2023-07-21,28,3.56,3.57,3.58,3.56,4487,2331,1.92,11.56%,-0.368335,2023-06-22
VXX,26.15,Call,26,2023-06-30,7,0.78,0.86,0.94,0.84,895,471,1.9,52.04%,0.551488,2023-06-22
TLT,102.31,Call,103,2023-06-30,7,0.56,0.58,0.6,0.58,11179,5887,1.9,15.26%,0.386679,2023-06-22
QQQ,366.17,Call,372,2023-06-28,5,0.95,0.97,0.98,0.98,837,442,1.89,17.30%,0.229705,2023-06-22
QQQ,366.17,Call,377,2023-07-21,28,3.19,3.21,3.22,3.17,17586,9319,1.89,16.98%,0.300373,2023-06-22
VXX,26.15,Call,26,2023-06-23,0,0.28,0.3,0.32,0.29,1195,635,1.88,37.76%,0.621736,2023-06-22
SPY,436.51,Call,439,2023-07-28,35,5.97,5.98,6,5.97,1512,804,1.88,11.91%,0.483851,2023-06-22
QQQ,366.17,Put,366,2023-06-29,6,2.99,3.02,3.04,3.07,616,329,1.87,17.17%,-0.476916,2023-06-22
IWM,183.33,Call,182.5,2023-06-23,0,1.14,1.15,1.17,1.11,2134,1144,1.87,17.00%,0.701648,2023-06-22
SPY,436.51,Put,437,2023-06-29,6,2.49,2.5,2.51,2.49,3217,1716,1.87,10.54%,-0.517865,2023-06-22
DIA,339.34,Call,339,2023-06-23,0,0.85,0.92,0.99,0.96,1038,559,1.86,10.83%,0.577853,2023-06-22
IWM,183.33,Put,182,2023-06-30,7,1.24,1.25,1.26,1.25,9977,5367,1.86,18.67%,-0.375698,2023-06-22
QQQ,366.17,Call,376,2023-06-28,5,0.37,0.38,0.39,0.37,559,304,1.84,17.45%,0.10442,2023-06-22
QQQ,366.17,Put,359,2023-06-27,4,0.47,0.48,0.49,0.49,779,424,1.84,17.96%,-0.138913,2023-06-22
SPY,436.51,Call,433,2023-07-07,14,6.18,6.24,6.3,6.16,4620,2527,1.83,11.32%,0.669098,2023-06-22
SPY,436.51,Call,440,2023-06-23,0,0.11,0.11,0.12,0.12,72364,39533,1.83,11.62%,0.09695,2023-06-22
SPY,436.51,Call,429,2023-06-23,0,7.17,7.4,7.62,7.6,558,309,1.81,17.95%,0.969608,2023-06-22
QQQ,366.17,Call,375,2023-06-29,6,0.69,0.7,0.7,0.69,1361,751,1.81,17.81%,0.158705,2023-06-22
QQQ,366.17,Put,360,2023-06-26,3,0.36,0.37,0.38,0.38,6871,3788,1.81,17.21%,-0.131613,2023-06-22
IYR,83.3,Put,79,2023-07-21,28,0.35,0.38,0.41,0.38,10018,5536,1.81,19.92%,-0.154628,2023-06-22
SPY,436.51,Call,436,2023-07-07,14,4.27,4.28,4.29,4.3,5544,3087,1.8,10.85%,0.551943,2023-06-22
GDX,29.85,Call,32.5,2023-07-21,28,0.17,0.18,0.19,0.18,1669,936,1.78,28.09%,0.153865,2023-06-22
QQQ,366.17,Call,360,2023-06-26,3,6.65,6.73,6.81,6.65,1140,645,1.77,16.75%,0.875072,2023-06-22
SPY,436.51,Call,445,2023-07-03,10,0.43,0.44,0.44,0.43,677,384,1.76,9.57%,0.12591,2023-06-22
DIA,339.34,Call,340,2023-06-23,0,0.44,0.48,0.51,0.5,1459,828,1.76,11.00%,0.373786,2023-06-22
SPY,436.51,Call,439,2023-06-27,4,0.83,0.84,0.84,0.84,3631,2076,1.75,9.63%,0.301661,2023-06-22
QQQ,366.17,Call,367,2023-07-14,21,6.25,6.28,6.31,6.17,558,320,1.74,17.76%,0.511376,2023-06-22
QQQ,366.17,Put,355,2023-06-28,5,0.31,0.32,0.33,0.32,862,498,1.73,19.60%,-0.082767,2023-06-22
IWM,183.33,Put,182,2023-06-28,5,0.93,0.94,0.95,0.94,729,424,1.72,18.11%,-0.354274,2023-06-22
QQQ,366.17,Put,362,2023-06-28,5,1.28,1.29,1.3,1.3,1701,990,1.72,17.60%,-0.276839,2023-06-22
IWM,183.33,Put,183,2023-06-23,0,0.61,0.62,0.63,0.64,8132,4760,1.71,20.56%,-0.427959,2023-06-22
TBT,29.72,Call,30,2023-06-30,7,0.34,0.36,0.38,0.36,633,372,1.7,29.03%,0.422081,2023-06-22
QQQ,366.17,Put,362.5,2023-07-21,28,4.94,4.96,4.98,4.97,1161,682,1.7,17.65%,-0.387771,2023-06-22
DIA,339.34,Call,345,2023-06-30,7,0.31,0.35,0.38,0.34,2294,1346,1.7,10.46%,0.137248,2023-06-22
USO,62.52,Put,56,2023-07-21,28,0.47,0.51,0.54,0.47,1010,599,1.69,38.74%,-0.13287,2023-06-22
IWM,183.33,Call,183,2023-07-07,14,2.75,2.77,2.79,2.72,1157,683,1.69,17.27%,0.543845,2023-06-22
IWM,183.33,Put,180,2023-06-26,3,0.18,0.19,0.19,0.18,1556,923,1.69,17.77%,-0.122484,2023-06-22
SPY,436.51,Put,431,2023-07-21,28,3.03,3.04,3.05,2.98,3381,2006,1.69,11.99%,-0.320148,2023-06-22
SPY,436.51,Put,433,2023-06-30,7,1.17,1.17,1.18,1.18,15610,9219,1.69,11.05%,-0.282875,2023-06-22
SMH,150.08,Put,150,2023-09-15,84,6.95,7.03,7.1,7.11,947,565,1.68,26.56%,-0.454177,2023-06-22
KRE,40.16,Put,65,2024-06-21,364,22.5,25,27.5,24.8,2500,1489,1.68,62.13%,-0.684178,2023-06-22
KWEB,27.51,Call,38,2025-01-17,574,2.52,2.72,2.92,2.74,738,443,1.67,37.09%,0.387899,2023-06-22
SPY,436.51,Call,433,2023-07-21,28,8.63,8.64,8.65,8.65,4873,2914,1.67,12.53%,0.628827,2023-06-22
SPY,436.51,Put,436,2023-07-07,14,3.06,3.07,3.08,3.09,3054,1843,1.66,10.46%,-0.453162,2023-06-22
IYR,83.3,Put,77,2023-07-21,28,0.2,0.23,0.25,0.26,3849,2323,1.66,22.29%,-0.091662,2023-06-22
KRE,40.16,Put,41,2023-06-30,7,1.15,1.52,1.88,1.45,2640,1600,1.65,43.79%,-0.620331,2023-06-22
HYG,74.32,Call,76,2023-11-17,147,0.35,0.44,0.53,0.43,1216,740,1.64,5.70%,0.266324,2023-06-22
QQQ,366.17,Put,364,2023-06-30,7,2.48,2.5,2.51,2.57,5576,3431,1.63,17.79%,-0.389031,2023-06-22
SPY,436.51,Put,438,2023-07-07,14,3.99,4,4.01,4.04,5212,3263,1.6,10.21%,-0.545768,2023-06-22
QQQ,366.17,Put,345,2023-10-20,119,7.75,7.77,7.79,7.8,8984,5613,1.6,22.12%,-0.263304,2023-06-22
XBI,86.59,Put,87,2023-07-21,28,2.55,2.57,2.58,2.58,1336,840,1.59,26.30%,-0.49653,2023-06-22
SPY,436.51,Put,410,2023-07-14,21,0.39,0.4,0.4,0.41,12751,8113,1.57,16.82%,-0.052483,2023-06-22
BOIL,3.26,Put,6,2025-01-17,574,3.6,3.7,3.8,3.6,1000,642,1.56,107.27%,-0.42979,2023-06-22
SOXL,23.1,Call,23.5,2023-06-30,7,0.79,0.82,0.84,0.78,1135,726,1.56,77.23%,0.460613,2023-06-22
QQQ,366.17,Put,360,2023-06-29,6,1.08,1.1,1.11,1.15,1172,750,1.56,18.18%,-0.221079,2023-06-22
SOXL,23.1,Call,23,2023-06-30,7,1.03,1.06,1.09,1.02,1606,1032,1.56,78.51%,0.54074,2023-06-22
SPY,436.51,Put,450,2023-10-20,119,17.18,17.32,17.46,17.2,2300,1471,1.56,11.79%,-0.657433,2023-06-22
QQQ,366.17,Call,362,2023-06-29,6,6.09,6.18,6.26,5.3,715,463,1.54,18.91%,0.696667,2023-06-22
SPY,436.51,Call,441,2023-07-21,28,3.81,3.82,3.83,3.83,3886,2536,1.53,10.96%,0.408602,2023-06-22
QQQ,366.17,Call,362,2023-06-27,4,5.3,5.39,5.48,5.45,830,547,1.52,18.06%,0.739319,2023-06-22
QQQ,366.17,Call,369,2023-06-29,6,2.19,2.21,2.22,2.21,753,500,1.51,17.74%,0.384097,2023-06-22
QQQ,366.17,Put,359,2023-06-26,3,0.27,0.28,0.29,0.3,1256,836,1.5,17.50%,-0.100982,2023-06-22
IWM,183.33,Call,190,2023-07-14,21,0.87,0.88,0.89,0.88,2549,1701,1.5,17.06%,0.210971,2023-06-22
IWM,183.33,Put,183,2023-06-30,7,1.65,1.66,1.67,1.69,8898,5934,1.5,18.51%,-0.458471,2023-06-22
DIA,339.34,Call,340,2023-06-30,7,1.75,1.8,1.85,1.82,1838,1233,1.49,10.86%,0.467699,2023-06-22
QQQ,366.17,Put,367,2023-06-22,0,0.58,0.81,1.04,0.78,2466,1659,1.49,7.30%,-0.719539,2023-06-22
QQQ,366.17,Call,370,2023-06-23,0,0.26,0.27,0.28,0.26,15625,10477,1.49,18.55%,0.144135,2023-06-22
XLK,170.5,Call,170,2023-08-18,56,5.65,6.03,6.4,5.78,515,347,1.48,18.55%,0.566893,2023-06-22
SPY,436.51,Call,431,2023-06-23,0,5.16,5.45,5.74,5.67,827,558,1.48,16.74%,0.930033,2023-06-22
USO,62.52,Call,60,2023-06-23,0,2.4,2.58,2.75,2.59,904,612,1.48,55.79%,0.924857,2023-06-22
QQQ,366.17,Call,375,2023-10-20,119,14.52,14.56,14.59,14.16,3532,2394,1.48,19.20%,0.490572,2023-06-22
DPST,51.95,Put,5,2023-06-30,7,0.15,0.22,0.3,0.25,11778,7956,1.48,935.90%,-0.007048,2023-06-22
QQQ,366.17,Put,360,2023-07-05,12,1.89,1.92,1.94,1.92,548,373,1.47,17.08%,-0.272499,2023-06-22
QQQ,366.17,Put,357,2023-07-07,14,1.68,1.69,1.71,1.73,1770,1203,1.47,18.30%,-0.221366,2023-06-22
QQQ,366.17,Put,348,2023-07-07,14,0.63,0.64,0.65,0.66,1843,1252,1.47,20.49%,-0.092096,2023-06-22
IWM,183.33,Put,183,2023-07-07,14,2.21,2.22,2.23,2.22,2125,1441,1.47,17.38%,-0.459645,2023-06-22
IWM,183.33,Put,157,2023-09-15,84,1,1.02,1.03,1.01,2222,1508,1.47,26.47%,-0.089091,2023-06-22
QQQ,366.17,Put,358,2023-06-26,3,0.21,0.22,0.22,0.22,2657,1806,1.47,18.10%,-0.080203,2023-06-22
KRE,40.16,Put,38,2023-09-15,84,1.71,1.83,1.94,1.83,2589,1778,1.46,38.17%,-0.338121,2023-06-22
SPY,436.51,Put,445,2023-10-20,119,14.79,14.82,14.85,14.69,3549,2423,1.46,12.60%,-0.565035,2023-06-22
SPY,436.51,Put,436,2023-07-21,28,4.55,4.56,4.57,4.57,7699,5273,1.46,11.02%,-0.453024,2023-06-22
DPST,51.95,Put,50,2023-06-30,7,2.35,2.5,2.65,2.65,637,440,1.45,126.47%,-0.37828,2023-06-22
XOP,122.72,Call,125,2023-07-21,28,2.97,3.04,3.1,3.02,1537,1060,1.45,29.11%,0.43237,2023-06-22
GLD,177.71,Put,175,2023-07-07,14,0.61,0.63,0.64,0.62,1626,1122,1.45,12.53%,-0.239946,2023-06-22
QQQ,366.17,Put,357,2023-07-14,21,2.58,2.59,2.6,2.78,2053,1416,1.45,18.47%,-0.259675,2023-06-22
SPY,436.51,Put,437,2023-06-27,4,2.07,2.09,2.1,2.07,3502,2421,1.45,10.39%,-0.52843,2023-06-22
UVIX,4.97,Call,5.5,2023-06-30,7,0.1,0.18,0.25,0.15,531,368,1.44,121.96%,0.305098,2023-06-22
QQQ,366.17,Call,372,2023-06-27,4,0.66,0.67,0.67,0.66,2804,1960,1.43,16.53%,0.190587,2023-06-22
SPY,436.51,Put,433,2023-06-27,4,0.6,0.61,0.61,0.61,5226,3670,1.42,10.52%,-0.220375,2023-06-22
GLD,177.71,Put,188,2023-06-30,7,10.2,10.3,10.4,10.2,720,512,1.41,27.27%,-0.937503,2023-06-22
SPY,436.51,Put,420,2023-07-28,35,1.91,1.92,1.93,1.93,10853,7766,1.4,14.82%,-0.175778,2023-06-22
SPY,436.51,Call,443,2023-07-03,10,0.74,0.75,0.75,0.76,751,540,1.39,9.60%,0.195211,2023-06-22
IWM,183.33,Put,184,2023-06-28,5,1.85,1.87,1.89,1.81,871,628,1.39,18.15%,-0.557364,2023-06-22
SOXL,23.1,Call,26,2023-06-30,7,0.18,0.2,0.21,0.18,1828,1312,1.39,77.16%,0.147968,2023-06-22
GDX,29.85,Put,29.5,2023-06-30,7,0.3,0.32,0.33,0.31,1857,1345,1.38,28.77%,-0.370444,2023-06-22
QQQ,366.17,Put,361,2023-07-14,21,3.61,3.63,3.65,3.65,1127,820,1.37,17.82%,-0.343251,2023-06-22
SLV,20.53,Put,20,2023-07-14,21,0.24,0.25,0.25,0.23,1538,1120,1.37,24.84%,-0.305197,2023-06-22
QQQ,366.17,Put,367,2023-06-23,0,1.79,1.8,1.81,1.82,5750,4189,1.37,18.00%,-0.590145,2023-06-22
USO,62.52,Call,62.5,2023-06-23,0,0.44,0.47,0.5,0.48,590,434,1.36,35.93%,0.513496,2023-06-22
SPY,436.51,Put,439,2023-07-21,28,5.83,5.85,5.86,5.84,995,730,1.36,10.47%,-0.550349,2023-06-22
VXX,26.15,Call,27.5,2023-06-30,7,0.41,0.45,0.49,0.42,1171,862,1.36,63.27%,0.301654,2023-06-22
SPY,436.51,Call,443,2023-07-21,28,2.95,2.96,2.97,2.95,3952,2905,1.36,10.64%,0.347323,2023-06-22
SPY,436.51,Put,435,2023-07-07,14,2.67,2.68,2.69,2.67,6575,4821,1.36,10.57%,-0.409163,2023-06-22
TQQQ,40.14,Put,39,2023-06-23,0,0.12,0.13,0.14,0.13,14443,10620,1.36,62.27%,-0.181382,2023-06-22
SOXL,23.1,Put,23,2023-06-30,7,0.89,0.91,0.93,0.95,2160,1597,1.35,76.07%,-0.459897,2023-06-22
KRE,40.16,Put,39,2023-06-30,7,0.35,0.52,0.69,0.5,4001,2984,1.34,44.67%,-0.305043,2023-06-22
SPY,436.51,Call,440,2023-06-27,4,0.58,0.59,0.59,0.6,4560,3398,1.34,9.67%,0.229016,2023-06-22
SPY,436.51,Put,432,2023-06-30,7,0.93,0.94,0.94,0.94,18825,14085,1.34,11.17%,-0.236247,2023-06-22
QQQ,366.17,Call,373,2023-06-26,3,0.26,0.27,0.28,0.28,921,692,1.33,16.13%,0.109106,2023-06-22
QQQ,366.17,Call,364,2023-07-07,14,6.58,6.62,6.66,6.51,1629,1223,1.33,17.90%,0.593295,2023-06-22
HYG,74.32,Put,71,2023-12-15,175,0.85,1.02,1.19,1.05,1176,889,1.32,11.78%,-0.269756,2023-06-22
SPY,436.51,Put,420,2023-07-14,21,0.84,0.85,0.86,0.85,13496,10255,1.32,14.27%,-0.115198,2023-06-22
GDXJ,35.21,Put,35,2023-07-21,28,1,1.03,1.06,1.04,783,600,1.31,30.78%,-0.442518,2023-06-22
SPY,436.51,Call,436,2023-07-21,28,6.59,6.61,6.62,6.61,10283,7824,1.31,11.87%,0.553857,2023-06-22
IWM,183.33,Call,185,2023-06-28,5,0.79,0.8,0.81,0.83,632,487,1.3,16.93%,0.336096,2023-06-22
SPXS,14.61,Call,14.5,2023-06-30,7,0.31,0.32,0.33,0.33,1006,776,1.3,33.10%,0.580009,2023-06-22
TLT,102.31,Call,102,2023-06-30,7,1.05,1.08,1.1,1.07,1966,1526,1.29,15.65%,0.567378,2023-06-22
SPY,436.51,Put,431,2023-06-28,5,0.42,0.43,0.43,0.44,2568,1998,1.29,10.83%,-0.148166,2023-06-22
DPST,51.95,Put,4.5,2023-06-30,7,0.05,0.1,0.15,0.1,8194,6343,1.29,840.38%,-0.003633,2023-06-22
SPY,436.51,Put,418,2023-08-18,56,3.06,3.07,3.07,3.05,44393,34519,1.29,15.40%,-0.203057,2023-06-22
SPY,436.51,Call,490,2023-11-17,147,1.07,1.09,1.1,1.07,769,599,1.28,10.95%,0.079871,2023-06-22
QQQ,366.17,Put,363,2023-06-30,7,2.14,2.16,2.17,2.2,6538,5115,1.28,17.99%,-0.348101,2023-06-22
GLD,177.71,Call,178,2023-06-30,7,1.2,1.22,1.24,1.25,1073,843,1.27,13.01%,0.489098,2023-06-22
QQQ,366.17,Call,369,2023-06-26,3,1,1.01,1.02,1.02,2051,1630,1.26,15.78%,0.306686,2023-06-22
QQQ,366.17,Put,383,2023-12-15,175,24.92,24.98,25.03,26.12,552,440,1.25,18.78%,-0.588415,2023-06-22
QQQ,366.17,Call,362,2023-06-28,5,5.65,5.76,5.87,5.58,887,710,1.25,18.11%,0.719008,2023-06-22
SPY,436.51,Call,436,2023-07-28,35,7.79,7.81,7.83,7.85,1360,1085,1.25,12.52%,0.555605,2023-06-22
SPY,436.51,Call,438,2023-07-21,28,5.38,5.39,5.4,5.33,14339,11506,1.25,11.46%,0.498049,2023-06-22
TQQQ,40.14,Call,41,2023-06-23,0,0.17,0.18,0.18,0.18,18014,14368,1.25,58.78%,0.249863,2023-06-22
QQQ,366.17,Call,358,2023-06-22,0,8.1,8.3,8.5,8.07,504,406,1.24,25.58%,0.956664,2023-06-22
GDX,29.85,Call,30,2023-08-18,56,1.4,1.42,1.43,1.42,1340,1085,1.24,30.34%,0.524556,2023-06-22
SLV,20.53,Call,21.5,2023-07-07,14,0.11,0.11,0.12,0.11,4072,3282,1.24,25.67%,0.196432,2023-06-22
SPY,436.51,Put,438,2023-06-22,0,1.62,1.69,1.76,1.66,7667,6171,1.24,7.77%,-0.798778,2023-06-22
"Downloaded from Barchart.com as of 06-22-2023 11:29pm CDT"
